date,game_pk,home_team,away_team,predicted_winner,actual_winner,correct,is_final,game_status,home_win_probability,away_win_probability,prediction_confidence,predicted_home_win,actual_home_win,actual_home_score,actual_away_score,model_name,game_start_time,moneyline_bookmaker,current_home_moneyline,current_away_moneyline,current_moneyline_last_update,current_moneyline_captured_at,pregame_home_moneyline,pregame_away_moneyline,pregame_moneyline_last_update,pregame_moneyline_captured_at,simulated_bet_stake,simulated_bet_team,simulated_bet_moneyline,simulated_bet_bookmaker,simulated_bet_placed_at,simulated_bet_status,simulated_bet_profit_loss
2026-04-12,822828,Toronto Blue Jays,Minnesota Twins,Toronto Blue Jays,Minnesota Twins,0,True,Final,0.5331,0.4669,0.5331,1,0,2,8,,,,,,,,,,,,,,,,,,
2026-04-12,822998,Tampa Bay Rays,New York Yankees,New York Yankees,Tampa Bay Rays,0,True,Final,0.4695,0.5305,0.5305,0,1,5,4,,,,,,,,,,,,,,,,,,
2026-04-12,823075,St. Louis Cardinals,Boston Red Sox,St. Louis Cardinals,Boston Red Sox,0,True,Final,0.6141,0.3859,0.6141,1,0,3,9,,,,,,,,,,,,,,,,,,
2026-04-12,823154,Seattle Mariners,Houston Astros,Seattle Mariners,Seattle Mariners,1,True,Final,0.5325,0.4675,0.5325,1,1,6,1,,,,,,,,,,,,,,,,,,
2026-04-12,823317,San Diego Padres,Colorado Rockies,San Diego Padres,San Diego Padres,1,True,Final,0.5369,0.4631,0.5369,1,1,7,2,,,,,,,,,,,,,,,,,,
2026-04-12,823479,Philadelphia Phillies,Arizona Diamondbacks,Philadelphia Phillies,Arizona Diamondbacks,0,True,Final,0.5676,0.4324,0.5676,1,0,3,4,,,,,,,,,,,,,,,,,,
2026-04-12,823642,New York Mets,Athletics,New York Mets,Athletics,0,True,Final,0.5565,0.4435,0.5565,1,0,0,1,,,,,,,,,,,,,,,,,,
2026-04-12,823804,Milwaukee Brewers,Washington Nationals,Milwaukee Brewers,Washington Nationals,0,True,Final,0.5679,0.4321,0.5679,1,0,6,8,,,,,,,,,,,,,,,,,,
2026-04-12,823966,Los Angeles Dodgers,Texas Rangers,Los Angeles Dodgers,Texas Rangers,0,True,Final,0.555,0.445,0.555,1,0,2,5,,,,,,,,,,,,,,,,,,
2026-04-12,824126,Kansas City Royals,Chicago White Sox,Kansas City Royals,Chicago White Sox,0,True,Final,0.5803,0.4197,0.5803,1,0,5,6,,,,,,,,,,,,,,,,,,
2026-04-12,824293,Detroit Tigers,Miami Marlins,Miami Marlins,Detroit Tigers,0,True,Final,0.4915,0.5085,0.5085,0,1,8,2,,,,,,,,,,,,,,,,,,
2026-04-12,824533,Cincinnati Reds,Los Angeles Angels,Los Angeles Angels,Los Angeles Angels,1,True,Final,0.4964,0.5036,0.5036,0,0,6,9,,,,,,,,,,,,,,,,,,
2026-04-12,824696,Chicago Cubs,Pittsburgh Pirates,Pittsburgh Pirates,Chicago Cubs,0,True,Final,0.4883,0.5117,0.5117,0,1,7,6,,,,,,,,,,,,,,,,,,
2026-04-12,824859,Baltimore Orioles,San Francisco Giants,Baltimore Orioles,Baltimore Orioles,1,True,Final,0.5506,0.4494,0.5506,1,1,6,2,,,,,,,,,,,,,,,,,,
2026-04-12,824938,Atlanta Braves,Cleveland Guardians,Atlanta Braves,Atlanta Braves,1,True,Final,0.5209,0.4791,0.5209,1,1,13,1,,,,,,,,,,,,,,,,,,
2026-04-13,823073,St. Louis Cardinals,Cleveland Guardians,St. Louis Cardinals,Cleveland Guardians,0,True,Final,0.52,0.48,0.52,1,0,3,9,,,,,,,,,,,,,,,,,,
2026-04-13,823153,Seattle Mariners,Houston Astros,Seattle Mariners,Seattle Mariners,1,True,Final,0.5275,0.4725,0.5275,1,1,6,2,,,,,,,,,,,,,,,,,,
2026-04-13,823400,Pittsburgh Pirates,Washington Nationals,Pittsburgh Pirates,Pittsburgh Pirates,1,True,Final,0.5412,0.4588,0.5412,1,1,16,5,,,,,,,,,,,,,,,,,,
2026-04-13,823481,Philadelphia Phillies,Chicago Cubs,Philadelphia Phillies,Philadelphia Phillies,1,True,Final,0.5672,0.4328,0.5672,1,1,13,7,,,,,,,,,,,,,,,,,,
2026-04-13,823563,New York Yankees,Los Angeles Angels,New York Yankees,New York Yankees,1,True,Final,0.5749,0.4251,0.5749,1,1,11,10,,,,,,,,,,,,,,,,,,
2026-04-13,823725,Minnesota Twins,Boston Red Sox,Minnesota Twins,Minnesota Twins,1,True,Final,0.5449,0.4551,0.5449,1,1,13,6,,,,,,,,,,,,,,,,,,
2026-04-13,824856,Baltimore Orioles,Arizona Diamondbacks,Baltimore Orioles,Baltimore Orioles,1,True,Final,0.5818,0.4182,0.5818,1,1,9,7,,,,,,,,,,,,,,,,,,
2026-04-13,824937,Atlanta Braves,Miami Marlins,Atlanta Braves,Miami Marlins,0,True,Final,0.5621,0.4379,0.5621,1,0,4,10,,,,,,,,,,,,,,,,,,
2026-04-14,823072,St. Louis Cardinals,Cleveland Guardians,St. Louis Cardinals,St. Louis Cardinals,1,True,Final,0.5188,0.4812,0.5188,1,1,6,5,,,,,,,,,,,,,,,,,,
2026-04-14,823398,Pittsburgh Pirates,Washington Nationals,Pittsburgh Pirates,Washington Nationals,0,True,Final,0.5431,0.4569,0.5431,1,0,4,5,,,,,,,,,,,,,,,,,,
2026-04-14,823478,Philadelphia Phillies,Chicago Cubs,Philadelphia Phillies,Chicago Cubs,0,True,Final,0.5656,0.4344,0.5656,1,0,4,10,,,,,,,,,,,,,,,,,,
2026-04-14,823562,New York Yankees,Los Angeles Angels,New York Yankees,Los Angeles Angels,0,True,Final,0.5352,0.4648,0.5352,1,0,1,7,,,,,,,,,,,,,,,,,,
2026-04-14,823723,Minnesota Twins,Boston Red Sox,Minnesota Twins,Minnesota Twins,1,True,Final,0.5443,0.4557,0.5443,1,1,6,0,,,,,,,,,,,,,,,,,,
2026-04-14,823802,Milwaukee Brewers,Toronto Blue Jays,Milwaukee Brewers,Toronto Blue Jays,0,True,Final,0.5495,0.4505,0.5495,1,0,7,9,,,,,,,,,,,,,,,,,,
2026-04-14,824210,Houston Astros,Colorado Rockies,Houston Astros,Houston Astros,1,True,Final,0.5594,0.4406,0.5594,1,1,7,6,,,,,,,,,,,,,,,,,,
2026-04-14,824292,Detroit Tigers,Kansas City Royals,Detroit Tigers,Detroit Tigers,1,True,Final,0.6008,0.3992,0.6008,1,1,2,1,,,,,,,,,,,,,,,,,,
2026-04-14,824531,Cincinnati Reds,San Francisco Giants,Cincinnati Reds,Cincinnati Reds,1,True,Final,0.5587,0.4413,0.5587,1,1,2,1,,,,,,,,,,,,,,,,,,
2026-04-14,824616,Chicago White Sox,Tampa Bay Rays,Chicago White Sox,Tampa Bay Rays,0,True,Final,0.5088,0.4912,0.5088,1,0,5,8,,,,,,,,,,,,,,,,,,
2026-04-14,824853,Baltimore Orioles,Arizona Diamondbacks,Baltimore Orioles,Arizona Diamondbacks,0,True,Final,0.5928,0.4072,0.5928,1,0,3,4,,,,,,,,,,,,,,,,,,
2026-04-14,824935,Atlanta Braves,Miami Marlins,Atlanta Braves,Atlanta Braves,1,True,Final,0.5621,0.4379,0.5621,1,1,6,5,,,,,,,,,,,,,,,,,,
2026-04-15,823071,St. Louis Cardinals,Cleveland Guardians,Cleveland Guardians,St. Louis Cardinals,0,True,Final,0.4894,0.5106,0.5106,0,1,5,3,,,,,,,,,,,,,,,,,,
2026-04-15,823399,Pittsburgh Pirates,Washington Nationals,Pittsburgh Pirates,Pittsburgh Pirates,1,True,Final,0.5484,0.4516,0.5484,1,1,2,0,,,,,,,,,,,,,,,,,,
2026-04-15,823477,Philadelphia Phillies,Chicago Cubs,Philadelphia Phillies,Chicago Cubs,0,True,Final,0.5721,0.4279,0.5721,1,0,2,11,,,,,,,,,,,,,,,,,,
2026-04-15,823561,New York Yankees,Los Angeles Angels,New York Yankees,New York Yankees,1,True,Final,0.5676,0.4324,0.5676,1,1,5,4,,,,,,,,,,,,,,,,,,
2026-04-15,823722,Minnesota Twins,Boston Red Sox,Minnesota Twins,Boston Red Sox,0,True,Final,0.5513,0.4487,0.5513,1,0,5,9,,,,,,,,,,,,,,,,,,
2026-04-15,823803,Milwaukee Brewers,Toronto Blue Jays,Milwaukee Brewers,Milwaukee Brewers,1,True,Final,0.5616,0.4384,0.5616,1,1,2,1,,,,,,,,,,,,,,,,,,
2026-04-15,824209,Houston Astros,Colorado Rockies,Houston Astros,Houston Astros,1,True,Final,0.55,0.45,0.55,1,1,3,1,,,,,,,,,,,,,,,,,,
2026-04-15,824291,Detroit Tigers,Kansas City Royals,Detroit Tigers,Detroit Tigers,1,True,Final,0.5357,0.4643,0.5357,1,1,2,1,,,,,,,,,,,,,,,,,,
2026-04-15,824532,Cincinnati Reds,San Francisco Giants,Cincinnati Reds,Cincinnati Reds,1,True,Final,0.591,0.409,0.591,1,1,8,3,,,,,,,,,,,,,,,,,,
2026-04-15,824615,Chicago White Sox,Tampa Bay Rays,Chicago White Sox,Tampa Bay Rays,0,True,Final,0.5295,0.4705,0.5295,1,0,3,8,,,,,,,,,,,,,,,,,,
2026-04-15,824855,Baltimore Orioles,Arizona Diamondbacks,Baltimore Orioles,Arizona Diamondbacks,0,True,Final,0.5518,0.4482,0.5518,1,0,5,8,,,,,,,,,,,,,,,,,,
2026-04-15,824936,Atlanta Braves,Miami Marlins,Atlanta Braves,Atlanta Braves,1,True,Final,0.5649,0.4351,0.5649,1,1,6,3,,,,,,,,,,,,,,,,,,
2026-04-16,823313,San Diego Padres,Seattle Mariners,San Diego Padres,San Diego Padres,1,True,Final,0.5305,0.4695,0.5305,1,1,5,2,,,,,,,,,,,,,,,,,,
2026-04-16,823396,Pittsburgh Pirates,Washington Nationals,Pittsburgh Pirates,Washington Nationals,0,True,Final,0.5825,0.4175,0.5825,1,0,7,8,,,,,,,,,,,,,,,,,,
2026-04-16,823560,New York Yankees,Los Angeles Angels,New York Yankees,Los Angeles Angels,0,True,Final,0.5415,0.4585,0.5415,1,0,4,11,,,,,,,,,,,,,,,,,,
2026-04-16,823801,Milwaukee Brewers,Toronto Blue Jays,Milwaukee Brewers,Milwaukee Brewers,1,True,Final,0.5275,0.4725,0.5275,1,1,2,1,,,,,,,,,,,,,,,,,,
2026-04-16,824208,Houston Astros,Colorado Rockies,Houston Astros,Colorado Rockies,0,True,Final,0.5754,0.4246,0.5754,1,0,2,3,,,,,,,,,,,,,,,,,,
2026-04-16,824289,Detroit Tigers,Kansas City Royals,Detroit Tigers,Detroit Tigers,1,True,Final,0.5789,0.4211,0.5789,1,1,10,9,,,,,,,,,,,,,,,,,,
2026-04-16,824453,Cleveland Guardians,Baltimore Orioles,Cleveland Guardians,Cleveland Guardians,1,True,Final,0.6247,0.3753,0.6247,1,1,4,2,,,,,,,,,,,,,,,,,,
2026-04-16,824530,Cincinnati Reds,San Francisco Giants,Cincinnati Reds,San Francisco Giants,0,True,Final,0.5675,0.4325,0.5675,1,0,0,3,,,,,,,,,,,,,,,,,,
2026-04-16,824614,Chicago White Sox,Tampa Bay Rays,Chicago White Sox,Tampa Bay Rays,0,True,Final,0.5067,0.4933,0.5067,1,0,3,5,,,,,,,,,,,,,,,,,,
2026-04-16,825023,Athletics,Texas Rangers,Athletics,Texas Rangers,0,True,Final,0.5298,0.4702,0.5298,1,0,6,9,,,,,,,,,,,,,,,,,,
2026-04-17,822752,Washington Nationals,San Francisco Giants,Washington Nationals,San Francisco Giants,0,True,Final,0.5469,0.4531,0.5469,1,0,5,10,,,,,,,,,,,,,,,,,,
2026-04-17,823397,Pittsburgh Pirates,Tampa Bay Rays,Pittsburgh Pirates,Pittsburgh Pirates,1,True,Final,0.517,0.483,0.517,1,1,5,1,,,,,,,,,,,,,,,,,,
2026-04-17,823476,Philadelphia Phillies,Atlanta Braves,Atlanta Braves,Atlanta Braves,1,True,Final,0.4917,0.5083,0.5083,0,0,0,9,,,,,,,,,,,,,,,,,,
2026-04-17,823559,New York Yankees,Kansas City Royals,New York Yankees,New York Yankees,1,True,Final,0.6243,0.3757,0.6243,1,1,4,2,,,,,,,,,,,,,,,,,,
2026-04-17,823720,Minnesota Twins,Cincinnati Reds,Minnesota Twins,Cincinnati Reds,0,True,Final,0.5492,0.4508,0.5492,1,0,1,2,,,,,,,,,,,,,,,,,,
2026-04-17,823883,Miami Marlins,Milwaukee Brewers,Miami Marlins,Milwaukee Brewers,0,True,Final,0.5651,0.4349,0.5651,1,0,5,7,,,,,,,,,,,,,,,,,,
2026-04-17,824207,Houston Astros,St. Louis Cardinals,Houston Astros,St. Louis Cardinals,0,True,Final,0.5341,0.4659,0.5341,1,0,4,9,,,,,,,,,,,,,,,,,,
2026-04-17,824373,Colorado Rockies,Los Angeles Dodgers,Colorado Rockies,Los Angeles Dodgers,0,True,Final,0.5101,0.4899,0.5101,1,0,1,7,,,,,,,,,,,,,,,,,,
2026-04-17,824454,Cleveland Guardians,Baltimore Orioles,Cleveland Guardians,Baltimore Orioles,0,True,Final,0.5688,0.4312,0.5688,1,0,4,6,,,,,,,,,,,,,,,,,,
2026-04-17,824693,Chicago Cubs,New York Mets,Chicago Cubs,Chicago Cubs,1,True,Final,0.5664,0.4336,0.5664,1,1,12,4,,,,,,,,,,,,,,,,,,
2026-04-17,824778,Boston Red Sox,Detroit Tigers,Boston Red Sox,Boston Red Sox,1,True,Final,0.5247,0.4753,0.5247,1,1,1,0,,,,,,,,,,,,,,,,,,
2026-04-18,822751,Washington Nationals,San Francisco Giants,Washington Nationals,San Francisco Giants,0,True,Final,0.5955,0.4045,0.5955,1,0,6,7,,,,,,,,,,,,,,,,,,
2026-04-18,823151,Seattle Mariners,Texas Rangers,Seattle Mariners,Seattle Mariners,1,True,Final,0.5453,0.4547,0.5453,1,1,7,3,,,,,,,,,,,,,,,,,,
2026-04-18,823394,Pittsburgh Pirates,Tampa Bay Rays,Tampa Bay Rays,Tampa Bay Rays,1,True,Final,0.4973,0.5027,0.5027,0,0,7,8,,,,,,,,,,,,,,,,,,
2026-04-18,823474,Philadelphia Phillies,Atlanta Braves,Philadelphia Phillies,Atlanta Braves,0,True,Final,0.5036,0.4964,0.5036,1,0,1,3,,,,,,,,,,,,,,,,,,
2026-04-18,823558,New York Yankees,Kansas City Royals,New York Yankees,New York Yankees,1,True,Final,0.5851,0.4149,0.5851,1,1,13,4,,,,,,,,,,,,,,,,,,
2026-04-18,823721,Minnesota Twins,Cincinnati Reds,Minnesota Twins,Cincinnati Reds,0,True,Final,0.569,0.431,0.569,1,0,4,5,,,,,,,,,,,,,,,,,,
2026-04-18,823882,Miami Marlins,Milwaukee Brewers,Milwaukee Brewers,Milwaukee Brewers,1,True,Final,0.4968,0.5032,0.5032,0,0,2,5,,,,,,,,,,,,,,,,,,
2026-04-18,824206,Houston Astros,St. Louis Cardinals,Houston Astros,St. Louis Cardinals,0,True,Final,0.5567,0.4433,0.5567,1,0,5,7,,,,,,,,,,,,,,,,,,
2026-04-18,824372,Colorado Rockies,Los Angeles Dodgers,Los Angeles Dodgers,Colorado Rockies,0,True,Final,0.448,0.552,0.552,0,1,4,3,,,,,,,,,,,,,,,,,,
2026-04-18,824451,Cleveland Guardians,Baltimore Orioles,Cleveland Guardians,Cleveland Guardians,1,True,Final,0.6008,0.3992,0.6008,1,1,4,2,,,,,,,,,,,,,,,,,,
2026-04-18,824694,Chicago Cubs,New York Mets,Chicago Cubs,Chicago Cubs,1,True,Final,0.5538,0.4462,0.5538,1,1,4,2,,,,,,,,,,,,,,,,,,
2026-04-18,824775,Boston Red Sox,Detroit Tigers,Boston Red Sox,Detroit Tigers,0,True,Final,0.5882,0.4118,0.5882,1,0,1,4,,,,,,,,,,,,,,,,,,
2026-04-18,825020,Athletics,Chicago White Sox,Athletics,Athletics,1,True,Final,0.537,0.463,0.537,1,1,7,6,,,,,,,,,,,,,,,,,,
2026-04-18,825098,Arizona Diamondbacks,Toronto Blue Jays,Arizona Diamondbacks,Arizona Diamondbacks,1,True,Final,0.5674,0.4326,0.5674,1,1,6,2,,,,,,,,,,,,,,,,,,
2026-04-19,822750,Washington Nationals,San Francisco Giants,Washington Nationals,Washington Nationals,1,True,Final,0.5872,0.4128,0.5872,1,1,3,0,,,,,,,,,,,,,,,,,,
2026-04-19,823150,Seattle Mariners,Texas Rangers,Seattle Mariners,Seattle Mariners,1,True,Final,0.5584,0.4416,0.5584,1,1,5,2,,,,,,,,,,,,,,,,,,
2026-04-19,823393,Pittsburgh Pirates,Tampa Bay Rays,Pittsburgh Pirates,Pittsburgh Pirates,1,True,Final,0.5339,0.4661,0.5339,1,1,6,3,,,,,,,,,,,,,,,,,,
2026-04-19,823475,Philadelphia Phillies,Atlanta Braves,Philadelphia Phillies,Atlanta Braves,0,True,Final,0.5376,0.4624,0.5376,1,0,2,4,,,,,,,,,,,,,,,,,,
2026-04-19,823556,New York Yankees,Kansas City Royals,New York Yankees,New York Yankees,1,True,Final,0.6054,0.3946,0.6054,1,1,7,0,,,,,,,,,,,,,,,,,,
2026-04-19,823718,Minnesota Twins,Cincinnati Reds,Minnesota Twins,Cincinnati Reds,0,True,Final,0.5653,0.4347,0.5653,1,0,4,7,,,,,,,,,,,,,,,,,,
2026-04-19,823881,Miami Marlins,Milwaukee Brewers,Miami Marlins,Miami Marlins,1,True,Final,0.5422,0.4578,0.5422,1,1,5,3,,,,,,,,,,,,,,,,,,
2026-04-19,824047,Los Angeles Angels,San Diego Padres,Los Angeles Angels,San Diego Padres,0,True,Final,0.5652,0.4348,0.5652,1,0,1,2,,,,,,,,,,,,,,,,,,
2026-04-19,824205,Houston Astros,St. Louis Cardinals,Houston Astros,St. Louis Cardinals,0,True,Final,0.5711,0.4289,0.5711,1,0,5,7,,,,,,,,,,,,,,,,,,
2026-04-19,824371,Colorado Rockies,Los Angeles Dodgers,Colorado Rockies,Colorado Rockies,1,True,Final,0.5287,0.4713,0.5287,1,1,9,6,,,,,,,,,,,,,,,,,,
2026-04-19,824452,Cleveland Guardians,Baltimore Orioles,Cleveland Guardians,Cleveland Guardians,1,True,Final,0.5945,0.4055,0.5945,1,1,8,4,,,,,,,,,,,,,,,,,,
2026-04-19,824691,Chicago Cubs,New York Mets,Chicago Cubs,Chicago Cubs,1,True,Final,0.5672,0.4328,0.5672,1,1,2,1,,,,,,,,,,,,,,,,,,
2026-04-19,824777,Boston Red Sox,Detroit Tigers,Boston Red Sox,Detroit Tigers,0,True,Final,0.62,0.38,0.62,1,0,2,6,,,,,,,,,,,,,,,,,,
2026-04-19,825018,Athletics,Chicago White Sox,Athletics,Chicago White Sox,0,True,Final,0.548,0.452,0.548,1,0,4,7,,,,,,,,,,,,,,,,,,
2026-04-19,825100,Arizona Diamondbacks,Toronto Blue Jays,Arizona Diamondbacks,Toronto Blue Jays,0,True,Final,0.5631,0.4369,0.5631,1,0,4,10,,,,,,,,,,,,,,,,,,
2026-04-20,822749,Washington Nationals,Atlanta Braves,Atlanta Braves,Atlanta Braves,1,True,Final,0.4636,0.5364,0.5364,0,0,4,9,,,,,,,,,,,,,,,,,,
2026-04-20,822994,Tampa Bay Rays,Cincinnati Reds,Tampa Bay Rays,Cincinnati Reds,0,True,Final,0.5968,0.4032,0.5968,1,0,1,6,,,,,,,,,,,,,,,,,,
2026-04-20,823879,Miami Marlins,St. Louis Cardinals,St. Louis Cardinals,Miami Marlins,0,True,Final,0.4928,0.5072,0.5072,0,1,5,3,,,,,,,,,,,,,,,,,,
2026-04-20,824125,Kansas City Royals,Baltimore Orioles,Kansas City Royals,Baltimore Orioles,0,True,Final,0.53,0.47,0.53,1,0,5,7,,,,,,,,,,,,,,,,,,
2026-04-20,824370,Colorado Rockies,Los Angeles Dodgers,Los Angeles Dodgers,Los Angeles Dodgers,1,True,Final,0.474,0.526,0.526,0,0,3,12,,,,,,,,,,,,,,,,,,
2026-04-20,824450,Cleveland Guardians,Houston Astros,Cleveland Guardians,Houston Astros,0,True,Final,0.5568,0.4432,0.5568,1,0,2,9,,,,,,,,,,,,,,,,,,
2026-04-20,824692,Chicago Cubs,Philadelphia Phillies,Chicago Cubs,Chicago Cubs,1,True,Final,0.5731,0.4269,0.5731,1,1,5,1,,,,,,,,,,,,,,,,,,
2026-04-20,824776,Boston Red Sox,Detroit Tigers,Boston Red Sox,Boston Red Sox,1,True,Final,0.6111,0.3889,0.6111,1,1,8,6,,,,,,,,,,,,,,,,,,
2026-04-21,822747,Washington Nationals,Atlanta Braves,Washington Nationals,Washington Nationals,1,True,Final,0.5116,0.4884,0.5116,1,1,11,4,,,,,,,,,,,,,,,,,,
2026-04-21,822914,Texas Rangers,Pittsburgh Pirates,Texas Rangers,Texas Rangers,1,True,Final,0.5371,0.4629,0.5371,1,1,5,1,,,,,,,,,,,,,,,,,,
2026-04-21,822995,Tampa Bay Rays,Cincinnati Reds,Tampa Bay Rays,Cincinnati Reds,0,True,Final,0.5856,0.4144,0.5856,1,0,6,12,,,,,,,,,,,,,,,,,,
2026-04-21,823640,New York Mets,Minnesota Twins,New York Mets,Minnesota Twins,0,True,Final,0.5726,0.4274,0.5726,1,0,3,5,,,,,,,,,,,,,,,,,,
2026-04-21,823880,Miami Marlins,St. Louis Cardinals,Miami Marlins,St. Louis Cardinals,0,True,Final,0.5449,0.4551,0.5449,1,0,3,5,,,,,,,,,,,,,,,,,,
2026-04-21,824127,Kansas City Royals,Baltimore Orioles,Kansas City Royals,Kansas City Royals,1,True,Final,0.5285,0.4715,0.5285,1,1,6,5,,,,,,,,,,,,,,,,,,
2026-04-21,824290,Detroit Tigers,Milwaukee Brewers,Detroit Tigers,Milwaukee Brewers,0,True,Final,0.534,0.466,0.534,1,0,4,12,,,,,,,,,,,,,,,,,,
2026-04-21,824369,Colorado Rockies,San Diego Padres,Colorado Rockies,San Diego Padres,0,True,Final,0.5161,0.4839,0.5161,1,0,0,1,,,,,,,,,,,,,,,,,,
2026-04-21,824448,Cleveland Guardians,Houston Astros,Cleveland Guardians,Cleveland Guardians,1,True,Final,0.6072,0.3928,0.6072,1,1,8,5,,,,,,,,,,,,,,,,,,
2026-04-21,824690,Chicago Cubs,Philadelphia Phillies,Chicago Cubs,Chicago Cubs,1,True,Final,0.564,0.436,0.564,1,1,7,4,,,,,,,,,,,,,,,,,,
2026-04-21,824773,Boston Red Sox,New York Yankees,Boston Red Sox,New York Yankees,0,True,Final,0.5668,0.4332,0.5668,1,0,0,4,,,,,,,,,,,,,,,,,,
2026-04-22,822748,Washington Nationals,Atlanta Braves,Washington Nationals,Atlanta Braves,0,True,Final,0.5635,0.4365,0.5635,1,0,6,8,,,,,,,,,,,,,,,,,,
2026-04-22,822913,Texas Rangers,Pittsburgh Pirates,Texas Rangers,Pittsburgh Pirates,0,True,Final,0.5794,0.4206,0.5794,1,0,4,8,,,,,,,,,,,,,,,,,,
2026-04-22,822993,Tampa Bay Rays,Cincinnati Reds,Tampa Bay Rays,Tampa Bay Rays,1,True,Final,0.6164,0.3836,0.6164,1,1,6,1,,,,,,,,,,,,,,,,,,
2026-04-22,823147,Seattle Mariners,Athletics,Seattle Mariners,Seattle Mariners,1,True,Final,0.5944,0.4056,0.5944,1,1,5,4,,,,,,,,,,,,,,,,,,
2026-04-22,823231,San Francisco Giants,Los Angeles Dodgers,San Francisco Giants,San Francisco Giants,1,True,Final,0.5389,0.4611,0.5389,1,1,3,0,,,,,,,,,,,,,,,,,,
2026-04-22,823641,New York Mets,Minnesota Twins,New York Mets,New York Mets,1,True,Final,0.5565,0.4435,0.5565,1,1,3,2,,,,,,,,,,,,,,,,,,
2026-04-22,823878,Miami Marlins,St. Louis Cardinals,Miami Marlins,Miami Marlins,1,True,Final,0.5304,0.4696,0.5304,1,1,4,1,,,,,,,,,,,,,,,,,,
2026-04-22,824044,Los Angeles Angels,Toronto Blue Jays,Los Angeles Angels,Los Angeles Angels,1,True,Final,0.542,0.458,0.542,1,1,7,3,,,,,,,,,,,,,,,,,,
2026-04-22,824123,Kansas City Royals,Baltimore Orioles,Kansas City Royals,Baltimore Orioles,0,True,Final,0.5329,0.4671,0.5329,1,0,6,8,,,,,,,,,,,,,,,,,,
2026-04-22,824286,Detroit Tigers,Milwaukee Brewers,Detroit Tigers,Detroit Tigers,1,True,Final,0.535,0.465,0.535,1,1,5,2,,,,,,,,,,,,,,,,,,
2026-04-22,824367,Colorado Rockies,San Diego Padres,Colorado Rockies,Colorado Rockies,1,True,Final,0.5453,0.4547,0.5453,1,1,8,3,,,,,,,,,,,,,,,,,,
2026-04-22,824449,Cleveland Guardians,Houston Astros,Cleveland Guardians,Houston Astros,0,True,Final,0.5677,0.4323,0.5677,1,0,0,2,,,,,,,,,,,,,,,,,,
2026-04-22,824688,Chicago Cubs,Philadelphia Phillies,Chicago Cubs,Chicago Cubs,1,True,Final,0.5617,0.4383,0.5617,1,1,7,2,,,,,,,,,,,,,,,,,,
2026-04-22,824774,Boston Red Sox,New York Yankees,Boston Red Sox,New York Yankees,0,True,Final,0.5564,0.4436,0.5564,1,0,1,4,,,,,,,,,,,,,,,,,,
2026-04-23,822745,Washington Nationals,Atlanta Braves,Washington Nationals,Atlanta Braves,0,True,Final,0.52,0.48,0.52,1,0,2,7,,,,,,,,,,,,,,,,,,
2026-04-23,822912,Texas Rangers,Pittsburgh Pirates,Texas Rangers,Texas Rangers,1,True,Final,0.5869,0.4131,0.5869,1,1,6,1,,,,,,,,,,,,,,,,,,
2026-04-23,823233,San Francisco Giants,Los Angeles Dodgers,San Francisco Giants,Los Angeles Dodgers,0,True,Final,0.528,0.472,0.528,1,0,0,3,,,,,,,,,,,,,,,,,,
2026-04-23,823639,New York Mets,Minnesota Twins,New York Mets,New York Mets,1,True,Final,0.5224,0.4776,0.5224,1,1,10,8,,,,,,,,,,,,,,,,,,
2026-04-23,824288,Detroit Tigers,Milwaukee Brewers,Detroit Tigers,Detroit Tigers,1,True,Final,0.5511,0.4489,0.5511,1,1,5,4,,,,,,,,,,,,,,,,,,
2026-04-23,824368,Colorado Rockies,San Diego Padres,Colorado Rockies,San Diego Padres,0,True,Final,0.5149,0.4851,0.5149,1,0,8,10,,,,,,,,,,,,,,,,,,
2026-04-23,824689,Chicago Cubs,Philadelphia Phillies,Chicago Cubs,Chicago Cubs,1,True,Final,0.5332,0.4668,0.5332,1,1,8,7,,,,,,,,,,,,,,,,,,
2026-04-23,824770,Boston Red Sox,New York Yankees,Boston Red Sox,New York Yankees,0,True,Final,0.5133,0.4867,0.5133,1,0,2,4,,,,,,,,,,,,,,,,,,
2026-04-23,825096,Arizona Diamondbacks,Chicago White Sox,Arizona Diamondbacks,Chicago White Sox,0,True,Final,0.5467,0.4533,0.5467,1,0,1,4,,,,,,,,,,,,,,,,,,
2026-04-24,822827,Toronto Blue Jays,Cleveland Guardians,Toronto Blue Jays,Cleveland Guardians,0,True,Final,0.5119,0.4881,0.5119,1,0,6,8,,,,,,,,,,,,,,,,,,
2026-04-24,822909,Texas Rangers,Athletics,Texas Rangers,Athletics,0,True,Final,0.5954,0.4046,0.5954,1,0,1,8,,,,,,,,,,,,,,,,,,
2026-04-24,822992,Tampa Bay Rays,Minnesota Twins,Tampa Bay Rays,Tampa Bay Rays,1,True,Final,0.5669,0.4331,0.5669,1,1,6,2,,,,,,,,,,,,,,,,,,
2026-04-24,823069,St. Louis Cardinals,Seattle Mariners,St. Louis Cardinals,Seattle Mariners,0,True,Final,0.5642,0.4358,0.5642,1,0,2,3,,,,,,,,,,,,,,,,,,
2026-04-24,823638,New York Mets,Colorado Rockies,New York Mets,Colorado Rockies,0,True,Final,0.5437,0.4563,0.5437,1,0,3,4,,,,,,,,,,,,,,,,,,
2026-04-24,823800,Milwaukee Brewers,Pittsburgh Pirates,Milwaukee Brewers,Pittsburgh Pirates,0,True,Final,0.5674,0.4326,0.5674,1,0,0,6,,,,,,,,,,,,,,,,,,
2026-04-24,824124,Kansas City Royals,Los Angeles Angels,Kansas City Royals,Kansas City Royals,1,True,Final,0.5118,0.4882,0.5118,1,1,6,3,,,,,,,,,,,,,,,,,,
2026-04-24,824204,Houston Astros,New York Yankees,New York Yankees,New York Yankees,1,True,Final,0.4975,0.5025,0.5025,0,0,4,12,,,,,,,,,,,,,,,,,,
2026-04-24,824529,Cincinnati Reds,Detroit Tigers,Cincinnati Reds,Cincinnati Reds,1,True,Final,0.5468,0.4532,0.5468,1,1,9,8,,,,,,,,,,,,,,,,,,
2026-04-24,824611,Chicago White Sox,Washington Nationals,Chicago White Sox,Chicago White Sox,1,True,Final,0.5464,0.4536,0.5464,1,1,5,4,,,,,,,,,,,,,,,,,,
2026-04-24,824854,Baltimore Orioles,Boston Red Sox,Baltimore Orioles,Baltimore Orioles,1,True,Final,0.5029,0.4971,0.5029,1,1,10,3,,,,,,,,,,,,,,,,,,
2026-04-24,824932,Atlanta Braves,Philadelphia Phillies,Atlanta Braves,Atlanta Braves,1,True,Final,0.5748,0.4252,0.5748,1,1,5,3,,,,,,,,,,,,,,,,,,
2026-04-25,822826,Toronto Blue Jays,Cleveland Guardians,Toronto Blue Jays,Toronto Blue Jays,1,True,Final,0.5277,0.4723,0.5277,1,1,5,3,,,,,,,,,,,,,,,,,,
2026-04-25,822910,Texas Rangers,Athletics,Texas Rangers,Texas Rangers,1,True,Final,0.585,0.415,0.585,1,1,4,3,,,,,,,,,,,,,,,,,,
2026-04-25,822989,Tampa Bay Rays,Minnesota Twins,Tampa Bay Rays,Tampa Bay Rays,1,True,Final,0.5972,0.4028,0.5972,1,1,6,1,,,,,,,,,,,,,,,,,,
2026-04-25,823070,St. Louis Cardinals,Seattle Mariners,St. Louis Cardinals,Seattle Mariners,0,True,Final,0.5549,0.4451,0.5549,1,0,9,11,,,,,,,,,,,,,,,,,,
2026-04-25,823229,San Francisco Giants,Miami Marlins,San Francisco Giants,San Francisco Giants,1,True,Final,0.5681,0.4319,0.5681,1,1,6,2,,,,,,,,,,,,,,,,,,
2026-04-25,823799,Milwaukee Brewers,Pittsburgh Pirates,Milwaukee Brewers,Pittsburgh Pirates,0,True,Final,0.5999,0.4001,0.5999,1,0,3,6,,,,,,,,,,,,,,,,,,
2026-04-25,823960,Los Angeles Dodgers,Chicago Cubs,Los Angeles Dodgers,Los Angeles Dodgers,1,True,Final,0.5457,0.4543,0.5457,1,1,12,4,,,,,,,,,,,,,,,,,,
2026-04-25,824121,Kansas City Royals,Los Angeles Angels,Kansas City Royals,Kansas City Royals,1,True,Final,0.5052,0.4948,0.5052,1,1,12,1,,,,,,,,,,,,,,,,,,
2026-04-25,824203,Houston Astros,New York Yankees,Houston Astros,New York Yankees,0,True,Final,0.5014,0.4986,0.5014,1,0,3,8,,,,,,,,,,,,,,,,,,
2026-04-25,824527,Cincinnati Reds,Detroit Tigers,Cincinnati Reds,Cincinnati Reds,1,True,Final,0.5655,0.4345,0.5655,1,1,9,2,,,,,,,,,,,,,,,,,,
2026-04-25,824613,Chicago White Sox,Washington Nationals,Chicago White Sox,Washington Nationals,0,True,Final,0.5886,0.4114,0.5886,1,0,3,6,,,,,,,,,,,,,,,,,,
2026-04-25,824851,Baltimore Orioles,Boston Red Sox,Baltimore Orioles,Boston Red Sox,0,True,Final,0.5251,0.4749,0.5251,1,0,1,17,,,,,,,,,,,,,,,,,,
2026-04-25,824933,Atlanta Braves,Philadelphia Phillies,Atlanta Braves,Philadelphia Phillies,0,True,Final,0.5843,0.4157,0.5843,1,0,5,8,,,,,,,,,,,,,,,,,,
2026-04-25,825093,Arizona Diamondbacks,San Diego Padres,Arizona Diamondbacks,San Diego Padres,0,True,Final,0.577,0.423,0.577,1,0,4,6,,,,,,,,,,,,,,,,,,
2026-04-26,822824,Toronto Blue Jays,Cleveland Guardians,Toronto Blue Jays,Toronto Blue Jays,1,True,Final,0.5261,0.4739,0.5261,1,1,4,2,,,,,,,,,,,,,,,,,,
2026-04-26,822911,Texas Rangers,Athletics,Texas Rangers,Athletics,0,True,Final,0.559,0.441,0.559,1,0,1,2,,,,,,,,,,,,,,,,,,
2026-04-26,822991,Tampa Bay Rays,Minnesota Twins,Tampa Bay Rays,Tampa Bay Rays,1,True,Final,0.5344,0.4656,0.5344,1,1,4,2,,,,,,,,,,,,,,,,,,
2026-04-26,823068,St. Louis Cardinals,Seattle Mariners,St. Louis Cardinals,Seattle Mariners,0,True,Final,0.5532,0.4468,0.5532,1,0,2,3,,,,,,,,,,,,,,,,,,
2026-04-26,823230,San Francisco Giants,Miami Marlins,San Francisco Giants,San Francisco Giants,1,True,Final,0.5697,0.4303,0.5697,1,1,6,3,,,,,,,,,,,,,,,,,,
2026-04-26,823635,New York Mets,Colorado Rockies,New York Mets,Colorado Rockies,0,True,Final,0.5462,0.4538,0.5462,1,0,1,3,,,,,,,,,,,,,,,,,,
2026-04-26,823637,New York Mets,Colorado Rockies,New York Mets,Colorado Rockies,0,True,Final,0.5537,0.4463,0.5537,1,0,0,3,,,,,,,,,,,,,,,,,,
2026-04-26,823797,Milwaukee Brewers,Pittsburgh Pirates,Milwaukee Brewers,Milwaukee Brewers,1,True,Final,0.5421,0.4579,0.5421,1,1,5,0,,,,,,,,,,,,,,,,,,
2026-04-26,823959,Los Angeles Dodgers,Chicago Cubs,Los Angeles Dodgers,Los Angeles Dodgers,1,True,Final,0.5375,0.4625,0.5375,1,1,6,0,,,,,,,,,,,,,,,,,,
2026-04-26,824122,Kansas City Royals,Los Angeles Angels,Kansas City Royals,Kansas City Royals,1,True,Final,0.5219,0.4781,0.5219,1,1,11,9,,,,,,,,,,,,,,,,,,
2026-04-26,824202,Houston Astros,New York Yankees,New York Yankees,Houston Astros,0,True,Final,0.4765,0.5235,0.5235,0,1,7,4,,,,,,,,,,,,,,,,,,
2026-04-26,824528,Cincinnati Reds,Detroit Tigers,Cincinnati Reds,Detroit Tigers,0,True,Final,0.5826,0.4174,0.5826,1,0,3,8,,,,,,,,,,,,,,,,,,
2026-04-26,824612,Chicago White Sox,Washington Nationals,Chicago White Sox,Washington Nationals,0,True,Final,0.567,0.433,0.567,1,0,1,2,,,,,,,,,,,,,,,,,,
2026-04-26,824852,Baltimore Orioles,Boston Red Sox,Boston Red Sox,Boston Red Sox,1,True,Final,0.4622,0.5378,0.5378,0,0,3,5,,,,,,,,,,,,,,,,,,
2026-04-26,824934,Atlanta Braves,Philadelphia Phillies,Atlanta Braves,Atlanta Braves,1,True,Final,0.5628,0.4372,0.5628,1,1,6,2,,,,,,,,,,,,,,,,,,
2026-04-26,825094,Arizona Diamondbacks,San Diego Padres,Arizona Diamondbacks,Arizona Diamondbacks,1,True,Final,0.5038,0.4962,0.5038,1,1,12,7,,,,,,,,,,,,,,,,,,
2026-04-27,822825,Toronto Blue Jays,Boston Red Sox,Toronto Blue Jays,Boston Red Sox,0,True,Final,0.517,0.483,0.517,1,0,0,5,,,,,,,,,,,,,,,,,,
2026-04-27,822906,Texas Rangers,New York Yankees,Texas Rangers,New York Yankees,0,True,Final,0.5076,0.4924,0.5076,1,0,2,4,,,,,,,,,,,,,,,,,,
2026-04-27,823395,Pittsburgh Pirates,St. Louis Cardinals,Pittsburgh Pirates,St. Louis Cardinals,0,True,Final,0.504,0.496,0.504,1,0,2,4,,,,,,,,,,,,,,,,,,
2026-04-27,823719,Minnesota Twins,Seattle Mariners,Minnesota Twins,Minnesota Twins,1,True,Final,0.5315,0.4685,0.5315,1,1,11,4,,,,,,,,,,,,,,,,,,
2026-04-27,824446,Cleveland Guardians,Tampa Bay Rays,Cleveland Guardians,Tampa Bay Rays,0,True,Final,0.5505,0.4495,0.5505,1,0,2,3,,,,,,,,,,,,,,,,,,
2026-04-28,822823,Toronto Blue Jays,Boston Red Sox,Toronto Blue Jays,Toronto Blue Jays,1,True,Final,0.5556,0.4444,0.5556,1,1,3,0,All Years Model,,,,,,,,,,,,,,,,,
2026-04-28,822908,Texas Rangers,New York Yankees,New York Yankees,New York Yankees,1,True,Final,0.4994,0.5006,0.5006,0,0,2,3,All Years Model,,,,,,,,,,,,,,,,,
2026-04-28,823390,Pittsburgh Pirates,St. Louis Cardinals,Pittsburgh Pirates,St. Louis Cardinals,0,True,Final,0.555,0.445,0.555,1,0,7,11,All Years Model,,,,,,,,,,,,,,,,,
2026-04-28,823473,Philadelphia Phillies,San Francisco Giants,Philadelphia Phillies,Philadelphia Phillies,1,True,Final,0.5458,0.4542,0.5458,1,1,7,0,All Years Model,,,,,,,,,,,,,,,,,
2026-04-28,823636,New York Mets,Washington Nationals,New York Mets,New York Mets,1,True,Final,0.6083,0.3917,0.6083,1,1,8,0,All Years Model,,,,,,,,,,,,,,,,,
2026-04-28,823716,Minnesota Twins,Seattle Mariners,Seattle Mariners,Seattle Mariners,1,True,Final,0.4938,0.5062,0.5062,0,0,1,7,All Years Model,,,,,,,,,,,,,,,,,
2026-04-28,823798,Milwaukee Brewers,Arizona Diamondbacks,Milwaukee Brewers,Milwaukee Brewers,1,True,Final,0.608,0.392,0.608,1,1,13,2,All Years Model,,,,,,,,,,,,,,,,,
2026-04-28,824447,Cleveland Guardians,Tampa Bay Rays,Cleveland Guardians,Tampa Bay Rays,0,True,Final,0.5338,0.4662,0.5338,1,0,0,1,All Years Model,,,,,,,,,,,,,,,,,
2026-04-28,824526,Cincinnati Reds,Colorado Rockies,Cincinnati Reds,Cincinnati Reds,1,True,Final,0.6239,0.3761,0.6239,1,1,7,2,All Years Model,,,,,,,,,,,,,,,,,
2026-04-28,824610,Chicago White Sox,Los Angeles Angels,Los Angeles Angels,Chicago White Sox,0,True,Final,0.5168,0.4832,0.5168,0,1,5,2,All Years Model,,,,,,,,,,,,,,,,,
2026-04-28,824849,Baltimore Orioles,Houston Astros,Houston Astros,Baltimore Orioles,0,True,Final,0.5118,0.4882,0.5118,0,1,5,3,All Years Model,,,,,,,,,,,,,,,,,
2026-04-28,824931,Atlanta Braves,Detroit Tigers,Atlanta Braves,Atlanta Braves,1,True,Final,0.5412,0.4588,0.5412,1,1,5,2,All Years Model,,,,,,,,,,,,,,,,,
2026-04-29,822821,Toronto Blue Jays,Boston Red Sox,Toronto Blue Jays,Toronto Blue Jays,1,True,Final,0.5434,0.4566,0.5434,1,1,8,1,All Years Model,,,,,,,,,,,,,,,,,
2026-04-29,822907,Texas Rangers,New York Yankees,New York Yankees,Texas Rangers,0,True,Final,0.5062,0.4938,0.5062,0,1,3,0,All Years Model,,,,,,,,,,,,,,,,,
2026-04-29,823312,San Diego Padres,Chicago Cubs,San Diego Padres,Chicago Cubs,0,True,Final,0.5257,0.4743,0.5257,1,0,4,5,All Years Model,,,,,,,,,,,,,,,,,
2026-04-29,823392,Pittsburgh Pirates,St. Louis Cardinals,Pittsburgh Pirates,St. Louis Cardinals,0,True,Final,0.5664,0.4336,0.5664,1,0,4,5,All Years Model,,,,,,,,,,,,,,,,,
2026-04-29,823633,New York Mets,Washington Nationals,New York Mets,Washington Nationals,0,True,Final,0.5773,0.4227,0.5773,1,0,2,14,All Years Model,,,,,,,,,,,,,,,,,
2026-04-29,823717,Minnesota Twins,Seattle Mariners,Seattle Mariners,Seattle Mariners,1,True,Final,0.4894,0.5106,0.5106,0,0,3,5,All Years Model,,,,,,,,,,,,,,,,,
2026-04-29,823796,Milwaukee Brewers,Arizona Diamondbacks,Milwaukee Brewers,Arizona Diamondbacks,0,True,Final,0.5844,0.4156,0.5844,1,0,2,6,All Years Model,,,,,,,,,,,,,,,,,
2026-04-29,823958,Los Angeles Dodgers,Miami Marlins,Los Angeles Dodgers,Miami Marlins,0,True,Final,0.6416,0.3584,0.6416,1,0,2,3,All Years Model,,,,,,,,,,,,,,,,,
2026-04-29,824445,Cleveland Guardians,Tampa Bay Rays,Cleveland Guardians,Cleveland Guardians,1,True,Final,0.5383,0.4617,0.5383,1,1,3,1,All Years Model,,,,,,,,,,,,,,,,,
2026-04-29,824525,Cincinnati Reds,Colorado Rockies,Cincinnati Reds,Colorado Rockies,0,True,Final,0.6124,0.3876,0.6124,1,0,2,13,All Years Model,,,,,,,,,,,,,,,,,
2026-04-29,824608,Chicago White Sox,Los Angeles Angels,Chicago White Sox,Chicago White Sox,1,True,Final,0.5297,0.4703,0.5297,1,1,3,2,All Years Model,,,,,,,,,,,,,,,,,
2026-04-29,824930,Atlanta Braves,Detroit Tigers,Atlanta Braves,Atlanta Braves,1,True,Final,0.5397,0.4603,0.5397,1,1,4,3,All Years Model,,,,,,,,,,,,,,,,,
2026-04-30,823391,Pittsburgh Pirates,St. Louis Cardinals,Pittsburgh Pirates,St. Louis Cardinals,0,True,Final,0.5363,0.4637,0.5363,1,0,5,10,All Years Model,,,,,,,,,,,,,,,,,
2026-04-30,823471,Philadelphia Phillies,San Francisco Giants,Philadelphia Phillies,Philadelphia Phillies,1,True,Final,0.5257,0.4743,0.5257,1,1,6,5,All Years Model,,,,,,,,,,,,,,,,,
2026-04-30,823472,Philadelphia Phillies,San Francisco Giants,Philadelphia Phillies,Philadelphia Phillies,1,True,Final,0.5386,0.4614,0.5386,1,1,3,2,All Years Model,,,,,,,,,,,,,,,,,
2026-04-30,823634,New York Mets,Washington Nationals,New York Mets,Washington Nationals,0,True,Final,0.6352,0.3648,0.6352,1,0,4,5,All Years Model,,,,,,,,,,,,,,,,,
2026-04-30,823714,Minnesota Twins,Toronto Blue Jays,Toronto Blue Jays,Minnesota Twins,0,True,Final,0.4837,0.5163,0.5163,0,1,7,1,All Years Model,,,,,,,,,,,,,,,,,
2026-04-30,823795,Milwaukee Brewers,Arizona Diamondbacks,Milwaukee Brewers,Milwaukee Brewers,1,True,Final,0.5551,0.4449,0.5551,1,1,13,1,All Years Model,,,,,,,,,,,,,,,,,
2026-04-30,824524,Cincinnati Reds,Colorado Rockies,Cincinnati Reds,Cincinnati Reds,1,True,Final,0.6325,0.3675,0.6325,1,1,6,4,All Years Model,,,,,,,,,,,,,,,,,
2026-04-30,824848,Baltimore Orioles,Houston Astros,Baltimore Orioles,Baltimore Orioles,1,True,Final,0.5553,0.4447,0.5553,1,1,10,3,All Years Model,,,,,,,,,,,,,,,,,
2026-04-30,824850,Baltimore Orioles,Houston Astros,Baltimore Orioles,Houston Astros,0,True,Final,0.5493,0.4507,0.5493,1,0,5,11,All Years Model,,,,,,,,,,,,,,,,,
2026-04-30,824929,Atlanta Braves,Detroit Tigers,Atlanta Braves,Detroit Tigers,0,True,Final,0.5653,0.4347,0.5653,1,0,2,5,All Years Model,,,,,,,,,,,,,,,,,
2026-04-30,825016,Athletics,Kansas City Royals,Athletics,Athletics,1,True,Final,0.5246,0.4754,0.5246,1,1,6,3,All Years Model,,,,,,,,,,,,,,,,,
2026-05-01,822744,Washington Nationals,Milwaukee Brewers,Milwaukee Brewers,Milwaukee Brewers,1,True,Final,0.4465,0.5535,0.5535,0,0,1,6,All Years Model,,,,,,,,,,,,,,,,,
2026-05-01,822990,Tampa Bay Rays,San Francisco Giants,Tampa Bay Rays,Tampa Bay Rays,1,True,Final,0.548,0.452,0.548,1,1,3,0,All Years Model,,,,,,,,,,,,,,,,,
2026-05-01,823066,St. Louis Cardinals,Los Angeles Dodgers,Los Angeles Dodgers,St. Louis Cardinals,0,True,Final,0.4786,0.5214,0.5214,0,1,7,2,All Years Model,,,,,,,,,,,,,,,,,
2026-05-01,823389,Pittsburgh Pirates,Cincinnati Reds,Cincinnati Reds,Pittsburgh Pirates,0,True,Final,0.5091,0.4909,0.5091,0,1,9,1,All Years Model,,,,,,,,,,,,,,,,,
2026-05-01,823557,New York Yankees,Baltimore Orioles,New York Yankees,New York Yankees,1,True,Final,0.6142,0.3858,0.6142,1,1,7,2,All Years Model,,,,,,,,,,,,,,,,,
2026-05-01,823713,Minnesota Twins,Toronto Blue Jays,Toronto Blue Jays,Toronto Blue Jays,1,True,Final,0.5198,0.4802,0.5198,0,0,3,7,All Years Model,,,,,,,,,,,,,,,,,
2026-05-01,823877,Miami Marlins,Philadelphia Phillies,Philadelphia Phillies,Philadelphia Phillies,1,True,Final,0.4899,0.5101,0.5101,0,0,5,6,All Years Model,,,,,,,,,,,,,,,,,
2026-05-01,824287,Detroit Tigers,Texas Rangers,Detroit Tigers,Texas Rangers,0,True,Final,0.5535,0.4465,0.5535,1,0,4,5,All Years Model,,,,,,,,,,,,,,,,,
2026-05-01,824366,Colorado Rockies,Atlanta Braves,Atlanta Braves,Atlanta Braves,1,True,Final,0.4654,0.5346,0.5346,0,0,6,8,All Years Model,,,,,,,,,,,,,,,,,
2026-05-01,824686,Chicago Cubs,Arizona Diamondbacks,Chicago Cubs,Chicago Cubs,1,True,Final,0.5423,0.4577,0.5423,1,1,6,5,All Years Model,,,,,,,,,,,,,,,,,
2026-05-01,824772,Boston Red Sox,Houston Astros,Boston Red Sox,Boston Red Sox,1,True,Final,0.558,0.442,0.558,1,1,3,1,All Years Model,,,,,,,,,,,,,,,,,
2026-05-02,822746,Washington Nationals,Milwaukee Brewers,Milwaukee Brewers,Milwaukee Brewers,1,True,Final,0.5194,0.4806,0.5194,0,0,1,4,All Years Model,,,,,,,,,,,,,,,,,
2026-05-02,822988,Tampa Bay Rays,San Francisco Giants,Tampa Bay Rays,Tampa Bay Rays,1,True,Final,0.5635,0.4365,0.5635,1,1,5,1,All Years Model,,,,,,,,,,,,,,,,,
2026-05-02,823067,St. Louis Cardinals,Los Angeles Dodgers,St. Louis Cardinals,St. Louis Cardinals,1,True,Final,0.5241,0.4759,0.5241,1,1,3,2,All Years Model,,,,,,,,,,,,,,,,,
2026-05-02,823308,San Diego Padres,Chicago White Sox,San Diego Padres,Chicago White Sox,0,True,Final,0.5254,0.4746,0.5254,1,0,0,4,All Years Model,,,,,,,,,,,,,,,,,
2026-05-02,823388,Pittsburgh Pirates,Cincinnati Reds,Pittsburgh Pirates,Pittsburgh Pirates,1,True,Final,0.5211,0.4789,0.5211,1,1,17,7,All Years Model,,,,,,,,,,,,,,,,,
2026-05-02,823554,New York Yankees,Baltimore Orioles,New York Yankees,New York Yankees,1,True,Final,0.5878,0.4122,0.5878,1,1,9,4,All Years Model,,,,,,,,,,,,,,,,,
2026-05-02,823715,Minnesota Twins,Toronto Blue Jays,Minnesota Twins,Toronto Blue Jays,0,True,Final,0.5232,0.4768,0.5232,1,0,4,11,All Years Model,,,,,,,,,,,,,,,,,
2026-05-02,823876,Miami Marlins,Philadelphia Phillies,Philadelphia Phillies,Miami Marlins,0,True,Final,0.5107,0.4893,0.5107,0,1,4,0,All Years Model,,,,,,,,,,,,,,,,,
2026-05-02,824284,Detroit Tigers,Texas Rangers,Detroit Tigers,Detroit Tigers,1,True,Final,0.5257,0.4743,0.5257,1,1,5,1,All Years Model,,,,,,,,,,,,,,,,,
2026-05-02,824365,Colorado Rockies,Atlanta Braves,Atlanta Braves,Atlanta Braves,1,True,Final,0.4964,0.5036,0.5036,0,0,1,9,All Years Model,,,,,,,,,,,,,,,,,
2026-05-02,824685,Chicago Cubs,Arizona Diamondbacks,Chicago Cubs,Chicago Cubs,1,True,Final,0.5622,0.4378,0.5622,1,1,2,0,All Years Model,,,,,,,,,,,,,,,,,
2026-05-02,824771,Boston Red Sox,Houston Astros,Boston Red Sox,Houston Astros,0,True,Final,0.5602,0.4398,0.5602,1,0,3,6,All Years Model,,,,,,,,,,,,,,,,,
2026-05-02,825014,Athletics,Cleveland Guardians,Cleveland Guardians,Cleveland Guardians,1,True,Final,0.5054,0.4946,0.5054,0,0,6,14,All Years Model,,,,,,,,,,,,,,,,,
2026-05-03,822742,Washington Nationals,Milwaukee Brewers,Milwaukee Brewers,Washington Nationals,0,True,Final,0.5017,0.4983,0.5017,0,1,3,2,All Years Model,,,,,,,,,,,,,,,,,
2026-05-03,822987,Tampa Bay Rays,San Francisco Giants,Tampa Bay Rays,Tampa Bay Rays,1,True,Final,0.5904,0.4096,0.5904,1,1,2,1,All Years Model,,,,,,,,,,,,,,,,,
2026-05-03,823065,St. Louis Cardinals,Los Angeles Dodgers,St. Louis Cardinals,Los Angeles Dodgers,0,True,Final,0.5384,0.4616,0.5384,1,0,1,4,All Years Model,,,,,,,,,,,,,,,,,
2026-05-03,823145,Seattle Mariners,Kansas City Royals,Seattle Mariners,Kansas City Royals,0,True,Final,0.5573,0.4427,0.5573,1,0,1,4,All Years Model,,,,,,,,,,,,,,,,,
2026-05-03,823307,San Diego Padres,Chicago White Sox,San Diego Padres,San Diego Padres,1,True,Final,0.5461,0.4539,0.5461,1,1,4,3,All Years Model,,,,,,,,,,,,,,,,,
2026-05-03,823387,Pittsburgh Pirates,Cincinnati Reds,Pittsburgh Pirates,Pittsburgh Pirates,1,True,Final,0.536,0.464,0.536,1,1,1,0,All Years Model,,,,,,,,,,,,,,,,,
2026-05-03,823555,New York Yankees,Baltimore Orioles,New York Yankees,New York Yankees,1,True,Final,0.5935,0.4065,0.5935,1,1,11,3,All Years Model,,,,,,,,,,,,,,,,,
2026-05-03,823711,Minnesota Twins,Toronto Blue Jays,Toronto Blue Jays,Minnesota Twins,0,True,Final,0.4878,0.5122,0.5122,0,1,4,3,All Years Model,,,,,,,,,,,,,,,,,
2026-05-03,823875,Miami Marlins,Philadelphia Phillies,Philadelphia Phillies,Philadelphia Phillies,1,True,Final,0.5049,0.4951,0.5049,0,0,2,7,All Years Model,,,,,,,,,,,,,,,,,
2026-05-03,824043,Los Angeles Angels,New York Mets,Los Angeles Angels,New York Mets,0,True,Final,0.5202,0.4798,0.5202,1,0,1,5,All Years Model,,,,,,,,,,,,,,,,,
2026-05-03,824285,Detroit Tigers,Texas Rangers,Detroit Tigers,Detroit Tigers,1,True,Final,0.523,0.477,0.523,1,1,7,1,All Years Model,,,,,,,,,,,,,,,,,
2026-05-03,824364,Colorado Rockies,Atlanta Braves,Atlanta Braves,Atlanta Braves,1,True,Final,0.4913,0.5087,0.5087,0,0,6,11,All Years Model,,,,,,,,,,,,,,,,,
2026-05-03,824687,Chicago Cubs,Arizona Diamondbacks,Chicago Cubs,Chicago Cubs,1,True,Final,0.5676,0.4324,0.5676,1,1,8,4,All Years Model,,,,,,,,,,,,,,,,,
2026-05-03,824769,Boston Red Sox,Houston Astros,Boston Red Sox,Houston Astros,0,True,Final,0.5505,0.4495,0.5505,1,0,1,3,All Years Model,,,,,,,,,,,,,,,,,
2026-05-03,825013,Athletics,Cleveland Guardians,Cleveland Guardians,Athletics,0,True,Final,0.4782,0.5218,0.5218,0,1,7,1,All Years Model,,,,,,,,,,,,,,,,,
2026-05-04,822984,Tampa Bay Rays,Toronto Blue Jays,Tampa Bay Rays,Tampa Bay Rays,1,True,Final,0.5665,0.4335,0.5665,1,1,5,1,All Years Model,,,,,,,,,,,,,,,,,
2026-05-04,823064,St. Louis Cardinals,Milwaukee Brewers,St. Louis Cardinals,St. Louis Cardinals,1,True,Final,0.5396,0.4604,0.5396,1,1,6,3,All Years Model,,,,,,,,,,,,,,,,,
2026-05-04,823228,San Francisco Giants,San Diego Padres,San Francisco Giants,San Francisco Giants,1,True,Final,0.5458,0.4542,0.5458,1,1,3,2,All Years Model,,,,,,,,,,,,,,,,,
2026-05-04,823552,New York Yankees,Baltimore Orioles,New York Yankees,New York Yankees,1,True,Final,0.6407,0.3593,0.6407,1,1,12,1,All Years Model,,,,,,,,,,,,,,,,,
2026-05-04,823874,Miami Marlins,Philadelphia Phillies,Miami Marlins,Philadelphia Phillies,0,True,Final,0.543,0.457,0.543,1,0,0,1,All Years Model,,,,,,,,,,,,,,,,,
2026-05-04,824039,Los Angeles Angels,Chicago White Sox,Los Angeles Angels,Chicago White Sox,0,True,Final,0.5289,0.4711,0.5289,1,0,0,6,All Years Model,,,,,,,,,,,,,,,,,
2026-05-04,824120,Kansas City Royals,Cleveland Guardians,Kansas City Royals,Kansas City Royals,1,True,Final,0.5209,0.4791,0.5209,1,1,6,2,All Years Model,,,,,,,,,,,,,,,,,
2026-05-04,824201,Houston Astros,Los Angeles Dodgers,Los Angeles Dodgers,Los Angeles Dodgers,1,True,Final,0.4998,0.5002,0.5002,0,0,3,8,All Years Model,,,,,,,,,,,,,,,,,
2026-05-04,824283,Detroit Tigers,Boston Red Sox,Detroit Tigers,Boston Red Sox,0,True,Final,0.5226,0.4774,0.5226,1,0,4,5,All Years Model,,,,,,,,,,,,,,,,,
2026-05-04,824363,Colorado Rockies,New York Mets,Colorado Rockies,New York Mets,0,True,Final,0.5303,0.4697,0.5303,1,0,2,4,All Years Model,,,,,,,,,,,,,,,,,
2026-05-04,824684,Chicago Cubs,Cincinnati Reds,Chicago Cubs,Chicago Cubs,1,True,Final,0.5806,0.4194,0.5806,1,1,5,4,All Years Model,,,,,,,,,,,,,,,,,
2026-05-05,822743,Washington Nationals,Minnesota Twins,Washington Nationals,Minnesota Twins,0,True,Final,0.5392,0.4608,0.5392,1,0,3,11,All Years Model,,,,,,,,,,,,,,,,,
2026-05-05,822986,Tampa Bay Rays,Toronto Blue Jays,Tampa Bay Rays,Tampa Bay Rays,1,True,Final,0.5688,0.4312,0.5688,1,1,4,3,All Years Model,,,,,,,,,,,,,,,,,
2026-05-05,823469,Philadelphia Phillies,Athletics,Philadelphia Phillies,Philadelphia Phillies,1,True,Final,0.5655,0.4345,0.5655,1,1,9,1,All Years Model,,,,,,,,,,,,,,,,,
2026-05-05,823553,New York Yankees,Texas Rangers,New York Yankees,New York Yankees,1,True,Final,0.5787,0.4213,0.5787,1,1,7,4,All Years Model,,,,,,,,,,,,,,,,,
2026-05-05,823873,Miami Marlins,Baltimore Orioles,Miami Marlins,Baltimore Orioles,0,True,Final,0.5491,0.4509,0.5491,1,0,7,9,All Years Model,,,,,,,,,,,,,,,,,
2026-05-05,824119,Kansas City Royals,Cleveland Guardians,Cleveland Guardians,Kansas City Royals,0,True,Final,0.51,0.49,0.51,0,1,5,3,All Years Model,,,,,,,,,,,,,,,,,
2026-05-05,824200,Houston Astros,Los Angeles Dodgers,Los Angeles Dodgers,Houston Astros,0,True,Final,0.4711,0.5289,0.5289,0,1,2,1,All Years Model,,,,,,,,,,,,,,,,,
2026-05-05,824281,Detroit Tigers,Boston Red Sox,Boston Red Sox,Boston Red Sox,1,True,Final,0.5181,0.4819,0.5181,0,0,3,10,All Years Model,,,,,,,,,,,,,,,,,
2026-05-05,824682,Chicago Cubs,Cincinnati Reds,Chicago Cubs,Chicago Cubs,1,True,Final,0.5634,0.4366,0.5634,1,1,3,2,All Years Model,,,,,,,,,,,,,,,,,
2026-05-06,822740,Washington Nationals,Minnesota Twins,Washington Nationals,Washington Nationals,1,True,Final,0.529,0.471,0.529,1,1,15,2,All Years Model,,,,,,,,,,,,,,,,,
2026-05-06,822985,Tampa Bay Rays,Toronto Blue Jays,Tampa Bay Rays,Tampa Bay Rays,1,True,Final,0.5882,0.4118,0.5882,1,1,3,0,All Years Model,,,,,,,,,,,,,,,,,
2026-05-06,823063,St. Louis Cardinals,Milwaukee Brewers,St. Louis Cardinals,Milwaukee Brewers,0,True,Final,0.564,0.436,0.564,1,0,2,6,All Years Model,,,,,,,,,,,,,,,,,
2026-05-06,823141,Seattle Mariners,Atlanta Braves,Atlanta Braves,Seattle Mariners,0,True,Final,0.5038,0.4962,0.5038,0,1,3,1,All Years Model,,,,,,,,,,,,,,,,,
2026-05-06,823226,San Francisco Giants,San Diego Padres,San Francisco Giants,San Diego Padres,0,True,Final,0.5459,0.4541,0.5459,1,0,1,5,All Years Model,,,,,,,,,,,,,,,,,
2026-05-06,823470,Philadelphia Phillies,Athletics,Philadelphia Phillies,Philadelphia Phillies,1,True,Final,0.5767,0.4233,0.5767,1,1,6,3,All Years Model,,,,,,,,,,,,,,,,,
2026-05-06,823550,New York Yankees,Texas Rangers,New York Yankees,Texas Rangers,0,True,Final,0.5868,0.4132,0.5868,1,0,1,6,All Years Model,,,,,,,,,,,,,,,,,
2026-05-06,823872,Miami Marlins,Baltimore Orioles,Miami Marlins,Baltimore Orioles,0,True,Final,0.5641,0.4359,0.5641,1,0,4,7,All Years Model,,,,,,,,,,,,,,,,,
2026-05-06,824036,Los Angeles Angels,Chicago White Sox,Chicago White Sox,Los Angeles Angels,0,True,Final,0.5161,0.4839,0.5161,0,1,8,2,All Years Model,,,,,,,,,,,,,,,,,
2026-05-06,824118,Kansas City Royals,Cleveland Guardians,Cleveland Guardians,Cleveland Guardians,1,True,Final,0.4875,0.5125,0.5125,0,0,1,3,All Years Model,,,,,,,,,,,,,,,,,
2026-05-06,824198,Houston Astros,Los Angeles Dodgers,Houston Astros,Los Angeles Dodgers,0,True,Final,0.5264,0.4736,0.5264,1,0,2,12,All Years Model,,,,,,,,,,,,,,,,,
2026-05-06,824282,Detroit Tigers,Boston Red Sox,Boston Red Sox,Boston Red Sox,1,True,Final,0.499,0.501,0.501,0,0,0,4,All Years Model,,,,,,,,,,,,,,,,,
2026-05-06,824683,Chicago Cubs,Cincinnati Reds,Chicago Cubs,Chicago Cubs,1,True,Final,0.5636,0.4364,0.5636,1,1,7,6,All Years Model,,,,,,,,,,,,,,,,,
2026-05-06,825091,Arizona Diamondbacks,Pittsburgh Pirates,Pittsburgh Pirates,Pittsburgh Pirates,1,True,Final,0.5068,0.4932,0.5068,0,0,0,1,All Years Model,,,,,,,,,,,,,,,,,
2026-05-07,822741,Washington Nationals,Minnesota Twins,Washington Nationals,Washington Nationals,1,True,Final,0.5423,0.4577,0.5423,1,1,7,5,All Years Model,,,,,,,,,,,,,,,,,
2026-05-07,823467,Philadelphia Phillies,Athletics,Philadelphia Phillies,Athletics,0,True,Final,0.5656,0.4344,0.5656,1,0,1,12,All Years Model,,,,,,,,,,,,,,,,,
2026-05-07,823551,New York Yankees,Texas Rangers,New York Yankees,New York Yankees,1,True,Final,0.5694,0.4306,0.5694,1,1,9,2,All Years Model,,,,,,,,,,,,,,,,,
2026-05-07,823870,Miami Marlins,Baltimore Orioles,Miami Marlins,Miami Marlins,1,True,Final,0.5428,0.4572,0.5428,1,1,4,3,All Years Model,,,,,,,,,,,,,,,,,
2026-05-07,824117,Kansas City Royals,Cleveland Guardians,Kansas City Royals,Cleveland Guardians,0,True,Final,0.5295,0.4705,0.5295,1,0,5,8,All Years Model,,,,,,,,,,,,,,,,,
2026-05-07,824362,Colorado Rockies,New York Mets,Colorado Rockies,Colorado Rockies,1,True,Final,0.5274,0.4726,0.5274,1,1,6,2,All Years Model,,,,,,,,,,,,,,,,,
2026-05-07,824681,Chicago Cubs,Cincinnati Reds,Chicago Cubs,Chicago Cubs,1,True,Final,0.5738,0.4262,0.5738,1,1,8,3,All Years Model,,,,,,,,,,,,,,,,,
2026-05-07,824767,Boston Red Sox,Tampa Bay Rays,Boston Red Sox,Tampa Bay Rays,0,True,Final,0.5442,0.4558,0.5442,1,0,4,8,All Years Model,,,,,,,,,,,,,,,,,
2026-05-07,825090,Arizona Diamondbacks,Pittsburgh Pirates,Arizona Diamondbacks,Pittsburgh Pirates,0,True,Final,0.5444,0.4556,0.5444,1,0,2,4,All Years Model,,,,,,,,,,,,,,,,,
2026-05-08,822822,Toronto Blue Jays,Los Angeles Angels,Toronto Blue Jays,Toronto Blue Jays,1,True,Final,0.5594,0.4406,0.5594,1,1,2,0,All Years Model,,,,,,,,,,,,,,,,,
2026-05-08,822904,Texas Rangers,Chicago Cubs,Texas Rangers,Chicago Cubs,0,True,Final,0.5362,0.4638,0.5362,1,0,1,7,All Years Model,,,,,,,,,,,,,,,,,
2026-05-08,823466,Philadelphia Phillies,Colorado Rockies,Philadelphia Phillies,Colorado Rockies,0,True,Final,0.5958,0.4042,0.5958,1,0,7,9,All Years Model,,,,,,,,,,,,,,,,,
2026-05-08,823794,Milwaukee Brewers,New York Yankees,New York Yankees,Milwaukee Brewers,0,True,Final,0.4846,0.5154,0.5154,0,1,6,0,All Years Model,,,,,,,,,,,,,,,,,
2026-05-08,823871,Miami Marlins,Washington Nationals,Washington Nationals,Washington Nationals,1,True,Final,0.4977,0.5023,0.5023,0,0,2,3,All Years Model,,,,,,,,,,,,,,,,,
2026-05-08,824116,Kansas City Royals,Detroit Tigers,Kansas City Royals,Kansas City Royals,1,True,Final,0.538,0.462,0.538,1,1,4,3,All Years Model,,,,,,,,,,,,,,,,,
2026-05-08,824443,Cleveland Guardians,Minnesota Twins,Cleveland Guardians,Cleveland Guardians,1,True,Final,0.576,0.424,0.576,1,1,6,4,All Years Model,,,,,,,,,,,,,,,,,
2026-05-08,824522,Cincinnati Reds,Houston Astros,Houston Astros,Houston Astros,1,True,Final,0.5113,0.4887,0.5113,0,0,0,10,All Years Model,,,,,,,,,,,,,,,,,
2026-05-08,824607,Chicago White Sox,Seattle Mariners,Chicago White Sox,Seattle Mariners,0,True,Final,0.5549,0.4451,0.5549,1,0,8,12,All Years Model,,,,,,,,,,,,,,,,,
2026-05-08,824768,Boston Red Sox,Tampa Bay Rays,Tampa Bay Rays,Boston Red Sox,0,True,Final,0.5083,0.4917,0.5083,0,1,2,0,All Years Model,,,,,,,,,,,,,,,,,
2026-05-08,824846,Baltimore Orioles,Athletics,Baltimore Orioles,Athletics,0,True,Final,0.5401,0.4599,0.5401,1,0,3,4,All Years Model,,,,,,,,,,,,,,,,,
2026-05-09,822820,Toronto Blue Jays,Los Angeles Angels,Toronto Blue Jays,Toronto Blue Jays,1,True,Final,0.5669,0.4331,0.5669,1,1,14,1,All Years Model,,,,,,,,,,,,,,,,,
2026-05-09,822905,Texas Rangers,Chicago Cubs,Chicago Cubs,Texas Rangers,0,True,Final,0.5023,0.4977,0.5023,0,1,6,0,All Years Model,,,,,,,,,,,,,,,,,
2026-05-09,823304,San Diego Padres,St. Louis Cardinals,St. Louis Cardinals,San Diego Padres,0,True,Final,0.5086,0.4914,0.5086,0,1,4,2,All Years Model,,,,,,,,,,,,,,,,,
2026-05-09,823468,Philadelphia Phillies,Colorado Rockies,Philadelphia Phillies,Philadelphia Phillies,1,True,Final,0.5836,0.4164,0.5836,1,1,9,3,All Years Model,,,,,,,,,,,,,,,,,
2026-05-09,823792,Milwaukee Brewers,New York Yankees,New York Yankees,Milwaukee Brewers,0,True,Final,0.4771,0.5229,0.5229,0,1,4,3,All Years Model,,,,,,,,,,,,,,,,,
2026-05-09,823869,Miami Marlins,Washington Nationals,Washington Nationals,Miami Marlins,0,True,Final,0.4946,0.5054,0.5054,0,1,8,7,All Years Model,,,,,,,,,,,,,,,,,
2026-05-09,823955,Los Angeles Dodgers,Atlanta Braves,Los Angeles Dodgers,Atlanta Braves,0,True,Final,0.543,0.457,0.543,1,0,2,7,All Years Model,,,,,,,,,,,,,,,,,
2026-05-09,824115,Kansas City Royals,Detroit Tigers,Kansas City Royals,Kansas City Royals,1,True,Final,0.5636,0.4364,0.5636,1,1,5,1,All Years Model,,,,,,,,,,,,,,,,,
2026-05-09,824444,Cleveland Guardians,Minnesota Twins,Cleveland Guardians,Minnesota Twins,0,True,Final,0.5725,0.4275,0.5725,1,0,1,2,All Years Model,,,,,,,,,,,,,,,,,
2026-05-09,824523,Cincinnati Reds,Houston Astros,Houston Astros,Cincinnati Reds,0,True,Final,0.5081,0.4919,0.5081,0,1,3,1,All Years Model,,,,,,,,,,,,,,,,,
2026-05-09,824606,Chicago White Sox,Seattle Mariners,Chicago White Sox,Chicago White Sox,1,True,Final,0.53,0.47,0.53,1,1,6,1,All Years Model,,,,,,,,,,,,,,,,,
2026-05-09,824847,Baltimore Orioles,Athletics,Baltimore Orioles,Athletics,0,True,Final,0.5321,0.4679,0.5321,1,0,2,6,All Years Model,,,,,,,,,,,,,,,,,
2026-05-09,825089,Arizona Diamondbacks,New York Mets,Arizona Diamondbacks,Arizona Diamondbacks,1,True,Final,0.5252,0.4748,0.5252,1,1,2,1,All Years Model,,,,,,,,,,,,,,,,,
2026-05-10,822819,Toronto Blue Jays,Los Angeles Angels,Toronto Blue Jays,Los Angeles Angels,0,True,Final,0.5567,0.4433,0.5567,1,0,1,6,All Years Model,,,,,,,,,,,,,,,,,
2026-05-10,822902,Texas Rangers,Chicago Cubs,Texas Rangers,Texas Rangers,1,True,Final,0.5384,0.4616,0.5384,1,1,3,0,All Years Model,,,,,,,,,,,,,,,,,
2026-05-10,823221,San Francisco Giants,Pittsburgh Pirates,San Francisco Giants,San Francisco Giants,1,True,Final,0.5547,0.4453,0.5547,1,1,7,6,All Years Model,,,,,,,,,,,,,,,,,
2026-05-10,823305,San Diego Padres,St. Louis Cardinals,San Diego Padres,San Diego Padres,1,True,Final,0.5239,0.4761,0.5239,1,1,3,2,All Years Model,,,,,,,,,,,,,,,,,
2026-05-10,823463,Philadelphia Phillies,Colorado Rockies,Philadelphia Phillies,Philadelphia Phillies,1,True,Final,0.5988,0.4012,0.5988,1,1,6,0,All Years Model,,,,,,,,,,,,,,,,,
2026-05-10,823793,Milwaukee Brewers,New York Yankees,New York Yankees,Milwaukee Brewers,0,True,Final,0.5111,0.4889,0.5111,0,1,4,3,All Years Model,,,,,,,,,,,,,,,,,
2026-05-10,823868,Miami Marlins,Washington Nationals,Washington Nationals,Miami Marlins,0,True,Final,0.5017,0.4983,0.5017,0,1,5,2,All Years Model,,,,,,,,,,,,,,,,,
2026-05-10,823954,Los Angeles Dodgers,Atlanta Braves,Los Angeles Dodgers,Atlanta Braves,0,True,Final,0.5489,0.4511,0.5489,1,0,2,7,All Years Model,,,,,,,,,,,,,,,,,
2026-05-10,824113,Kansas City Royals,Detroit Tigers,Kansas City Royals,Detroit Tigers,0,True,Final,0.5504,0.4496,0.5504,1,0,3,6,All Years Model,,,,,,,,,,,,,,,,,
2026-05-10,824440,Cleveland Guardians,Minnesota Twins,Cleveland Guardians,Minnesota Twins,0,True,Final,0.5646,0.4354,0.5646,1,0,4,5,All Years Model,,,,,,,,,,,,,,,,,
2026-05-10,824520,Cincinnati Reds,Houston Astros,Houston Astros,Cincinnati Reds,0,True,Final,0.5164,0.4836,0.5164,0,1,5,0,All Years Model,,,,,,,,,,,,,,,,,
2026-05-10,824605,Chicago White Sox,Seattle Mariners,Chicago White Sox,Chicago White Sox,1,True,Final,0.5395,0.4605,0.5395,1,1,2,1,All Years Model,,,,,,,,,,,,,,,,,
2026-05-10,824765,Boston Red Sox,Tampa Bay Rays,Boston Red Sox,Tampa Bay Rays,0,True,Final,0.5217,0.4783,0.5217,1,0,1,4,All Years Model,,,,,,,,,,,,,,,,,
2026-05-10,824845,Baltimore Orioles,Athletics,Baltimore Orioles,Baltimore Orioles,1,True,Final,0.5351,0.4649,0.5351,1,1,2,1,All Years Model,,,,,,,,,,,,,,,,,
2026-05-10,825085,Arizona Diamondbacks,New York Mets,Arizona Diamondbacks,Arizona Diamondbacks,1,True,Final,0.5309,0.4691,0.5309,1,1,5,1,All Years Model,,,,,,,,,,,,,,,,,
2026-05-11,822818,Toronto Blue Jays,Tampa Bay Rays,Tampa Bay Rays,Tampa Bay Rays,1,True,Final,0.4957,0.5043,0.5043,0,0,5,8,All Years Model,,,,,,,,,,,,,,,,,
2026-05-11,822901,Texas Rangers,Arizona Diamondbacks,Texas Rangers,Arizona Diamondbacks,0,True,Final,0.548,0.452,0.548,1,0,0,1,All Years Model,,,,,,,,,,,,,,,,,
2026-05-11,824199,Houston Astros,Seattle Mariners,Houston Astros,Seattle Mariners,0,True,Final,0.5355,0.4645,0.5355,1,0,1,3,All Years Model,,,,,,,,,,,,,,,,,
2026-05-11,824441,Cleveland Guardians,Los Angeles Angels,Cleveland Guardians,Cleveland Guardians,1,True,Final,0.5595,0.4405,0.5595,1,1,7,2,All Years Model,,,,,,,,,,,,,,,,,
2026-05-11,824844,Baltimore Orioles,New York Yankees,New York Yankees,Baltimore Orioles,0,True,Final,0.4642,0.5358,0.5358,0,1,3,2,All Years Model,,,,,,,,,,,,,,,,,
2026-05-12,822817,Toronto Blue Jays,Tampa Bay Rays,Tampa Bay Rays,Tampa Bay Rays,1,True,Final,0.496,0.504,0.504,0,0,6,7,All Years Model,,,,,,,,,,,,,,,,,
2026-05-12,822903,Texas Rangers,Arizona Diamondbacks,Texas Rangers,Texas Rangers,1,True,Final,0.5335,0.4665,0.5335,1,1,7,4,All Years Model,,,,,,,,,,,,,,,,,
2026-05-12,823385,Pittsburgh Pirates,Colorado Rockies,Pittsburgh Pirates,Pittsburgh Pirates,1,True,Final,0.5749,0.4251,0.5749,1,1,3,1,All Years Model,,,,,,,,,,,,,,,,,
2026-05-12,823632,New York Mets,Detroit Tigers,New York Mets,New York Mets,1,True,Final,0.5532,0.4468,0.5532,1,1,10,2,All Years Model,,,,,,,,,,,,,,,,,
2026-05-12,823712,Minnesota Twins,Miami Marlins,Minnesota Twins,Minnesota Twins,1,True,Final,0.5443,0.4557,0.5443,1,1,3,0,All Years Model,,,,,,,,,,,,,,,,,
2026-05-12,823790,Milwaukee Brewers,San Diego Padres,Milwaukee Brewers,Milwaukee Brewers,1,True,Final,0.5461,0.4539,0.5461,1,1,6,4,All Years Model,,,,,,,,,,,,,,,,,
2026-05-12,824197,Houston Astros,Seattle Mariners,Houston Astros,Seattle Mariners,0,True,Final,0.5471,0.4529,0.5471,1,0,2,10,All Years Model,,,,,,,,,,,,,,,,,
2026-05-12,824442,Cleveland Guardians,Los Angeles Angels,Los Angeles Angels,Cleveland Guardians,0,True,Final,0.5139,0.4861,0.5139,0,1,3,2,All Years Model,,,,,,,,,,,,,,,,,
2026-05-12,824521,Cincinnati Reds,Washington Nationals,Cincinnati Reds,Washington Nationals,0,True,Final,0.5253,0.4747,0.5253,1,0,4,10,All Years Model,,,,,,,,,,,,,,,,,
2026-05-12,824604,Chicago White Sox,Kansas City Royals,Chicago White Sox,Chicago White Sox,1,True,Final,0.5297,0.4703,0.5297,1,1,6,5,All Years Model,,,,,,,,,,,,,,,,,
2026-05-12,824764,Boston Red Sox,Philadelphia Phillies,Boston Red Sox,Philadelphia Phillies,0,True,Final,0.5449,0.4551,0.5449,1,0,1,2,All Years Model,,,,,,,,,,,,,,,,,
2026-05-12,824843,Baltimore Orioles,New York Yankees,New York Yankees,New York Yankees,1,True,Final,0.5175,0.4825,0.5175,0,0,2,6,All Years Model,,,,,,,,,,,,,,,,,
2026-05-12,824927,Atlanta Braves,Chicago Cubs,Atlanta Braves,Atlanta Braves,1,True,Final,0.5479,0.4521,0.5479,1,1,5,2,All Years Model,,,,,,,,,,,,,,,,,
2026-05-13,822815,Toronto Blue Jays,Tampa Bay Rays,Tampa Bay Rays,Toronto Blue Jays,0,True,Final,0.5151,0.4849,0.5151,0,1,5,3,All Years Model,,,,,,,,,,,,,,,,,
2026-05-13,822900,Texas Rangers,Arizona Diamondbacks,Texas Rangers,Texas Rangers,1,True,Final,0.5297,0.4703,0.5297,1,1,6,5,All Years Model,,,,,,,,,,,,,,,,,
2026-05-13,823386,Pittsburgh Pirates,Colorado Rockies,Pittsburgh Pirates,Colorado Rockies,0,True,Final,0.5436,0.4564,0.5436,1,0,4,10,All Years Model,,,,,,,,,,,,,,,,,
2026-05-13,823631,New York Mets,Detroit Tigers,New York Mets,New York Mets,1,True,Final,0.5494,0.4506,0.5494,1,1,3,2,All Years Model,,,,,,,,,,,,,,,,,
2026-05-13,823710,Minnesota Twins,Miami Marlins,Minnesota Twins,Miami Marlins,0,True,Final,0.5506,0.4494,0.5506,1,0,5,9,All Years Model,,,,,,,,,,,,,,,,,
2026-05-13,823791,Milwaukee Brewers,San Diego Padres,Milwaukee Brewers,San Diego Padres,0,True,Final,0.5544,0.4456,0.5544,1,0,1,3,All Years Model,,,,,,,,,,,,,,,,,
2026-05-13,824195,Houston Astros,Seattle Mariners,Houston Astros,Houston Astros,1,True,Final,0.561,0.439,0.561,1,1,4,3,All Years Model,,,,,,,,,,,,,,,,,
2026-05-13,824438,Cleveland Guardians,Los Angeles Angels,Cleveland Guardians,Cleveland Guardians,1,True,Final,0.561,0.439,0.561,1,1,4,2,All Years Model,,,,,,,,,,,,,,,,,
2026-05-13,824519,Cincinnati Reds,Washington Nationals,Cincinnati Reds,Washington Nationals,0,True,Final,0.5338,0.4662,0.5338,1,0,7,8,All Years Model,,,,,,,,,,,,,,,,,
2026-05-13,824603,Chicago White Sox,Kansas City Royals,Chicago White Sox,Chicago White Sox,1,True,Final,0.5295,0.4705,0.5295,1,1,6,5,All Years Model,,,,,,,,,,,,,,,,,
2026-05-13,824763,Boston Red Sox,Philadelphia Phillies,Boston Red Sox,Boston Red Sox,1,True,Final,0.5741,0.4259,0.5741,1,1,3,1,All Years Model,,,,,,,,,,,,,,,,,
2026-05-13,824841,Baltimore Orioles,New York Yankees,New York Yankees,Baltimore Orioles,0,True,Final,0.4837,0.5163,0.5163,0,1,7,0,All Years Model,,,,,,,,,,,,,,,,,
2026-05-13,824928,Atlanta Braves,Chicago Cubs,Atlanta Braves,Atlanta Braves,1,True,Final,0.5393,0.4607,0.5393,1,1,4,1,All Years Model,,,,,,,,,,,,,,,,,
2026-05-14,823383,Pittsburgh Pirates,Colorado Rockies,Pittsburgh Pirates,Pittsburgh Pirates,1,True,Final,0.5793,0.4207,0.5793,1,1,7,2,All Years Model,,,,,,,,,,,,,,,,,
2026-05-14,823630,New York Mets,Detroit Tigers,New York Mets,New York Mets,1,True,Final,0.5737,0.4263,0.5737,1,1,9,4,All Years Model,,,,,,,,,,,,,,,,,
2026-05-14,823709,Minnesota Twins,Miami Marlins,Minnesota Twins,Minnesota Twins,1,True,Final,0.5409,0.4591,0.5409,1,1,9,1,All Years Model,,,,,,,,,,,,,,,,,
2026-05-14,823789,Milwaukee Brewers,San Diego Padres,Milwaukee Brewers,Milwaukee Brewers,1,True,Final,0.5652,0.4348,0.5652,1,1,7,1,All Years Model,,,,,,,,,,,,,,,,,
2026-05-14,824196,Houston Astros,Seattle Mariners,Houston Astros,Seattle Mariners,0,True,Final,0.5419,0.4581,0.5419,1,0,3,8,All Years Model,,,,,,,,,,,,,,,,,
2026-05-14,824517,Cincinnati Reds,Washington Nationals,Washington Nationals,Cincinnati Reds,0,True,Final,0.5176,0.4824,0.5176,0,1,15,1,All Years Model,,,,,,,,,,,,,,,,,
2026-05-14,824602,Chicago White Sox,Kansas City Royals,Chicago White Sox,Chicago White Sox,1,True,Final,0.5285,0.4715,0.5285,1,1,6,2,All Years Model,,,,,,,,,,,,,,,,,
2026-05-14,824762,Boston Red Sox,Philadelphia Phillies,Boston Red Sox,Philadelphia Phillies,0,True,Final,0.5597,0.4403,0.5597,1,0,1,3,All Years Model,,,,,,,,,,,,,,,,,
2026-05-14,824926,Atlanta Braves,Chicago Cubs,Atlanta Braves,Chicago Cubs,0,True,Final,0.5839,0.4161,0.5839,1,0,0,2,All Years Model,,,,,,,,,,,,,,,,,
2026-05-14,825008,Athletics,St. Louis Cardinals,St. Louis Cardinals,St. Louis Cardinals,1,True,Final,0.4865,0.5135,0.5135,0,0,4,5,All Years Model,,,,,,,,,,,,,,,,,
2026-05-15,822739,Washington Nationals,Baltimore Orioles,Washington Nationals,Washington Nationals,1,True,Final,0.5377,0.4623,0.5377,1,1,3,2,All Years Model,,,,,,,,,,,,,,,,,
2026-05-15,822983,Tampa Bay Rays,Miami Marlins,Tampa Bay Rays,Tampa Bay Rays,1,True,Final,0.5883,0.4117,0.5883,1,1,7,2,All Years Model,,,,,,,,,,,,,,,,,
2026-05-15,823061,St. Louis Cardinals,Kansas City Royals,St. Louis Cardinals,St. Louis Cardinals,1,True,Final,0.5668,0.4332,0.5668,1,1,5,4,All Years Model,,,,,,,,,,,,,,,,,
2026-05-15,823384,Pittsburgh Pirates,Philadelphia Phillies,Pittsburgh Pirates,Philadelphia Phillies,0,True,Final,0.5356,0.4644,0.5356,1,0,9,11,All Years Model,,,,,,,,,,,,,,,,,
2026-05-15,823629,New York Mets,New York Yankees,New York Yankees,New York Yankees,1,True,Final,0.5177,0.4823,0.5177,0,0,2,5,All Years Model,,,,,,,,,,,,,,,,,
2026-05-15,823707,Minnesota Twins,Milwaukee Brewers,Milwaukee Brewers,Milwaukee Brewers,1,True,Final,0.5185,0.4815,0.5185,0,0,2,3,All Years Model,,,,,,,,,,,,,,,,,
2026-05-15,824194,Houston Astros,Texas Rangers,Houston Astros,Houston Astros,1,True,Final,0.5373,0.4627,0.5373,1,1,2,0,All Years Model,,,,,,,,,,,,,,,,,
2026-05-15,824280,Detroit Tigers,Toronto Blue Jays,Toronto Blue Jays,Detroit Tigers,0,True,Final,0.4851,0.5149,0.5149,0,1,3,2,All Years Model,,,,,,,,,,,,,,,,,
2026-05-15,824360,Colorado Rockies,Arizona Diamondbacks,Arizona Diamondbacks,Arizona Diamondbacks,1,True,Final,0.4919,0.5081,0.5081,0,0,1,9,All Years Model,,,,,,,,,,,,,,,,,
2026-05-15,824439,Cleveland Guardians,Cincinnati Reds,Cleveland Guardians,Cincinnati Reds,0,True,Final,0.5573,0.4427,0.5573,1,0,6,7,All Years Model,,,,,,,,,,,,,,,,,
2026-05-15,824601,Chicago White Sox,Chicago Cubs,Chicago White Sox,Chicago Cubs,0,True,Final,0.5342,0.4658,0.5342,1,0,5,10,All Years Model,,,,,,,,,,,,,,,,,
2026-05-15,824925,Atlanta Braves,Boston Red Sox,Atlanta Braves,Atlanta Braves,1,True,Final,0.5409,0.4591,0.5409,1,1,3,2,All Years Model,,,,,,,,,,,,,,,,,
2026-05-16,822737,Washington Nationals,Baltimore Orioles,Washington Nationals,Washington Nationals,1,True,Final,0.526,0.474,0.526,1,1,13,3,All Years Model,,,,,,,,,,,,,,,,,
2026-05-16,822981,Tampa Bay Rays,Miami Marlins,Tampa Bay Rays,Miami Marlins,0,True,Final,0.5868,0.4132,0.5868,1,0,5,10,All Years Model,,,,,,,,,,,,,,,,,
2026-05-16,823060,St. Louis Cardinals,Kansas City Royals,St. Louis Cardinals,St. Louis Cardinals,1,True,Final,0.5687,0.4313,0.5687,1,1,4,2,All Years Model,,,,,,,,,,,,,,,,,
2026-05-16,823139,Seattle Mariners,San Diego Padres,Seattle Mariners,San Diego Padres,0,True,Final,0.5294,0.4706,0.5294,1,0,4,7,All Years Model,,,,,,,,,,,,,,,,,
2026-05-16,823382,Pittsburgh Pirates,Philadelphia Phillies,Philadelphia Phillies,Philadelphia Phillies,1,True,Final,0.4845,0.5155,0.5155,0,0,0,6,All Years Model,,,,,,,,,,,,,,,,,
2026-05-16,823627,New York Mets,New York Yankees,New York Mets,New York Mets,1,True,Final,0.5355,0.4645,0.5355,1,1,6,3,All Years Model,,,,,,,,,,,,,,,,,
2026-05-16,823706,Minnesota Twins,Milwaukee Brewers,Milwaukee Brewers,Milwaukee Brewers,1,True,Final,0.5166,0.4834,0.5166,0,0,1,2,All Years Model,,,,,,,,,,,,,,,,,
2026-05-16,824193,Houston Astros,Texas Rangers,Texas Rangers,Houston Astros,0,True,Final,0.5169,0.4831,0.5169,0,1,4,1,All Years Model,,,,,,,,,,,,,,,,,
2026-05-16,824278,Detroit Tigers,Toronto Blue Jays,Toronto Blue Jays,Toronto Blue Jays,1,True,Final,0.5151,0.4849,0.5151,0,0,1,2,All Years Model,,,,,,,,,,,,,,,,,
2026-05-16,824359,Colorado Rockies,Arizona Diamondbacks,Arizona Diamondbacks,Colorado Rockies,0,True,Final,0.482,0.518,0.518,0,1,4,2,All Years Model,,,,,,,,,,,,,,,,,
2026-05-16,824435,Cleveland Guardians,Cincinnati Reds,Cleveland Guardians,Cleveland Guardians,1,True,Final,0.5652,0.4348,0.5652,1,1,7,4,All Years Model,,,,,,,,,,,,,,,,,
2026-05-16,824600,Chicago White Sox,Chicago Cubs,Chicago White Sox,Chicago White Sox,1,True,Final,0.5308,0.4692,0.5308,1,1,8,3,All Years Model,,,,,,,,,,,,,,,,,
2026-05-16,824924,Atlanta Braves,Boston Red Sox,Atlanta Braves,Boston Red Sox,0,True,Final,0.5482,0.4518,0.5482,1,0,2,3,All Years Model,,,,,,,,,,,,,,,,,
2026-05-17,822738,Washington Nationals,Baltimore Orioles,Washington Nationals,Baltimore Orioles,0,True,Final,0.5407,0.4593,0.5407,1,0,3,7,All Years Model,,,,,,,,,,,,,,,,,
2026-05-17,822982,Tampa Bay Rays,Miami Marlins,Tampa Bay Rays,Tampa Bay Rays,1,True,Final,0.6073,0.3927,0.6073,1,1,6,3,All Years Model,,,,,,,,,,,,,,,,,
2026-05-17,823058,St. Louis Cardinals,Kansas City Royals,St. Louis Cardinals,Kansas City Royals,0,True,Final,0.5632,0.4368,0.5632,1,0,0,2,All Years Model,,,,,,,,,,,,,,,,,
2026-05-17,823138,Seattle Mariners,San Diego Padres,Seattle Mariners,San Diego Padres,0,True,Final,0.5276,0.4724,0.5276,1,0,3,8,All Years Model,,,,,,,,,,,,,,,,,
2026-05-17,823381,Pittsburgh Pirates,Philadelphia Phillies,Philadelphia Phillies,Philadelphia Phillies,1,True,Final,0.5191,0.4809,0.5191,0,0,0,6,All Years Model,,,,,,,,,,,,,,,,,
2026-05-17,823628,New York Mets,New York Yankees,New York Mets,New York Mets,1,True,Final,0.5547,0.4453,0.5547,1,1,7,6,All Years Model,,,,,,,,,,,,,,,,,
2026-05-17,823708,Minnesota Twins,Milwaukee Brewers,Minnesota Twins,Minnesota Twins,1,True,Final,0.54,0.46,0.54,1,1,5,4,All Years Model,,,,,,,,,,,,,,,,,
2026-05-17,824034,Los Angeles Angels,Los Angeles Dodgers,Los Angeles Angels,Los Angeles Dodgers,0,True,Final,0.5221,0.4779,0.5221,1,0,1,10,All Years Model,,,,,,,,,,,,,,,,,
2026-05-17,824192,Houston Astros,Texas Rangers,Houston Astros,Texas Rangers,0,True,Final,0.5276,0.4724,0.5276,1,0,0,8,All Years Model,,,,,,,,,,,,,,,,,
2026-05-17,824279,Detroit Tigers,Toronto Blue Jays,Toronto Blue Jays,Toronto Blue Jays,1,True,Final,0.5096,0.4904,0.5096,0,0,1,4,All Years Model,,,,,,,,,,,,,,,,,
2026-05-17,824358,Colorado Rockies,Arizona Diamondbacks,Arizona Diamondbacks,Arizona Diamondbacks,1,True,Final,0.5083,0.4917,0.5083,0,0,6,8,All Years Model,,,,,,,,,,,,,,,,,
2026-05-17,824436,Cleveland Guardians,Cincinnati Reds,Cleveland Guardians,Cleveland Guardians,1,True,Final,0.5629,0.4371,0.5629,1,1,10,3,All Years Model,,,,,,,,,,,,,,,,,
2026-05-17,824599,Chicago White Sox,Chicago Cubs,Chicago White Sox,Chicago White Sox,1,True,Final,0.5283,0.4717,0.5283,1,1,9,8,All Years Model,,,,,,,,,,,,,,,,,
2026-05-17,824923,Atlanta Braves,Boston Red Sox,Atlanta Braves,Atlanta Braves,1,True,Final,0.5512,0.4488,0.5512,1,1,8,1,All Years Model,,,,,,,,,,,,,,,,,
2026-05-17,825006,Athletics,San Francisco Giants,Athletics,San Francisco Giants,0,True,Final,0.541,0.459,0.541,1,0,1,10,All Years Model,,,,,,,,,,,,,,,,,
2026-05-18,822734,Washington Nationals,New York Mets,New York Mets,New York Mets,1,True,Final,0.517,0.483,0.517,0,0,7,16,All Years Model,,,,,,,,,,,,,,,,,
2026-05-18,822980,Tampa Bay Rays,Baltimore Orioles,Tampa Bay Rays,Tampa Bay Rays,1,True,Final,0.5832,0.4168,0.5832,1,1,16,6,All Years Model,,,,,,,,,,,,,,,,,
2026-05-18,823465,Philadelphia Phillies,Cincinnati Reds,Philadelphia Phillies,Philadelphia Phillies,1,True,Final,0.5373,0.4627,0.5373,1,1,5,4,All Years Model,,,,,,,,,,,,,,,,,
2026-05-18,823549,New York Yankees,Toronto Blue Jays,New York Yankees,New York Yankees,1,True,Final,0.5616,0.4384,0.5616,1,1,7,6,All Years Model,,,,,,,,,,,,,,,,,
2026-05-18,823867,Miami Marlins,Atlanta Braves,Atlanta Braves,Miami Marlins,0,True,Final,0.4769,0.5231,0.5231,0,1,12,0,All Years Model,,,,,,,,,,,,,,,,,
2026-05-18,824114,Kansas City Royals,Boston Red Sox,Boston Red Sox,Boston Red Sox,1,True,Final,0.4944,0.5056,0.5056,0,0,1,3,All Years Model,,,,,,,,,,,,,,,,,
2026-05-18,824277,Detroit Tigers,Cleveland Guardians,Cleveland Guardians,Cleveland Guardians,1,True,Final,0.5146,0.4854,0.5146,0,0,2,8,All Years Model,,,,,,,,,,,,,,,,,
2026-05-18,824357,Colorado Rockies,Texas Rangers,Colorado Rockies,Colorado Rockies,1,True,Final,0.5276,0.4724,0.5276,1,1,7,6,All Years Model,,,,,,,,,,,,,,,,,
2026-05-18,824680,Chicago Cubs,Milwaukee Brewers,Chicago Cubs,Milwaukee Brewers,0,True,Final,0.546,0.454,0.546,1,0,3,9,All Years Model,,,,,,,,,,,,,,,,,
2026-05-19,822736,Washington Nationals,New York Mets,Washington Nationals,Washington Nationals,1,True,Final,0.5203,0.4797,0.5203,1,1,9,6,All Years Model,,,,,,,,,,,,,,,,,
2026-05-19,822979,Tampa Bay Rays,Baltimore Orioles,Tampa Bay Rays,Tampa Bay Rays,1,True,Final,0.5796,0.4204,0.5796,1,1,4,1,All Years Model,,,,,,,,,,,,,,,,,
2026-05-19,823059,St. Louis Cardinals,Pittsburgh Pirates,St. Louis Cardinals,St. Louis Cardinals,1,True,Final,0.555,0.445,0.555,1,1,9,6,All Years Model,,,,,,,,,,,,,,,,,
2026-05-19,823464,Philadelphia Phillies,Cincinnati Reds,Philadelphia Phillies,Cincinnati Reds,0,True,Final,0.535,0.465,0.535,1,0,1,4,All Years Model,,,,,,,,,,,,,,,,,
2026-05-19,823548,New York Yankees,Toronto Blue Jays,New York Yankees,New York Yankees,1,True,Final,0.5449,0.4551,0.5449,1,1,5,4,All Years Model,,,,,,,,,,,,,,,,,
2026-05-19,823704,Minnesota Twins,Houston Astros,Houston Astros,Houston Astros,1,True,Final,0.5198,0.4802,0.5198,0,0,1,2,All Years Model,,,,,,,,,,,,,,,,,
2026-05-19,823865,Miami Marlins,Atlanta Braves,Atlanta Braves,Atlanta Braves,1,True,Final,0.465,0.535,0.535,0,0,4,8,All Years Model,,,,,,,,,,,,,,,,,
2026-05-19,824112,Kansas City Royals,Boston Red Sox,Boston Red Sox,Boston Red Sox,1,True,Final,0.4846,0.5154,0.5154,0,0,1,7,All Years Model,,,,,,,,,,,,,,,,,
2026-05-19,824276,Detroit Tigers,Cleveland Guardians,Cleveland Guardians,Cleveland Guardians,1,True,Final,0.4874,0.5126,0.5126,0,0,3,4,All Years Model,,,,,,,,,,,,,,,,,
2026-05-19,824356,Colorado Rockies,Texas Rangers,Texas Rangers,Texas Rangers,1,True,Final,0.5052,0.4948,0.5052,0,0,0,10,All Years Model,,,,,,,,,,,,,,,,,
2026-05-19,824677,Chicago Cubs,Milwaukee Brewers,Milwaukee Brewers,Milwaukee Brewers,1,True,Final,0.5184,0.4816,0.5184,0,0,2,5,All Years Model,,,,,,,,,,,,,,,,,
2026-05-20,822735,Washington Nationals,New York Mets,New York Mets,Washington Nationals,0,True,Final,0.5126,0.4874,0.5126,0,1,8,4,All Years Model,,,,,,,,,,,,,,,,,
2026-05-20,822977,Tampa Bay Rays,Baltimore Orioles,Tampa Bay Rays,Tampa Bay Rays,1,True,Final,0.5949,0.4051,0.5949,1,1,5,3,All Years Model,,,,,,,,,,,,,,,,,
2026-05-20,823057,St. Louis Cardinals,Pittsburgh Pirates,St. Louis Cardinals,Pittsburgh Pirates,0,True,Final,0.5633,0.4367,0.5633,1,0,0,7,All Years Model,,,,,,,,,,,,,,,,,
2026-05-20,823134,Seattle Mariners,Chicago White Sox,Seattle Mariners,Seattle Mariners,1,True,Final,0.5203,0.4797,0.5203,1,1,5,4,All Years Model,,,,,,,,,,,,,,,,,
2026-05-20,823299,San Diego Padres,Los Angeles Dodgers,Los Angeles Dodgers,Los Angeles Dodgers,1,True,Final,0.4887,0.5113,0.5113,0,0,0,4,All Years Model,,,,,,,,,,,,,,,,,
2026-05-20,823462,Philadelphia Phillies,Cincinnati Reds,Philadelphia Phillies,Cincinnati Reds,0,True,Final,0.5553,0.4447,0.5553,1,0,4,9,All Years Model,,,,,,,,,,,,,,,,,
2026-05-20,823703,Minnesota Twins,Houston Astros,Minnesota Twins,Minnesota Twins,1,True,Final,0.5432,0.4568,0.5432,1,1,4,1,All Years Model,,,,,,,,,,,,,,,,,
2026-05-20,823866,Miami Marlins,Atlanta Braves,Atlanta Braves,Atlanta Braves,1,True,Final,0.4674,0.5326,0.5326,0,0,1,9,All Years Model,,,,,,,,,,,,,,,,,
2026-05-20,824111,Kansas City Royals,Boston Red Sox,Boston Red Sox,Boston Red Sox,1,True,Final,0.5041,0.4959,0.5041,0,0,3,4,All Years Model,,,,,,,,,,,,,,,,,
2026-05-20,824273,Detroit Tigers,Cleveland Guardians,Cleveland Guardians,Cleveland Guardians,1,True,Final,0.4932,0.5068,0.5068,0,0,2,3,All Years Model,,,,,,,,,,,,,,,,,
2026-05-20,824355,Colorado Rockies,Texas Rangers,Texas Rangers,Texas Rangers,1,True,Final,0.5122,0.4878,0.5122,0,0,4,5,All Years Model,,,,,,,,,,,,,,,,,
2026-05-20,824678,Chicago Cubs,Milwaukee Brewers,Chicago Cubs,Milwaukee Brewers,0,True,Final,0.5254,0.4746,0.5254,1,0,0,5,All Years Model,,,,,,,,,,,,,,,,,
2026-05-20,825084,Arizona Diamondbacks,San Francisco Giants,Arizona Diamondbacks,Arizona Diamondbacks,1,True,Final,0.5288,0.4712,0.5288,1,1,6,3,All Years Model,,,,,,,,,,,,,,,,,
2026-05-21,822733,Washington Nationals,New York Mets,New York Mets,New York Mets,1,True,Final,0.5135,0.4865,0.5135,0,0,1,2,All Years Model,,,,,,,,,,,,,,,,,
2026-05-21,823056,St. Louis Cardinals,Pittsburgh Pirates,St. Louis Cardinals,Pittsburgh Pirates,0,True,Final,0.5578,0.4422,0.5578,1,0,2,6,All Years Model,,,,,,,,,,,,,,,,,
2026-05-21,823545,New York Yankees,Toronto Blue Jays,New York Yankees,Toronto Blue Jays,0,True,Final,0.5354,0.4646,0.5354,1,0,0,2,All Years Model,,,,,,,,,,,,,,,,,
2026-05-21,823864,Miami Marlins,Atlanta Braves,Atlanta Braves,Atlanta Braves,1,True,Final,0.4692,0.5308,0.5308,0,0,3,9,All Years Model,,,,,,,,,,,,,,,,,
2026-05-21,824274,Detroit Tigers,Cleveland Guardians,Cleveland Guardians,Cleveland Guardians,1,True,Final,0.4895,0.5105,0.5105,0,0,1,3,All Years Model,,,,,,,,,,,,,,,,,
2026-05-22,822816,Toronto Blue Jays,Pittsburgh Pirates,Toronto Blue Jays,Toronto Blue Jays,1,True,Final,0.5582,0.4418,0.5582,1,1,6,2,All Years Model,,,,,,,,,,,,,,,,,
2026-05-22,823461,Philadelphia Phillies,Cleveland Guardians,Philadelphia Phillies,Cleveland Guardians,0,True,Final,0.5307,0.4693,0.5307,1,0,0,1,All Years Model,,,,,,,,,,,,,,,,,
2026-05-22,823546,New York Yankees,Tampa Bay Rays,New York Yankees,Tampa Bay Rays,0,True,Final,0.5294,0.4706,0.5294,1,0,2,4,All Years Model,,,,,,,,,,,,,,,,,
2026-05-22,823788,Milwaukee Brewers,Los Angeles Dodgers,Los Angeles Dodgers,Milwaukee Brewers,0,True,Final,0.5145,0.4855,0.5145,0,1,5,1,All Years Model,,,,,,,,,,,,,,,,,
2026-05-22,823863,Miami Marlins,New York Mets,New York Mets,Miami Marlins,0,True,Final,0.5039,0.4961,0.5039,0,1,2,1,All Years Model,,,,,,,,,,,,,,,,,
2026-05-22,824110,Kansas City Royals,Seattle Mariners,Seattle Mariners,Seattle Mariners,1,True,Final,0.5182,0.4818,0.5182,0,0,0,2,All Years Model,,,,,,,,,,,,,,,,,
2026-05-22,824679,Chicago Cubs,Houston Astros,Houston Astros,Houston Astros,1,True,Final,0.5199,0.4801,0.5199,0,0,2,4,All Years Model,,,,,,,,,,,,,,,,,
2026-05-22,824761,Boston Red Sox,Minnesota Twins,Boston Red Sox,Minnesota Twins,0,True,Final,0.5504,0.4496,0.5504,1,0,6,8,All Years Model,,,,,,,,,,,,,,,,,
2026-05-22,824842,Baltimore Orioles,Detroit Tigers,Baltimore Orioles,Baltimore Orioles,1,True,Final,0.525,0.475,0.525,1,1,7,4,All Years Model,,,,,,,,,,,,,,,,,
2026-05-22,824922,Atlanta Braves,Washington Nationals,Atlanta Braves,Atlanta Braves,1,True,Final,0.5686,0.4314,0.5686,1,1,5,4,All Years Model,,,,,,,,,,,,,,,,,
2026-05-23,822814,Toronto Blue Jays,Pittsburgh Pirates,Toronto Blue Jays,Toronto Blue Jays,1,True,Final,0.5386,0.4614,0.5386,1,1,5,2,All Years Model,,,,,,,,,,,,,,,,,
2026-05-23,823222,San Francisco Giants,Chicago White Sox,San Francisco Giants,San Francisco Giants,1,True,Final,0.5339,0.4661,0.5339,1,1,10,3,All Years Model,,,,,,,,,,,,,,,,,
2026-05-23,823458,Philadelphia Phillies,Cleveland Guardians,Philadelphia Phillies,Philadelphia Phillies,1,True,Final,0.5275,0.4725,0.5275,1,1,3,0,All Years Model,,,,,,,,,,,,,,,,,
2026-05-23,823787,Milwaukee Brewers,Los Angeles Dodgers,Milwaukee Brewers,Los Angeles Dodgers,0,True,Final,0.5477,0.4523,0.5477,1,0,3,11,All Years Model,,,,,,,,,,,,,,,,,
2026-05-23,823862,Miami Marlins,New York Mets,New York Mets,Miami Marlins,0,True,Final,0.493,0.507,0.507,0,1,4,1,All Years Model,,,,,,,,,,,,,,,,,
2026-05-23,824109,Kansas City Royals,Seattle Mariners,Kansas City Royals,Kansas City Royals,1,True,Final,0.5207,0.4793,0.5207,1,1,5,0,All Years Model,,,,,,,,,,,,,,,,,
2026-05-23,824516,Cincinnati Reds,St. Louis Cardinals,St. Louis Cardinals,Cincinnati Reds,0,True,Final,0.4936,0.5064,0.5064,0,1,7,6,All Years Model,,,,,,,,,,,,,,,,,
2026-05-23,824518,Cincinnati Reds,St. Louis Cardinals,St. Louis Cardinals,St. Louis Cardinals,1,True,Final,0.4975,0.5025,0.5025,0,0,1,8,All Years Model,,,,,,,,,,,,,,,,,
2026-05-23,824674,Chicago Cubs,Houston Astros,Chicago Cubs,Houston Astros,0,True,Final,0.5263,0.4737,0.5263,1,0,0,3,All Years Model,,,,,,,,,,,,,,,,,
2026-05-23,824760,Boston Red Sox,Minnesota Twins,Boston Red Sox,Minnesota Twins,0,True,Final,0.5748,0.4252,0.5748,1,0,2,4,All Years Model,,,,,,,,,,,,,,,,,
2026-05-23,824920,Atlanta Braves,Washington Nationals,Atlanta Braves,Washington Nationals,0,True,Final,0.5786,0.4214,0.5786,1,0,0,2,All Years Model,,,,,,,,,,,,,,,,,
2026-05-24,822813,Toronto Blue Jays,Pittsburgh Pirates,Toronto Blue Jays,Pittsburgh Pirates,0,True,Final,0.5671,0.4329,0.5671,1,0,1,4,All Years Model,,,,,,,,,,,,,,,,,
2026-05-24,823220,San Francisco Giants,Chicago White Sox,San Francisco Giants,San Francisco Giants,1,True,Final,0.546,0.454,0.546,1,1,8,5,All Years Model,,,,,,,,,,,,,,,,,
2026-05-24,823297,San Diego Padres,Athletics,San Diego Padres,Athletics,0,True,Final,0.5735,0.4265,0.5735,1,0,2,5,All Years Model,,,,,,,,,,,,,,,,,
2026-05-24,823459,Philadelphia Phillies,Cleveland Guardians,Cleveland Guardians,Cleveland Guardians,1,True,Final,0.5011,0.4989,0.5011,0,0,1,3,All Years Model,,,,,,,,,,,,,,,,,
2026-05-24,823544,New York Yankees,Tampa Bay Rays,Tampa Bay Rays,New York Yankees,0,True,Final,0.5135,0.4865,0.5135,0,1,2,0,All Years Model,,,,,,,,,,,,,,,,,
2026-05-24,823786,Milwaukee Brewers,Los Angeles Dodgers,Los Angeles Dodgers,Los Angeles Dodgers,1,True,Final,0.507,0.493,0.507,0,0,1,5,All Years Model,,,,,,,,,,,,,,,,,
2026-05-24,823861,Miami Marlins,New York Mets,New York Mets,Miami Marlins,0,True,Final,0.5119,0.4881,0.5119,0,1,4,0,All Years Model,,,,,,,,,,,,,,,,,
2026-05-24,824028,Los Angeles Angels,Texas Rangers,Texas Rangers,Los Angeles Angels,0,True,Final,0.5138,0.4862,0.5138,0,1,2,1,All Years Model,,,,,,,,,,,,,,,,,
2026-05-24,824108,Kansas City Royals,Seattle Mariners,Kansas City Royals,Kansas City Royals,1,True,Final,0.5221,0.4779,0.5221,1,1,8,6,All Years Model,,,,,,,,,,,,,,,,,
2026-05-24,824676,Chicago Cubs,Houston Astros,Chicago Cubs,Houston Astros,0,True,Final,0.54,0.46,0.54,1,0,5,8,All Years Model,,,,,,,,,,,,,,,,,
2026-05-24,824759,Boston Red Sox,Minnesota Twins,Boston Red Sox,Minnesota Twins,0,True,Final,0.5678,0.4322,0.5678,1,0,5,6,All Years Model,,,,,,,,,,,,,,,,,
2026-05-24,824839,Baltimore Orioles,Detroit Tigers,Baltimore Orioles,Baltimore Orioles,1,True,Final,0.5357,0.4643,0.5357,1,1,5,3,All Years Model,,,,,,,,,,,,,,,,,
2026-05-24,824840,Baltimore Orioles,Detroit Tigers,Baltimore Orioles,Detroit Tigers,0,True,Final,0.5272,0.4728,0.5272,1,0,1,4,All Years Model,,,,,,,,,,,,,,,,,
2026-05-24,824921,Atlanta Braves,Washington Nationals,Atlanta Braves,Washington Nationals,0,True,Final,0.5607,0.4393,0.5607,1,0,1,2,All Years Model,,,,,,,,,,,,,,,,,
2026-05-24,825081,Arizona Diamondbacks,Colorado Rockies,Arizona Diamondbacks,Arizona Diamondbacks,1,True,Final,0.5568,0.4432,0.5568,1,1,9,1,All Years Model,,,,,,,,,,,,,,,,,
2026-05-25,822812,Toronto Blue Jays,Miami Marlins,Toronto Blue Jays,Miami Marlins,0,True,Final,0.5812,0.4188,0.5812,1,0,2,8,All Years Model,,,,,,,,,,,,,,,,,
2026-05-25,822899,Texas Rangers,Houston Astros,Texas Rangers,Houston Astros,0,True,Final,0.5331,0.4669,0.5331,1,0,0,9,All Years Model,,,,,,,,,,,,,,,,,
2026-05-25,823219,San Francisco Giants,Arizona Diamondbacks,San Francisco Giants,Arizona Diamondbacks,0,True,Final,0.52,0.48,0.52,1,0,2,6,All Years Model,,,,,,,,,,,,,,,,,
2026-05-25,823296,San Diego Padres,Philadelphia Phillies,San Diego Padres,Philadelphia Phillies,0,True,Final,0.5333,0.4667,0.5333,1,0,0,3,All Years Model,,,,,,,,,,,,,,,,,
2026-05-25,823380,Pittsburgh Pirates,Chicago Cubs,Pittsburgh Pirates,Pittsburgh Pirates,1,True,Final,0.5283,0.4717,0.5283,1,1,2,1,All Years Model,,,,,,,,,,,,,,,,,
2026-05-25,823625,New York Mets,Cincinnati Reds,New York Mets,Cincinnati Reds,0,True,Final,0.579,0.421,0.579,1,0,2,7,All Years Model,,,,,,,,,,,,,,,,,
2026-05-25,823784,Milwaukee Brewers,St. Louis Cardinals,Milwaukee Brewers,Milwaukee Brewers,1,True,Final,0.5427,0.4573,0.5427,1,1,5,1,All Years Model,,,,,,,,,,,,,,,,,
2026-05-25,823948,Los Angeles Dodgers,Colorado Rockies,Los Angeles Dodgers,Los Angeles Dodgers,1,True,Final,0.6278,0.3722,0.6278,1,1,5,3,All Years Model,,,,,,,,,,,,,,,,,
2026-05-25,824107,Kansas City Royals,New York Yankees,New York Yankees,New York Yankees,1,True,Final,0.496,0.504,0.504,0,0,3,4,All Years Model,,,,,,,,,,,,,,,,,
2026-05-25,824437,Cleveland Guardians,Washington Nationals,Cleveland Guardians,Washington Nationals,0,True,Final,0.5469,0.4531,0.5469,1,0,2,10,All Years Model,,,,,,,,,,,,,,,,,
2026-05-25,824598,Chicago White Sox,Minnesota Twins,Chicago White Sox,Chicago White Sox,1,True,Final,0.5449,0.4551,0.5449,1,1,3,1,All Years Model,,,,,,,,,,,,,,,,,
2026-05-25,824838,Baltimore Orioles,Tampa Bay Rays,Tampa Bay Rays,Baltimore Orioles,0,True,Final,0.467,0.533,0.533,0,1,9,7,All Years Model,,,,,,,,,,,,,,,,,
2026-05-26,822811,Toronto Blue Jays,Miami Marlins,Toronto Blue Jays,Toronto Blue Jays,1,True,Final,0.5731,0.4269,0.5731,1,1,8,1,All Years Model,,,,,,,,,,,,,,,,,
2026-05-26,822898,Texas Rangers,Houston Astros,Texas Rangers,Texas Rangers,1,True,Final,0.534,0.466,0.534,1,1,10,7,All Years Model,,,,,,,,,,,,,,,,,
2026-05-26,823379,Pittsburgh Pirates,Chicago Cubs,Pittsburgh Pirates,Pittsburgh Pirates,1,True,Final,0.5577,0.4423,0.5577,1,1,12,1,All Years Model,,,,,,,,,,,,,,,,,
2026-05-26,823624,New York Mets,Cincinnati Reds,New York Mets,Cincinnati Reds,0,True,Final,0.5393,0.4607,0.5393,1,0,2,7,All Years Model,,,,,,,,,,,,,,,,,
2026-05-26,823785,Milwaukee Brewers,St. Louis Cardinals,Milwaukee Brewers,Milwaukee Brewers,1,True,Final,0.5378,0.4622,0.5378,1,1,6,0,All Years Model,,,,,,,,,,,,,,,,,
2026-05-26,824106,Kansas City Royals,New York Yankees,New York Yankees,New York Yankees,1,True,Final,0.4497,0.5503,0.5503,0,0,1,15,All Years Model,,,,,,,,,,,,,,,,,
2026-05-26,824275,Detroit Tigers,Los Angeles Angels,Detroit Tigers,Los Angeles Angels,0,True,Final,0.5312,0.4688,0.5312,1,0,6,10,All Years Model,,,,,,,,,,,,,,,,,
2026-05-26,824434,Cleveland Guardians,Washington Nationals,Cleveland Guardians,Washington Nationals,0,True,Final,0.5757,0.4243,0.5757,1,0,3,6,All Years Model,,,,,,,,,,,,,,,,,
2026-05-26,824597,Chicago White Sox,Minnesota Twins,Chicago White Sox,Minnesota Twins,0,True,Final,0.5278,0.4722,0.5278,1,0,3,5,All Years Model,,,,,,,,,,,,,,,,,
2026-05-26,824758,Boston Red Sox,Atlanta Braves,Boston Red Sox,Atlanta Braves,0,True,Final,0.5324,0.4676,0.5324,1,0,6,7,All Years Model,,,,,,,,,,,,,,,,,
2026-05-26,824837,Baltimore Orioles,Tampa Bay Rays,Tampa Bay Rays,Baltimore Orioles,0,True,Final,0.4887,0.5113,0.5113,0,1,6,1,All Years Model,,,,,,,,,,,,,,,,,
2026-05-27,822809,Toronto Blue Jays,Miami Marlins,Toronto Blue Jays,Toronto Blue Jays,1,True,Final,0.5749,0.4251,0.5749,1,1,2,1,All Years Model,,,,,,,,,,,,,,,,,
2026-05-27,822897,Texas Rangers,Houston Astros,Texas Rangers,Houston Astros,0,True,Final,0.5544,0.4456,0.5544,1,0,3,4,All Years Model,,,,,,,,,,,,,,,,,
2026-05-27,823217,San Francisco Giants,Arizona Diamondbacks,San Francisco Giants,Arizona Diamondbacks,0,True,Final,0.5464,0.4536,0.5464,1,0,2,3,All Years Model,,,,,,,,,,,,,,,,,
2026-05-27,823295,San Diego Padres,Philadelphia Phillies,San Diego Padres,Philadelphia Phillies,0,True,Final,0.5201,0.4799,0.5201,1,0,0,3,All Years Model,,,,,,,,,,,,,,,,,
2026-05-27,823376,Pittsburgh Pirates,Chicago Cubs,Pittsburgh Pirates,Chicago Cubs,0,True,Final,0.5241,0.4759,0.5241,1,0,4,10,All Years Model,,,,,,,,,,,,,,,,,
2026-05-27,823626,New York Mets,Cincinnati Reds,New York Mets,New York Mets,1,True,Final,0.5445,0.4555,0.5445,1,1,4,2,All Years Model,,,,,,,,,,,,,,,,,
2026-05-27,823783,Milwaukee Brewers,St. Louis Cardinals,Milwaukee Brewers,Milwaukee Brewers,1,True,Final,0.5483,0.4517,0.5483,1,1,2,1,All Years Model,,,,,,,,,,,,,,,,,
2026-05-27,824104,Kansas City Royals,New York Yankees,New York Yankees,New York Yankees,1,True,Final,0.4643,0.5357,0.5357,0,0,0,7,All Years Model,,,,,,,,,,,,,,,,,
2026-05-27,824270,Detroit Tigers,Los Angeles Angels,Los Angeles Angels,Detroit Tigers,0,True,Final,0.5181,0.4819,0.5181,0,1,4,0,All Years Model,,,,,,,,,,,,,,,,,
2026-05-27,824432,Cleveland Guardians,Washington Nationals,Cleveland Guardians,Cleveland Guardians,1,True,Final,0.5607,0.4393,0.5607,1,1,3,2,All Years Model,,,,,,,,,,,,,,,,,
2026-05-27,824596,Chicago White Sox,Minnesota Twins,Chicago White Sox,Chicago White Sox,1,True,Final,0.5271,0.4729,0.5271,1,1,15,2,All Years Model,,,,,,,,,,,,,,,,,
2026-05-27,824756,Boston Red Sox,Atlanta Braves,Boston Red Sox,Boston Red Sox,1,True,Final,0.5347,0.4653,0.5347,1,1,8,0,All Years Model,,,,,,,,,,,,,,,,,
2026-05-27,824836,Baltimore Orioles,Tampa Bay Rays,Tampa Bay Rays,Baltimore Orioles,0,True,Final,0.4646,0.5354,0.5354,0,1,11,2,All Years Model,,,,,,,,,,,,,,,,,
2026-05-27,825003,Athletics,Seattle Mariners,Athletics,Seattle Mariners,0,True,Final,0.5274,0.4726,0.5274,1,0,1,9,All Years Model,,,,,,,,,,,,,,,,,
2026-05-28,822896,Texas Rangers,Houston Astros,Texas Rangers,Houston Astros,0,True,Final,0.5364,0.4636,0.5364,1,0,1,5,All Years Model,,,,,,,,,,,,,,,,,
2026-05-28,823378,Pittsburgh Pirates,Chicago Cubs,Pittsburgh Pirates,Chicago Cubs,0,True,Final,0.5598,0.4402,0.5598,1,0,2,7,All Years Model,,,,,,,,,,,,,,,,,
2026-05-28,824272,Detroit Tigers,Los Angeles Angels,Detroit Tigers,Los Angeles Angels,0,True,Final,0.5231,0.4769,0.5231,1,0,1,7,All Years Model,,,,,,,,,,,,,,,,,
2026-05-28,824595,Chicago White Sox,Minnesota Twins,Chicago White Sox,Chicago White Sox,1,True,Final,0.5452,0.4548,0.5452,1,1,6,2,All Years Model,,,,,,,,,,,,,,,,,
2026-05-28,824757,Boston Red Sox,Atlanta Braves,Atlanta Braves,Atlanta Braves,1,True,Final,0.5179,0.4821,0.5179,0,0,2,10,All Years Model,,,,,,,,,,,,,,,,,
2026-05-28,824834,Baltimore Orioles,Toronto Blue Jays,Baltimore Orioles,Toronto Blue Jays,0,True,Final,0.5264,0.4736,0.5264,1,0,1,2,All Years Model,,,,,,,,,,,,,,,,,
2026-05-29,822732,Washington Nationals,San Diego Padres,Washington Nationals,San Diego Padres,0,True,Final,0.5461,0.4539,0.5461,1,0,5,7,All Years Model,,,,,,,,,,,,,,,,,
2026-05-29,822894,Texas Rangers,Kansas City Royals,Texas Rangers,Texas Rangers,1,True,Final,0.5393,0.4607,0.5393,1,1,9,1,All Years Model,,,,,,,,,,,,,,,,,
2026-05-29,822978,Tampa Bay Rays,Los Angeles Angels,Tampa Bay Rays,Tampa Bay Rays,1,True,Final,0.5535,0.4465,0.5535,1,1,8,5,All Years Model,,,,,,,,,,,,,,,,,
2026-05-29,823055,St. Louis Cardinals,Chicago Cubs,St. Louis Cardinals,St. Louis Cardinals,1,True,Final,0.553,0.447,0.553,1,1,6,5,All Years Model,,,,,,,,,,,,,,,,,
2026-05-29,823377,Pittsburgh Pirates,Minnesota Twins,Minnesota Twins,Pittsburgh Pirates,0,True,Final,0.5198,0.4802,0.5198,0,1,6,5,All Years Model,,,,,,,,,,,,,,,,,
2026-05-29,823623,New York Mets,Miami Marlins,New York Mets,New York Mets,1,True,Final,0.5555,0.4445,0.5555,1,1,9,7,All Years Model,,,,,,,,,,,,,,,,,
2026-05-29,824191,Houston Astros,Milwaukee Brewers,Milwaukee Brewers,Milwaukee Brewers,1,True,Final,0.5178,0.4822,0.5178,0,0,4,5,All Years Model,,,,,,,,,,,,,,,,,
2026-05-29,824353,Colorado Rockies,San Francisco Giants,San Francisco Giants,Colorado Rockies,0,True,Final,0.4926,0.5074,0.5074,0,1,8,6,All Years Model,,,,,,,,,,,,,,,,,
2026-05-29,824433,Cleveland Guardians,Boston Red Sox,Cleveland Guardians,Cleveland Guardians,1,True,Final,0.5489,0.4511,0.5489,1,1,4,3,All Years Model,,,,,,,,,,,,,,,,,
2026-05-29,824515,Cincinnati Reds,Atlanta Braves,Atlanta Braves,Atlanta Braves,1,True,Final,0.498,0.502,0.502,0,0,3,8,All Years Model,,,,,,,,,,,,,,,,,
2026-05-29,824594,Chicago White Sox,Detroit Tigers,Chicago White Sox,Chicago White Sox,1,True,Final,0.548,0.452,0.548,1,1,4,3,All Years Model,,,,,,,,,,,,,,,,,
2026-05-29,824835,Baltimore Orioles,Toronto Blue Jays,Toronto Blue Jays,Toronto Blue Jays,1,True,Final,0.5197,0.4803,0.5197,0,0,5,6,All Years Model,,,,,,,,,,,,,,,,,
2026-05-30,822731,Washington Nationals,San Diego Padres,Washington Nationals,Washington Nationals,1,True,Final,0.521,0.479,0.521,1,1,9,4,All Years Model,,,,,,,,,,,,,,,,,
2026-05-30,822893,Texas Rangers,Kansas City Royals,Texas Rangers,Texas Rangers,1,True,Final,0.5448,0.4552,0.5448,1,1,7,6,All Years Model,,,,,,,,,,,,,,,,,
2026-05-30,822975,Tampa Bay Rays,Los Angeles Angels,Tampa Bay Rays,Los Angeles Angels,0,True,Final,0.5801,0.4199,0.5801,1,0,3,14,All Years Model,,,,,,,,,,,,,,,,,
2026-05-30,823054,St. Louis Cardinals,Chicago Cubs,St. Louis Cardinals,Chicago Cubs,0,True,Final,0.5651,0.4349,0.5651,1,0,1,6,All Years Model,,,,,,,,,,,,,,,,,
2026-05-30,823375,Pittsburgh Pirates,Minnesota Twins,Minnesota Twins,Pittsburgh Pirates,0,True,Final,0.5161,0.4839,0.5161,0,1,10,9,All Years Model,,,,,,,,,,,,,,,,,
2026-05-30,823622,New York Mets,Miami Marlins,New York Mets,New York Mets,1,True,Final,0.5366,0.4634,0.5366,1,1,6,1,All Years Model,,,,,,,,,,,,,,,,,
2026-05-30,824190,Houston Astros,Milwaukee Brewers,Houston Astros,Houston Astros,1,True,Final,0.5244,0.4756,0.5244,1,1,9,2,All Years Model,,,,,,,,,,,,,,,,,
2026-05-30,824352,Colorado Rockies,San Francisco Giants,San Francisco Giants,Colorado Rockies,0,True,Final,0.4975,0.5025,0.5025,0,1,8,3,All Years Model,,,,,,,,,,,,,,,,,
2026-05-30,824431,Cleveland Guardians,Boston Red Sox,Cleveland Guardians,Boston Red Sox,0,True,Final,0.562,0.438,0.562,1,0,1,9,All Years Model,,,,,,,,,,,,,,,,,
2026-05-30,824513,Cincinnati Reds,Atlanta Braves,Atlanta Braves,Atlanta Braves,1,True,Final,0.4866,0.5134,0.5134,0,0,2,5,All Years Model,,,,,,,,,,,,,,,,,
2026-05-30,824593,Chicago White Sox,Detroit Tigers,Chicago White Sox,Chicago White Sox,1,True,Final,0.5435,0.4565,0.5435,1,1,7,1,All Years Model,,,,,,,,,,,,,,,,,
2026-05-30,824833,Baltimore Orioles,Toronto Blue Jays,Toronto Blue Jays,Baltimore Orioles,0,True,Final,0.5005,0.4995,0.5005,0,1,6,5,All Years Model,,,,,,,,,,,,,,,,,
2026-05-31,822729,Washington Nationals,San Diego Padres,Washington Nationals,Washington Nationals,1,True,Final,0.5407,0.4593,0.5407,1,1,4,2,All Years Model,,,,,,,,,,,,,,,,,
2026-05-31,822895,Texas Rangers,Kansas City Royals,Texas Rangers,Texas Rangers,1,True,Final,0.5395,0.4605,0.5395,1,1,6,3,All Years Model,,,,,,,,,,,,,,,,,
2026-05-31,822976,Tampa Bay Rays,Los Angeles Angels,Tampa Bay Rays,Tampa Bay Rays,1,True,Final,0.5785,0.4215,0.5785,1,1,5,2,All Years Model,,,,,,,,,,,,,,,,,
2026-05-31,823053,St. Louis Cardinals,Chicago Cubs,St. Louis Cardinals,St. Louis Cardinals,1,True,Final,0.5653,0.4347,0.5653,1,1,5,1,All Years Model,,,,,,,,,,,,,,,,,
2026-05-31,823133,Seattle Mariners,Arizona Diamondbacks,Seattle Mariners,Seattle Mariners,1,True,Final,0.5245,0.4755,0.5245,1,1,3,2,All Years Model,,,,,,,,,,,,,,,,,
2026-05-31,823373,Pittsburgh Pirates,Minnesota Twins,Pittsburgh Pirates,Pittsburgh Pirates,1,True,Final,0.5594,0.4406,0.5594,1,1,9,3,All Years Model,,,,,,,,,,,,,,,,,
2026-05-31,823621,New York Mets,Miami Marlins,New York Mets,New York Mets,1,True,Final,0.5522,0.4478,0.5522,1,1,10,1,All Years Model,,,,,,,,,,,,,,,,,
2026-05-31,823944,Los Angeles Dodgers,Philadelphia Phillies,Los Angeles Dodgers,Los Angeles Dodgers,1,True,Final,0.5835,0.4165,0.5835,1,1,9,1,All Years Model,,,,,,,,,,,,,,,,,
2026-05-31,824187,Houston Astros,Milwaukee Brewers,Houston Astros,Milwaukee Brewers,0,True,Final,0.5224,0.4776,0.5224,1,0,0,2,All Years Model,,,,,,,,,,,,,,,,,
2026-05-31,824354,Colorado Rockies,San Francisco Giants,San Francisco Giants,San Francisco Giants,1,True,Final,0.506,0.494,0.506,0,0,6,19,All Years Model,,,,,,,,,,,,,,,,,
2026-05-31,824430,Cleveland Guardians,Boston Red Sox,Cleveland Guardians,Boston Red Sox,0,True,Final,0.5372,0.4628,0.5372,1,0,4,9,All Years Model,,,,,,,,,,,,,,,,,
2026-05-31,824512,Cincinnati Reds,Atlanta Braves,Atlanta Braves,Cincinnati Reds,0,True,Final,0.4867,0.5133,0.5133,0,1,6,4,All Years Model,,,,,,,,,,,,,,,,,
2026-05-31,824592,Chicago White Sox,Detroit Tigers,Chicago White Sox,Chicago White Sox,1,True,Final,0.5525,0.4475,0.5525,1,1,2,1,All Years Model,,,,,,,,,,,,,,,,,
2026-05-31,824832,Baltimore Orioles,Toronto Blue Jays,Toronto Blue Jays,Baltimore Orioles,0,True,Final,0.5125,0.4875,0.5125,0,1,9,5,All Years Model,,,,,,,,,,,,,,,,,
2026-05-31,825001,Athletics,New York Yankees,New York Yankees,New York Yankees,1,True,Final,0.4508,0.5492,0.5492,0,0,8,13,All Years Model,,,,,,,,,,,,,,,,,
2026-06-01,822730,Washington Nationals,Miami Marlins,Washington Nationals,Miami Marlins,0,True,Final,0.5369,0.4631,0.5369,1,0,3,7,All Years Model,,,,,,,,,,,,,,,,,
2026-06-01,822974,Tampa Bay Rays,Detroit Tigers,Tampa Bay Rays,Detroit Tigers,0,True,Final,0.5874,0.4126,0.5874,1,0,9,10,All Years Model,,,,,,,,,,,,,,,,,
2026-06-01,823050,St. Louis Cardinals,Texas Rangers,St. Louis Cardinals,Texas Rangers,0,True,Final,0.5332,0.4668,0.5332,1,0,1,2,All Years Model,,,,,,,,,,,,,,,,,
2026-06-01,823702,Minnesota Twins,Chicago White Sox,Chicago White Sox,Minnesota Twins,0,True,Final,0.5143,0.4857,0.5143,0,1,9,6,All Years Model,,,,,,,,,,,,,,,,,
2026-06-01,823781,Milwaukee Brewers,San Francisco Giants,Milwaukee Brewers,Milwaukee Brewers,1,True,Final,0.5504,0.4496,0.5504,1,1,16,2,All Years Model,,,,,,,,,,,,,,,,,
2026-06-01,824510,Cincinnati Reds,Kansas City Royals,Cincinnati Reds,Kansas City Royals,0,True,Final,0.5431,0.4569,0.5431,1,0,2,9,All Years Model,,,,,,,,,,,,,,,,,
2026-06-01,825078,Arizona Diamondbacks,Los Angeles Dodgers,Los Angeles Dodgers,Arizona Diamondbacks,0,True,Final,0.4977,0.5023,0.5023,0,1,4,1,All Years Model,,,,,,,,,,,,,,,,,
2026-06-02,822728,Washington Nationals,Miami Marlins,Washington Nationals,Miami Marlins,0,True,Final,0.5545,0.4455,0.5545,1,0,3,7,All Years Model,,,,,,,,,,,,,,,,,
2026-06-02,822971,Tampa Bay Rays,Detroit Tigers,Tampa Bay Rays,Detroit Tigers,0,True,Final,0.5915,0.4085,0.5915,1,0,0,8,All Years Model,,,,,,,,,,,,,,,,,
2026-06-02,823052,St. Louis Cardinals,Texas Rangers,St. Louis Cardinals,Texas Rangers,0,True,Final,0.5307,0.4693,0.5307,1,0,4,7,All Years Model,,,,,,,,,,,,,,,,,
2026-06-02,823460,Philadelphia Phillies,San Diego Padres,Philadelphia Phillies,Philadelphia Phillies,1,True,Final,0.527,0.473,0.527,1,1,3,2,All Years Model,,,,,,,,,,,,,,,,,
2026-06-02,823541,New York Yankees,Cleveland Guardians,New York Yankees,Cleveland Guardians,0,True,Final,0.5549,0.4451,0.5549,1,0,4,9,All Years Model,,,,,,,,,,,,,,,,,
2026-06-02,823700,Minnesota Twins,Chicago White Sox,Chicago White Sox,Minnesota Twins,0,True,Final,0.4972,0.5028,0.5028,0,1,6,4,All Years Model,,,,,,,,,,,,,,,,,
2026-06-02,823782,Milwaukee Brewers,San Francisco Giants,Milwaukee Brewers,Milwaukee Brewers,1,True,Final,0.5551,0.4449,0.5551,1,1,8,3,All Years Model,,,,,,,,,,,,,,,,,
2026-06-02,824189,Houston Astros,Pittsburgh Pirates,Houston Astros,Pittsburgh Pirates,0,True,Final,0.5615,0.4385,0.5615,1,0,6,10,All Years Model,,,,,,,,,,,,,,,,,
2026-06-02,824511,Cincinnati Reds,Kansas City Royals,Cincinnati Reds,Cincinnati Reds,1,True,Final,0.5597,0.4403,0.5597,1,1,4,3,All Years Model,,,,,,,,,,,,,,,,,
2026-06-02,824675,Chicago Cubs,Athletics,Chicago Cubs,Athletics,0,True,Final,0.5457,0.4543,0.5457,1,0,1,2,All Years Model,,,,,,,,,,,,,,,,,
2026-06-02,824754,Boston Red Sox,Baltimore Orioles,Boston Red Sox,Baltimore Orioles,0,True,Final,0.5687,0.4313,0.5687,1,0,2,4,All Years Model,,,,,,,,,,,,,,,,,
2026-06-02,824918,Atlanta Braves,Toronto Blue Jays,Atlanta Braves,Atlanta Braves,1,True,Final,0.5474,0.4526,0.5474,1,1,4,3,All Years Model,,,,,,,,,,,,,,,,,
2026-06-03,822727,Washington Nationals,Miami Marlins,Washington Nationals,Miami Marlins,0,True,Final,0.5809,0.4191,0.5809,1,0,1,4,All Years Model,,,,,,,,,,,,,,,,,
2026-06-03,822973,Tampa Bay Rays,Detroit Tigers,Tampa Bay Rays,Detroit Tigers,0,True,Final,0.5868,0.4132,0.5868,1,0,2,7,All Years Model,,,,,,,,,,,,,,,,,
2026-06-03,823051,St. Louis Cardinals,Texas Rangers,St. Louis Cardinals,St. Louis Cardinals,1,True,Final,0.5322,0.4678,0.5322,1,1,5,3,All Years Model,,,,,,,,,,,,,,,,,
2026-06-03,823130,Seattle Mariners,New York Mets,Seattle Mariners,New York Mets,0,True,Final,0.5456,0.4544,0.5456,1,0,1,7,All Years Model,,,,,,,,,,,,,,,,,
2026-06-03,823456,Philadelphia Phillies,San Diego Padres,Philadelphia Phillies,Philadelphia Phillies,1,True,Final,0.556,0.444,0.556,1,1,3,2,All Years Model,,,,,,,,,,,,,,,,,
2026-06-03,823540,New York Yankees,Cleveland Guardians,New York Yankees,Cleveland Guardians,0,True,Final,0.546,0.454,0.546,1,0,4,5,All Years Model,,,,,,,,,,,,,,,,,
2026-06-03,823701,Minnesota Twins,Chicago White Sox,Minnesota Twins,Chicago White Sox,0,True,Final,0.5217,0.4783,0.5217,1,0,0,8,All Years Model,,,,,,,,,,,,,,,,,
2026-06-03,823780,Milwaukee Brewers,San Francisco Giants,Milwaukee Brewers,San Francisco Giants,0,True,Final,0.5579,0.4421,0.5579,1,0,0,1,All Years Model,,,,,,,,,,,,,,,,,
2026-06-03,824024,Los Angeles Angels,Colorado Rockies,Los Angeles Angels,Los Angeles Angels,1,True,Final,0.6103,0.3897,0.6103,1,1,11,4,All Years Model,,,,,,,,,,,,,,,,,
2026-06-03,824188,Houston Astros,Pittsburgh Pirates,Houston Astros,Houston Astros,1,True,Final,0.5419,0.4581,0.5419,1,1,11,9,All Years Model,,,,,,,,,,,,,,,,,
2026-06-03,824509,Cincinnati Reds,Kansas City Royals,Cincinnati Reds,Kansas City Royals,0,True,Final,0.5632,0.4368,0.5632,1,0,2,5,All Years Model,,,,,,,,,,,,,,,,,
2026-06-03,824671,Chicago Cubs,Athletics,Chicago Cubs,Athletics,0,True,Final,0.5416,0.4584,0.5416,1,0,4,5,All Years Model,,,,,,,,,,,,,,,,,
2026-06-03,824755,Boston Red Sox,Baltimore Orioles,Boston Red Sox,Boston Red Sox,1,True,Final,0.5517,0.4483,0.5517,1,1,8,1,All Years Model,,,,,,,,,,,,,,,,,
2026-06-03,824917,Atlanta Braves,Toronto Blue Jays,Atlanta Braves,Atlanta Braves,1,True,Final,0.5562,0.4438,0.5562,1,1,7,3,All Years Model,,,,,,,,,,,,,,,,,
2026-06-03,825077,Arizona Diamondbacks,Los Angeles Dodgers,Los Angeles Dodgers,Los Angeles Dodgers,1,True,Final,0.4851,0.5149,0.5149,0,0,0,7,All Years Model,,,,,,,,,,,,,,,,,
2026-06-04,823457,Philadelphia Phillies,San Diego Padres,Philadelphia Phillies,Philadelphia Phillies,1,True,Final,0.559,0.441,0.559,1,1,6,4,All Years Model,,,,,,,,,,,,,,,,,
2026-06-04,823542,New York Yankees,Cleveland Guardians,New York Yankees,New York Yankees,1,True,Final,0.5523,0.4477,0.5523,1,1,2,1,All Years Model,,,,,,,,,,,,,,,,,
2026-06-04,823698,Minnesota Twins,Kansas City Royals,Minnesota Twins,Kansas City Royals,0,True,Final,0.5497,0.4503,0.5497,1,0,6,8,All Years Model,,,,,,,,,,,,,,,,,
2026-06-04,823779,Milwaukee Brewers,San Francisco Giants,Milwaukee Brewers,San Francisco Giants,0,True,Final,0.5691,0.4309,0.5691,1,0,9,12,All Years Model,,,,,,,,,,,,,,,,,
2026-06-04,824185,Houston Astros,Pittsburgh Pirates,Houston Astros,Pittsburgh Pirates,0,True,Final,0.5525,0.4475,0.5525,1,0,1,5,All Years Model,,,,,,,,,,,,,,,,,
2026-06-04,824672,Chicago Cubs,Athletics,Chicago Cubs,Chicago Cubs,1,True,Final,0.5606,0.4394,0.5606,1,1,7,6,All Years Model,,,,,,,,,,,,,,,,,
2026-06-04,824753,Boston Red Sox,Baltimore Orioles,Boston Red Sox,Baltimore Orioles,0,True,Final,0.5682,0.4318,0.5682,1,0,2,8,All Years Model,,,,,,,,,,,,,,,,,
2026-06-04,824919,Atlanta Braves,Toronto Blue Jays,Atlanta Braves,Toronto Blue Jays,0,True,Final,0.5708,0.4292,0.5708,1,0,2,7,All Years Model,,,,,,,,,,,,,,,,,
2026-06-04,825076,Arizona Diamondbacks,Los Angeles Dodgers,Los Angeles Dodgers,Arizona Diamondbacks,0,True,Final,0.5076,0.4924,0.5076,0,1,3,2,All Years Model,,,,,,,,,,,,,,,,,
2026-06-05,822810,Toronto Blue Jays,Baltimore Orioles,Toronto Blue Jays,Baltimore Orioles,0,True,Final,0.5643,0.4357,0.5643,1,0,3,13,All Years Model,,,,,,,,,,,,,,,,,
2026-06-05,822892,Texas Rangers,Cleveland Guardians,Cleveland Guardians,Texas Rangers,0,True,Final,0.4981,0.5019,0.5019,0,1,3,2,All Years Model,,,,,,,,,,,,,,,,,
2026-06-05,823049,St. Louis Cardinals,Cincinnati Reds,St. Louis Cardinals,St. Louis Cardinals,1,True,Final,0.5596,0.4404,0.5596,1,1,10,3,All Years Model,,,,,,,,,,,,,,,,,
2026-06-05,823293,San Diego Padres,New York Mets,New York Mets,New York Mets,1,True,Final,0.5197,0.4803,0.5197,0,0,0,5,All Years Model,,,,,,,,,,,,,,,,,
2026-06-05,823455,Philadelphia Phillies,Chicago White Sox,Philadelphia Phillies,Philadelphia Phillies,1,True,Final,0.5524,0.4476,0.5524,1,1,8,6,All Years Model,,,,,,,,,,,,,,,,,
2026-06-05,823538,New York Yankees,Boston Red Sox,New York Yankees,Boston Red Sox,0,True,Final,0.5316,0.4684,0.5316,1,0,3,5,All Years Model,,,,,,,,,,,,,,,,,
2026-06-05,823699,Minnesota Twins,Kansas City Royals,Minnesota Twins,Minnesota Twins,1,True,Final,0.5341,0.4659,0.5341,1,1,5,3,All Years Model,,,,,,,,,,,,,,,,,
2026-06-05,823860,Miami Marlins,Tampa Bay Rays,Tampa Bay Rays,Tampa Bay Rays,1,True,Final,0.4389,0.5611,0.5611,0,0,0,6,All Years Model,,,,,,,,,,,,,,,,,
2026-06-05,823943,Los Angeles Dodgers,Los Angeles Angels,Los Angeles Dodgers,Los Angeles Dodgers,1,True,Final,0.5495,0.4505,0.5495,1,1,1,0,All Years Model,,,,,,,,,,,,,,,,,
2026-06-05,824186,Houston Astros,Athletics,Houston Astros,Houston Astros,1,True,Final,0.5655,0.4345,0.5655,1,1,5,1,All Years Model,,,,,,,,,,,,,,,,,
2026-06-05,824271,Detroit Tigers,Seattle Mariners,Detroit Tigers,Detroit Tigers,1,True,Final,0.5214,0.4786,0.5214,1,1,7,3,All Years Model,,,,,,,,,,,,,,,,,
2026-06-05,824350,Colorado Rockies,Milwaukee Brewers,Milwaukee Brewers,Milwaukee Brewers,1,True,Final,0.4844,0.5156,0.5156,0,0,7,9,All Years Model,,,,,,,,,,,,,,,,,
2026-06-05,824673,Chicago Cubs,San Francisco Giants,Chicago Cubs,San Francisco Giants,0,True,Final,0.5548,0.4452,0.5548,1,0,3,18,All Years Model,,,,,,,,,,,,,,,,,
2026-06-05,824914,Atlanta Braves,Pittsburgh Pirates,Atlanta Braves,Atlanta Braves,1,True,Final,0.5815,0.4185,0.5815,1,1,6,3,All Years Model,,,,,,,,,,,,,,,,,
2026-06-05,825073,Arizona Diamondbacks,Washington Nationals,Arizona Diamondbacks,Washington Nationals,0,True,Final,0.5411,0.4589,0.5411,1,0,1,14,All Years Model,,,,,,,,,,,,,,,,,
2026-06-06,822808,Toronto Blue Jays,Baltimore Orioles,Toronto Blue Jays,Toronto Blue Jays,1,True,Final,0.5516,0.4484,0.5516,1,1,6,4,All Years Model,,,,,,,,,,,,,,,,,
2026-06-06,822891,Texas Rangers,Cleveland Guardians,Cleveland Guardians,Cleveland Guardians,1,True,Final,0.5028,0.4972,0.5028,0,0,0,6,All Years Model,,,,,,,,,,,,,,,,,
2026-06-06,823048,St. Louis Cardinals,Cincinnati Reds,St. Louis Cardinals,St. Louis Cardinals,1,True,Final,0.5498,0.4502,0.5498,1,1,6,5,All Years Model,,,,,,,,,,,,,,,,,
2026-06-06,823292,San Diego Padres,New York Mets,New York Mets,San Diego Padres,0,True,Final,0.4912,0.5088,0.5088,0,1,3,2,All Years Model,,,,,,,,,,,,,,,,,
2026-06-06,823454,Philadelphia Phillies,Chicago White Sox,Philadelphia Phillies,Chicago White Sox,0,True,Final,0.5344,0.4656,0.5344,1,0,3,6,All Years Model,,,,,,,,,,,,,,,,,
2026-06-06,823697,Minnesota Twins,Kansas City Royals,Minnesota Twins,Kansas City Royals,0,True,Final,0.554,0.446,0.554,1,0,2,3,All Years Model,,,,,,,,,,,,,,,,,
2026-06-06,823859,Miami Marlins,Tampa Bay Rays,Tampa Bay Rays,Miami Marlins,0,True,Final,0.4933,0.5067,0.5067,0,1,4,3,All Years Model,,,,,,,,,,,,,,,,,
2026-06-06,823942,Los Angeles Dodgers,Los Angeles Angels,Los Angeles Dodgers,Los Angeles Dodgers,1,True,Final,0.5756,0.4244,0.5756,1,1,9,2,All Years Model,,,,,,,,,,,,,,,,,
2026-06-06,824184,Houston Astros,Athletics,Houston Astros,Houston Astros,1,True,Final,0.5662,0.4338,0.5662,1,1,13,2,All Years Model,,,,,,,,,,,,,,,,,
2026-06-06,824269,Detroit Tigers,Seattle Mariners,Detroit Tigers,Seattle Mariners,0,True,Final,0.5235,0.4765,0.5235,1,0,0,4,All Years Model,,,,,,,,,,,,,,,,,
2026-06-06,824351,Colorado Rockies,Milwaukee Brewers,Milwaukee Brewers,Milwaukee Brewers,1,True,Final,0.4883,0.5117,0.5117,0,0,1,7,All Years Model,,,,,,,,,,,,,,,,,
2026-06-06,824669,Chicago Cubs,San Francisco Giants,Chicago Cubs,Chicago Cubs,1,True,Final,0.5485,0.4515,0.5485,1,1,3,2,All Years Model,,,,,,,,,,,,,,,,,
2026-06-06,824915,Atlanta Braves,Pittsburgh Pirates,Atlanta Braves,Atlanta Braves,1,True,Final,0.5703,0.4297,0.5703,1,1,6,3,All Years Model,,,,,,,,,,,,,,,,,
2026-06-06,825075,Arizona Diamondbacks,Washington Nationals,Arizona Diamondbacks,Washington Nationals,0,True,Final,0.5467,0.4533,0.5467,1,0,1,6,All Years Model,,,,,,,,,,,,,,,,,
2026-06-07,822807,Toronto Blue Jays,Baltimore Orioles,Toronto Blue Jays,Toronto Blue Jays,1,True,Final,0.5549,0.4451,0.5549,1,1,6,4,All Years Model,,,,,,,,,,,,,,,,,
2026-06-07,822890,Texas Rangers,Cleveland Guardians,Texas Rangers,Texas Rangers,1,True,Final,0.5285,0.4715,0.5285,1,1,10,0,All Years Model,,,,,,,,,,,,,,,,,
2026-06-07,823047,St. Louis Cardinals,Cincinnati Reds,St. Louis Cardinals,St. Louis Cardinals,1,True,Final,0.55,0.45,0.55,1,1,5,3,All Years Model,,,,,,,,,,,,,,,,,
2026-06-07,823291,San Diego Padres,New York Mets,New York Mets,New York Mets,1,True,Final,0.4991,0.5009,0.5009,0,0,3,7,All Years Model,,,,,,,,,,,,,,,,,
2026-06-07,823453,Philadelphia Phillies,Chicago White Sox,Philadelphia Phillies,Philadelphia Phillies,1,True,Final,0.539,0.461,0.539,1,1,9,5,All Years Model,,,,,,,,,,,,,,,,,
2026-06-07,823537,New York Yankees,Boston Red Sox,New York Yankees,New York Yankees,1,True,Final,0.5485,0.4515,0.5485,1,1,6,1,All Years Model,,,,,,,,,,,,,,,,,
2026-06-07,823696,Minnesota Twins,Kansas City Royals,Minnesota Twins,Kansas City Royals,0,True,Final,0.527,0.473,0.527,1,0,5,6,All Years Model,,,,,,,,,,,,,,,,,
2026-06-07,823857,Miami Marlins,Tampa Bay Rays,Tampa Bay Rays,Miami Marlins,0,True,Final,0.4844,0.5156,0.5156,0,1,4,1,All Years Model,,,,,,,,,,,,,,,,,
2026-06-07,823941,Los Angeles Dodgers,Los Angeles Angels,Los Angeles Dodgers,Los Angeles Angels,0,True,Final,0.5478,0.4522,0.5478,1,0,5,13,All Years Model,,,,,,,,,,,,,,,,,
2026-06-07,824183,Houston Astros,Athletics,Houston Astros,Athletics,0,True,Final,0.5772,0.4228,0.5772,1,0,0,5,All Years Model,,,,,,,,,,,,,,,,,
2026-06-07,824268,Detroit Tigers,Seattle Mariners,Detroit Tigers,Detroit Tigers,1,True,Final,0.5316,0.4684,0.5316,1,1,5,4,All Years Model,,,,,,,,,,,,,,,,,
2026-06-07,824349,Colorado Rockies,Milwaukee Brewers,Milwaukee Brewers,Milwaukee Brewers,1,True,Final,0.475,0.525,0.525,0,0,4,12,All Years Model,,,,,,,,,,,,,,,,,
2026-06-07,824670,Chicago Cubs,San Francisco Giants,Chicago Cubs,San Francisco Giants,0,True,Final,0.5417,0.4583,0.5417,1,0,1,2,All Years Model,,,,,,,,,,,,,,,,,
2026-06-07,824916,Atlanta Braves,Pittsburgh Pirates,Atlanta Braves,Atlanta Braves,1,True,Final,0.5754,0.4246,0.5754,1,1,3,2,All Years Model,,,,,,,,,,,,,,,,,
2026-06-07,825074,Arizona Diamondbacks,Washington Nationals,Arizona Diamondbacks,Arizona Diamondbacks,1,True,Final,0.5577,0.4423,0.5577,1,1,5,1,All Years Model,,,,,,,,,,,,,,,,,
2026-06-08,822806,Toronto Blue Jays,Philadelphia Phillies,Philadelphia Phillies,Philadelphia Phillies,1,True,Final,0.515,0.485,0.515,0,0,2,5,All Years Model,,,,,,,,,,,,,,,,,
2026-06-08,822972,Tampa Bay Rays,Boston Red Sox,Boston Red Sox,Tampa Bay Rays,0,True,Final,0.5156,0.4844,0.5156,0,1,3,1,All Years Model,,,,,,,,,,,,,,,,,
2026-06-08,823218,San Francisco Giants,Washington Nationals,San Francisco Giants,Washington Nationals,0,True,Final,0.5543,0.4457,0.5543,1,0,3,4,All Years Model,,,,,,,,,,,,,,,,,
2026-06-08,823289,San Diego Padres,Cincinnati Reds,San Diego Padres,San Diego Padres,1,True,Final,0.5336,0.4664,0.5336,1,1,6,2,All Years Model,,,,,,,,,,,,,,,,,
2026-06-08,824025,Los Angeles Angels,Houston Astros,Houston Astros,Houston Astros,1,True,Final,0.5181,0.4819,0.5181,0,0,4,5,All Years Model,,,,,,,,,,,,,,,,,
2026-06-08,824427,Cleveland Guardians,New York Yankees,Cleveland Guardians,New York Yankees,0,True,Final,0.5376,0.4624,0.5376,1,0,5,7,All Years Model,,,,,,,,,,,,,,,,,
2026-06-08,824829,Baltimore Orioles,Seattle Mariners,Seattle Mariners,Seattle Mariners,1,True,Final,0.5183,0.4817,0.5183,0,0,3,6,All Years Model,,,,,,,,,,,,,,,,,
2026-06-08,824998,Athletics,Milwaukee Brewers,Milwaukee Brewers,Milwaukee Brewers,1,True,Final,0.5101,0.4899,0.5101,0,0,14,15,All Years Model,,,,,,,,,,,,,,,,,
2026-06-09,822805,Toronto Blue Jays,Philadelphia Phillies,Toronto Blue Jays,Toronto Blue Jays,1,True,Final,0.5374,0.4626,0.5374,1,1,3,2,All Years Model,,,,,,,,,,,,,,,,,
2026-06-09,822969,Tampa Bay Rays,Boston Red Sox,Tampa Bay Rays,Tampa Bay Rays,1,True,Final,0.5275,0.4725,0.5275,1,1,4,3,All Years Model,,,,,,,,,,,,,,,,,
2026-06-09,823214,San Francisco Giants,Washington Nationals,San Francisco Giants,Washington Nationals,0,True,Final,0.5238,0.4762,0.5238,1,0,3,6,All Years Model,,,,,,,,,,,,,,,,,
2026-06-09,823290,San Diego Padres,Cincinnati Reds,San Diego Padres,Cincinnati Reds,0,True,Final,0.523,0.477,0.523,1,0,3,5,All Years Model,,,,,,,,,,,,,,,,,
2026-06-09,823374,Pittsburgh Pirates,Los Angeles Dodgers,Los Angeles Dodgers,Los Angeles Dodgers,1,True,Final,0.4968,0.5032,0.5032,0,0,3,12,All Years Model,,,,,,,,,,,,,,,,,
2026-06-09,823620,New York Mets,St. Louis Cardinals,New York Mets,St. Louis Cardinals,0,True,Final,0.5383,0.4617,0.5383,1,0,0,7,All Years Model,,,,,,,,,,,,,,,,,
2026-06-09,823858,Miami Marlins,Arizona Diamondbacks,Arizona Diamondbacks,Miami Marlins,0,True,Final,0.5134,0.4866,0.5134,0,1,10,6,All Years Model,,,,,,,,,,,,,,,,,
2026-06-09,824023,Los Angeles Angels,Houston Astros,Los Angeles Angels,Los Angeles Angels,1,True,Final,0.5525,0.4475,0.5525,1,1,10,1,All Years Model,,,,,,,,,,,,,,,,,
2026-06-09,824105,Kansas City Royals,Texas Rangers,Texas Rangers,Kansas City Royals,0,True,Final,0.5014,0.4986,0.5014,0,1,5,3,All Years Model,,,,,,,,,,,,,,,,,
2026-06-09,824267,Detroit Tigers,Minnesota Twins,Detroit Tigers,Detroit Tigers,1,True,Final,0.5684,0.4316,0.5684,1,1,10,4,All Years Model,,,,,,,,,,,,,,,,,
2026-06-09,824347,Colorado Rockies,Chicago Cubs,Colorado Rockies,Colorado Rockies,1,True,Final,0.5253,0.4747,0.5253,1,1,7,3,All Years Model,,,,,,,,,,,,,,,,,
2026-06-09,824429,Cleveland Guardians,New York Yankees,New York Yankees,New York Yankees,1,True,Final,0.5129,0.4871,0.5129,0,0,2,3,All Years Model,,,,,,,,,,,,,,,,,
2026-06-09,824591,Chicago White Sox,Atlanta Braves,Atlanta Braves,Chicago White Sox,0,True,Final,0.4972,0.5028,0.5028,0,1,6,5,All Years Model,,,,,,,,,,,,,,,,,
2026-06-09,824830,Baltimore Orioles,Seattle Mariners,Baltimore Orioles,Seattle Mariners,0,True,Final,0.5294,0.4706,0.5294,1,0,5,6,All Years Model,,,,,,,,,,,,,,,,,
2026-06-09,824999,Athletics,Milwaukee Brewers,Milwaukee Brewers,Athletics,0,True,Final,0.5014,0.4986,0.5014,0,1,7,5,All Years Model,,,,,,,,,,,,,,,,,
2026-06-10,822804,Toronto Blue Jays,Philadelphia Phillies,Toronto Blue Jays,Philadelphia Phillies,0,True,Final,0.5297,0.4703,0.5297,1,0,4,7,All Years Model,,,,,,,,,,,,,,,,,
2026-06-10,822970,Tampa Bay Rays,Boston Red Sox,Tampa Bay Rays,Tampa Bay Rays,1,True,Final,0.5369,0.4631,0.5369,1,1,7,5,All Years Model,,,,,,,,,,,,,,,,,
2026-06-10,823215,San Francisco Giants,Washington Nationals,San Francisco Giants,San Francisco Giants,1,True,Final,0.5247,0.4753,0.5247,1,1,11,10,All Years Model,,,,,,,,,,,,,,,,,
2026-06-10,823287,San Diego Padres,Cincinnati Reds,San Diego Padres,San Diego Padres,1,True,Final,0.5538,0.4462,0.5538,1,1,5,4,All Years Model,,,,,,,,,,,,,,,,,
2026-06-10,823372,Pittsburgh Pirates,Los Angeles Dodgers,Los Angeles Dodgers,Pittsburgh Pirates,0,True,Final,0.4231,0.5769,0.5769,0,1,9,8,All Years Model,,,,,,,,,,,,,,,,,
2026-06-10,823618,New York Mets,St. Louis Cardinals,New York Mets,St. Louis Cardinals,0,True,Final,0.5568,0.4432,0.5568,1,0,2,9,All Years Model,,,,,,,,,,,,,,,,,
2026-06-10,823856,Miami Marlins,Arizona Diamondbacks,Arizona Diamondbacks,Miami Marlins,0,True,Final,0.4938,0.5062,0.5062,0,1,8,0,All Years Model,,,,,,,,,,,,,,,,,
2026-06-10,824022,Los Angeles Angels,Houston Astros,Los Angeles Angels,Los Angeles Angels,1,True,Final,0.5292,0.4708,0.5292,1,1,3,2,All Years Model,,,,,,,,,,,,,,,,,
2026-06-10,824103,Kansas City Royals,Texas Rangers,Texas Rangers,Texas Rangers,1,True,Final,0.5147,0.4853,0.5147,0,0,4,6,All Years Model,,,,,,,,,,,,,,,,,
2026-06-10,824266,Detroit Tigers,Minnesota Twins,Detroit Tigers,Minnesota Twins,0,True,Final,0.5456,0.4544,0.5456,1,0,4,6,All Years Model,,,,,,,,,,,,,,,,,
2026-06-10,824348,Colorado Rockies,Chicago Cubs,Chicago Cubs,Colorado Rockies,0,True,Final,0.5191,0.4809,0.5191,0,1,3,2,All Years Model,,,,,,,,,,,,,,,,,
2026-06-10,824428,Cleveland Guardians,New York Yankees,Cleveland Guardians,New York Yankees,0,True,Final,0.5329,0.4671,0.5329,1,0,4,8,All Years Model,,,,,,,,,,,,,,,,,
2026-06-10,824590,Chicago White Sox,Atlanta Braves,Atlanta Braves,Chicago White Sox,0,True,Final,0.5065,0.4935,0.5065,0,1,2,1,All Years Model,,,,,,,,,,,,,,,,,
2026-06-10,824831,Baltimore Orioles,Seattle Mariners,Baltimore Orioles,Baltimore Orioles,1,True,Final,0.5311,0.4689,0.5311,1,1,7,2,All Years Model,,,,,,,,,,,,,,,,,
2026-06-10,824996,Athletics,Milwaukee Brewers,Milwaukee Brewers,Athletics,0,True,Final,0.5103,0.4897,0.5103,0,1,4,3,All Years Model,,,,,,,,,,,,,,,,,
2026-06-11,823371,Pittsburgh Pirates,Los Angeles Dodgers,Los Angeles Dodgers,Los Angeles Dodgers,1,True,Final,0.4894,0.5106,0.5106,0,0,6,8,All Years Model,,,,,,,,,,,,,,,,,
2026-06-11,823619,New York Mets,St. Louis Cardinals,New York Mets,New York Mets,1,True,Final,0.538,0.462,0.538,1,1,5,4,All Years Model,,,,,,,,,,,,,,,,,
2026-06-11,823855,Miami Marlins,Arizona Diamondbacks,Miami Marlins,Miami Marlins,1,True,Final,0.5368,0.4632,0.5368,1,1,2,0,All Years Model,,,,,,,,,,,,,,,,,
2026-06-11,824101,Kansas City Royals,Texas Rangers,Kansas City Royals,Texas Rangers,0,True,Final,0.5354,0.4646,0.5354,1,0,2,4,All Years Model,,,,,,,,,,,,,,,,,
2026-06-11,824265,Detroit Tigers,Minnesota Twins,Detroit Tigers,Detroit Tigers,1,True,Final,0.5742,0.4258,0.5742,1,1,11,0,All Years Model,,,,,,,,,,,,,,,,,
2026-06-11,824346,Colorado Rockies,Chicago Cubs,Chicago Cubs,Chicago Cubs,1,True,Final,0.5108,0.4892,0.5108,0,0,3,9,All Years Model,,,,,,,,,,,,,,,,,
2026-06-11,824827,Baltimore Orioles,Seattle Mariners,Baltimore Orioles,Baltimore Orioles,1,True,Final,0.5258,0.4742,0.5258,1,1,7,5,All Years Model,,,,,,,,,,,,,,,,,
2026-06-12,822726,Washington Nationals,Seattle Mariners,Washington Nationals,Seattle Mariners,0,True,Final,0.5305,0.4695,0.5305,1,0,2,10,All Years Model,,,,,,,,,,,,,,,,,
2026-06-12,822803,Toronto Blue Jays,New York Yankees,Toronto Blue Jays,Toronto Blue Jays,1,True,Final,0.5288,0.4712,0.5288,1,1,8,5,All Years Model,,,,,,,,,,,,,,,,,
2026-06-12,823211,San Francisco Giants,Chicago Cubs,San Francisco Giants,Chicago Cubs,0,True,Final,0.5398,0.4602,0.5398,1,0,1,5,All Years Model,,,,,,,,,,,,,,,,,
2026-06-12,823370,Pittsburgh Pirates,Miami Marlins,Pittsburgh Pirates,Miami Marlins,0,True,Final,0.5491,0.4509,0.5491,1,0,3,8,All Years Model,,,,,,,,,,,,,,,,,
2026-06-12,823617,New York Mets,Atlanta Braves,Atlanta Braves,New York Mets,0,True,Final,0.517,0.483,0.517,0,1,7,5,All Years Model,,,,,,,,,,,,,,,,,
2026-06-12,823695,Minnesota Twins,St. Louis Cardinals,St. Louis Cardinals,Minnesota Twins,0,True,Final,0.5047,0.4953,0.5047,0,1,9,8,All Years Model,,,,,,,,,,,,,,,,,
2026-06-12,823778,Milwaukee Brewers,Philadelphia Phillies,Milwaukee Brewers,Milwaukee Brewers,1,True,Final,0.5454,0.4546,0.5454,1,1,6,0,All Years Model,,,,,,,,,,,,,,,,,
2026-06-12,824020,Los Angeles Angels,Tampa Bay Rays,Tampa Bay Rays,Los Angeles Angels,0,True,Final,0.4997,0.5003,0.5003,0,1,4,3,All Years Model,,,,,,,,,,,,,,,,,
2026-06-12,824102,Kansas City Royals,Houston Astros,Houston Astros,Houston Astros,1,True,Final,0.5183,0.4817,0.5183,0,0,8,10,All Years Model,,,,,,,,,,,,,,,,,
2026-06-12,824425,Cleveland Guardians,Detroit Tigers,Cleveland Guardians,Cleveland Guardians,1,True,Final,0.5611,0.4389,0.5611,1,1,3,2,All Years Model,,,,,,,,,,,,,,,,,
2026-06-12,824507,Cincinnati Reds,Arizona Diamondbacks,Cincinnati Reds,Arizona Diamondbacks,0,True,Final,0.5202,0.4798,0.5202,1,0,2,5,All Years Model,,,,,,,,,,,,,,,,,
2026-06-12,824588,Chicago White Sox,Los Angeles Dodgers,Los Angeles Dodgers,Chicago White Sox,0,True,Final,0.5137,0.4863,0.5137,0,1,8,2,All Years Model,,,,,,,,,,,,,,,,,
2026-06-12,824752,Boston Red Sox,Texas Rangers,Boston Red Sox,Boston Red Sox,1,True,Final,0.564,0.436,0.564,1,1,10,1,All Years Model,,,,,,,,,,,,,,,,,
2026-06-12,824826,Baltimore Orioles,San Diego Padres,Baltimore Orioles,Baltimore Orioles,1,True,Final,0.5359,0.4641,0.5359,1,1,7,3,All Years Model,,,,,,,,,,,,,,,,,
2026-06-12,824997,Athletics,Colorado Rockies,Athletics,Athletics,1,True,Final,0.5201,0.4799,0.5201,1,1,6,4,All Years Model,,,,,,,,,,,,,,,,,
2026-06-13,822725,Washington Nationals,Seattle Mariners,Washington Nationals,Washington Nationals,1,True,Final,0.5288,0.4712,0.5288,1,1,8,3,All Years Model,,,,,,,,,,,,,,,,,
2026-06-13,822802,Toronto Blue Jays,New York Yankees,New York Yankees,New York Yankees,1,True,Final,0.4712,0.5288,0.5288,0,0,1,3,All Years Model,,,,,,,,,,,,,,,,,
2026-06-13,823213,San Francisco Giants,Chicago Cubs,San Francisco Giants,Chicago Cubs,0,True,Final,0.5391,0.4609,0.5391,1,0,1,6,All Years Model,,,,,,,,,,,,,,,,,
2026-06-13,823369,Pittsburgh Pirates,Miami Marlins,Pittsburgh Pirates,Pittsburgh Pirates,1,True,Final,0.5384,0.4616,0.5384,1,1,3,2,All Years Model,,,,,,,,,,,,,,,,,
2026-06-13,823616,New York Mets,Atlanta Braves,Atlanta Braves,Atlanta Braves,1,True,Final,0.4937,0.5063,0.5063,0,0,1,3,All Years Model,,,,,,,,,,,,,,,,,
2026-06-13,823694,Minnesota Twins,St. Louis Cardinals,St. Louis Cardinals,St. Louis Cardinals,1,True,Final,0.5055,0.4945,0.5055,0,0,6,9,All Years Model,,,,,,,,,,,,,,,,,
2026-06-13,823776,Milwaukee Brewers,Philadelphia Phillies,Milwaukee Brewers,Philadelphia Phillies,0,True,Final,0.5523,0.4477,0.5523,1,0,8,9,All Years Model,,,,,,,,,,,,,,,,,
2026-06-13,824019,Los Angeles Angels,Tampa Bay Rays,Los Angeles Angels,Los Angeles Angels,1,True,Final,0.5342,0.4658,0.5342,1,1,8,0,All Years Model,,,,,,,,,,,,,,,,,
2026-06-13,824100,Kansas City Royals,Houston Astros,Houston Astros,Houston Astros,1,True,Final,0.5175,0.4825,0.5175,0,0,7,8,All Years Model,,,,,,,,,,,,,,,,,
2026-06-13,824426,Cleveland Guardians,Detroit Tigers,Cleveland Guardians,Cleveland Guardians,1,True,Final,0.5622,0.4378,0.5622,1,1,3,1,All Years Model,,,,,,,,,,,,,,,,,
2026-06-13,824508,Cincinnati Reds,Arizona Diamondbacks,Cincinnati Reds,Cincinnati Reds,1,True,Final,0.5283,0.4717,0.5283,1,1,2,1,All Years Model,,,,,,,,,,,,,,,,,
2026-06-13,824587,Chicago White Sox,Los Angeles Dodgers,Los Angeles Dodgers,Los Angeles Dodgers,1,True,Final,0.5129,0.4871,0.5129,0,0,1,7,All Years Model,,,,,,,,,,,,,,,,,
2026-06-13,824749,Boston Red Sox,Texas Rangers,Boston Red Sox,Boston Red Sox,1,True,Final,0.5494,0.4506,0.5494,1,1,6,3,All Years Model,,,,,,,,,,,,,,,,,
2026-06-13,824828,Baltimore Orioles,San Diego Padres,Baltimore Orioles,San Diego Padres,0,True,Final,0.5353,0.4647,0.5353,1,0,3,9,All Years Model,,,,,,,,,,,,,,,,,
2026-06-13,824995,Athletics,Colorado Rockies,Athletics,Athletics,1,True,Final,0.5268,0.4732,0.5268,1,1,7,5,All Years Model,,,,,,,,,,,,,,,,,
2026-06-14,822722,Washington Nationals,Seattle Mariners,Washington Nationals,Washington Nationals,1,True,Final,0.5301,0.4699,0.5301,1,1,10,1,All Years Model,,,,,,,,,,,,,,,,,
2026-06-14,822801,Toronto Blue Jays,New York Yankees,New York Yankees,New York Yankees,1,True,Final,0.5006,0.4994,0.5006,0,0,3,8,All Years Model,,,,,,,,,,,,,,,,,
2026-06-14,823212,San Francisco Giants,Chicago Cubs,San Francisco Giants,San Francisco Giants,1,True,Final,0.5428,0.4572,0.5428,1,1,5,1,All Years Model,,,,,,,,,,,,,,,,,
2026-06-14,823368,Pittsburgh Pirates,Miami Marlins,Pittsburgh Pirates,Miami Marlins,0,True,Final,0.5578,0.4422,0.5578,1,0,2,4,All Years Model,,,,,,,,,,,,,,,,,
2026-06-14,823615,New York Mets,Atlanta Braves,Atlanta Braves,New York Mets,0,True,Final,0.5152,0.4848,0.5152,0,1,8,1,All Years Model,,,,,,,,,,,,,,,,,
2026-06-14,823693,Minnesota Twins,St. Louis Cardinals,St. Louis Cardinals,Minnesota Twins,0,True,Final,0.4968,0.5032,0.5032,0,1,5,4,All Years Model,,,,,,,,,,,,,,,,,
2026-06-14,823777,Milwaukee Brewers,Philadelphia Phillies,Milwaukee Brewers,Milwaukee Brewers,1,True,Final,0.5243,0.4757,0.5243,1,1,4,0,All Years Model,,,,,,,,,,,,,,,,,
2026-06-14,824021,Los Angeles Angels,Tampa Bay Rays,Tampa Bay Rays,Tampa Bay Rays,1,True,Final,0.5169,0.4831,0.5169,0,0,3,8,All Years Model,,,,,,,,,,,,,,,,,
2026-06-14,824099,Kansas City Royals,Houston Astros,Houston Astros,Kansas City Royals,0,True,Final,0.5015,0.4985,0.5015,0,1,4,0,All Years Model,,,,,,,,,,,,,,,,,
2026-06-14,824506,Cincinnati Reds,Arizona Diamondbacks,Cincinnati Reds,Arizona Diamondbacks,0,True,Final,0.5311,0.4689,0.5311,1,0,3,5,All Years Model,,,,,,,,,,,,,,,,,
2026-06-14,824586,Chicago White Sox,Los Angeles Dodgers,Chicago White Sox,Chicago White Sox,1,True,Final,0.5213,0.4787,0.5213,1,1,6,4,All Years Model,,,,,,,,,,,,,,,,,
2026-06-14,824751,Boston Red Sox,Texas Rangers,Boston Red Sox,Texas Rangers,0,True,Final,0.5675,0.4325,0.5675,1,0,4,6,All Years Model,,,,,,,,,,,,,,,,,
2026-06-14,824823,Baltimore Orioles,San Diego Padres,Baltimore Orioles,San Diego Padres,0,True,Final,0.5401,0.4599,0.5401,1,0,2,5,All Years Model,,,,,,,,,,,,,,,,,
2026-06-14,824994,Athletics,Colorado Rockies,Athletics,Colorado Rockies,0,True,Final,0.5354,0.4646,0.5354,1,0,9,23,All Years Model,,,,,,,,,,,,,,,,,
2026-06-15,822724,Washington Nationals,Kansas City Royals,Washington Nationals,Washington Nationals,1,True,Final,0.5552,0.4448,0.5552,1,1,7,3,All Years Model,,,,,,,,,,,,,,,,,
2026-06-15,822887,Texas Rangers,Minnesota Twins,Texas Rangers,Minnesota Twins,0,True,Final,0.5718,0.4282,0.5718,1,0,2,4,All Years Model,,,,,,,,,,,,,,,,,
2026-06-15,823046,St. Louis Cardinals,San Diego Padres,St. Louis Cardinals,St. Louis Cardinals,1,True,Final,0.5352,0.4648,0.5352,1,1,3,0,All Years Model,,,,,,,,,,,,,,,,,
2026-06-15,823452,Philadelphia Phillies,Miami Marlins,Philadelphia Phillies,Philadelphia Phillies,1,True,Final,0.5666,0.4334,0.5666,1,1,7,0,All Years Model,,,,,,,,,,,,,,,,,
2026-06-15,823938,Los Angeles Dodgers,Tampa Bay Rays,Los Angeles Dodgers,Los Angeles Dodgers,1,True,Final,0.535,0.465,0.535,1,1,4,3,All Years Model,,,,,,,,,,,,,,,,,
2026-06-15,824181,Houston Astros,Detroit Tigers,Houston Astros,Detroit Tigers,0,True,Final,0.5788,0.4212,0.5788,1,0,3,9,All Years Model,,,,,,,,,,,,,,,,,
2026-06-15,824505,Cincinnati Reds,New York Mets,Cincinnati Reds,Cincinnati Reds,1,True,Final,0.5312,0.4688,0.5312,1,1,12,0,All Years Model,,,,,,,,,,,,,,,,,
2026-06-15,824666,Chicago Cubs,Colorado Rockies,Chicago Cubs,Chicago Cubs,1,True,Final,0.5704,0.4296,0.5704,1,1,5,4,All Years Model,,,,,,,,,,,,,,,,,
2026-06-15,824993,Athletics,Pittsburgh Pirates,Athletics,Athletics,1,True,Final,0.5305,0.4695,0.5305,1,1,11,2,All Years Model,,,,,,,,,,,,,,,,,
2026-06-15,825071,Arizona Diamondbacks,Los Angeles Angels,Los Angeles Angels,Arizona Diamondbacks,0,True,Final,0.5045,0.4955,0.5045,0,1,4,3,All Years Model,,,,,,,,,,,,,,,,,
2026-06-16,822723,Washington Nationals,Kansas City Royals,Washington Nationals,Washington Nationals,1,True,Final,0.545,0.455,0.545,1,1,6,4,All Years Model,,,,,,,,,,,,,,,,,
2026-06-16,822888,Texas Rangers,Minnesota Twins,Texas Rangers,Minnesota Twins,0,True,Final,0.558,0.442,0.558,1,0,2,12,All Years Model,,,,,,,,,,,,,,,,,
2026-06-16,823045,St. Louis Cardinals,San Diego Padres,St. Louis Cardinals,St. Louis Cardinals,1,True,Final,0.5357,0.4643,0.5357,1,1,3,2,All Years Model,,,,,,,,,,,,,,,,,
2026-06-16,823128,Seattle Mariners,Baltimore Orioles,Seattle Mariners,Seattle Mariners,1,True,Final,0.5478,0.4522,0.5478,1,1,3,1,All Years Model,,,,,,,,,,,,,,,,,
2026-06-16,823451,Philadelphia Phillies,Miami Marlins,Philadelphia Phillies,Philadelphia Phillies,1,True,Final,0.5315,0.4685,0.5315,1,1,8,2,All Years Model,,,,,,,,,,,,,,,,,
2026-06-16,823535,New York Yankees,Chicago White Sox,New York Yankees,New York Yankees,1,True,Final,0.5611,0.4389,0.5611,1,1,12,2,All Years Model,,,,,,,,,,,,,,,,,
2026-06-16,823775,Milwaukee Brewers,Cleveland Guardians,Cleveland Guardians,Milwaukee Brewers,0,True,Final,0.5181,0.4819,0.5181,0,1,2,1,All Years Model,,,,,,,,,,,,,,,,,
2026-06-16,823939,Los Angeles Dodgers,Tampa Bay Rays,Los Angeles Dodgers,Los Angeles Dodgers,1,True,Final,0.5407,0.4593,0.5407,1,1,1,0,All Years Model,,,,,,,,,,,,,,,,,
2026-06-16,824182,Houston Astros,Detroit Tigers,Houston Astros,Houston Astros,1,True,Final,0.5672,0.4328,0.5672,1,1,4,2,All Years Model,,,,,,,,,,,,,,,,,
2026-06-16,824504,Cincinnati Reds,New York Mets,New York Mets,Cincinnati Reds,0,True,Final,0.5131,0.4869,0.5131,0,1,5,3,All Years Model,,,,,,,,,,,,,,,,,
2026-06-16,824667,Chicago Cubs,Colorado Rockies,Chicago Cubs,Colorado Rockies,0,True,Final,0.5794,0.4206,0.5794,1,0,2,5,All Years Model,,,,,,,,,,,,,,,,,
2026-06-16,824750,Boston Red Sox,Toronto Blue Jays,Boston Red Sox,Toronto Blue Jays,0,True,Final,0.5345,0.4655,0.5345,1,0,1,6,All Years Model,,,,,,,,,,,,,,,,,
2026-06-16,824991,Athletics,Pittsburgh Pirates,Pittsburgh Pirates,Pittsburgh Pirates,1,True,Final,0.5096,0.4904,0.5096,0,0,5,6,All Years Model,,,,,,,,,,,,,,,,,
2026-06-16,825070,Arizona Diamondbacks,Los Angeles Angels,Arizona Diamondbacks,Los Angeles Angels,0,True,Final,0.5285,0.4715,0.5285,1,0,0,7,All Years Model,,,,,,,,,,,,,,,,,
2026-06-17,822721,Washington Nationals,Kansas City Royals,Washington Nationals,Kansas City Royals,0,True,Final,0.5292,0.4708,0.5292,1,0,2,6,All Years Model,,,,,,,,,,,,,,,,,
2026-06-17,823044,St. Louis Cardinals,San Diego Padres,St. Louis Cardinals,San Diego Padres,0,True,Final,0.5363,0.4637,0.5363,1,0,1,6,All Years Model,,,,,,,,,,,,,,,,,
2026-06-17,823127,Seattle Mariners,Baltimore Orioles,Seattle Mariners,Baltimore Orioles,0,True,Final,0.5427,0.4573,0.5427,1,0,3,5,All Years Model,,,,,,,,,,,,,,,,,
2026-06-17,823450,Philadelphia Phillies,Miami Marlins,Philadelphia Phillies,Miami Marlins,0,True,Final,0.5329,0.4671,0.5329,1,0,4,12,All Years Model,,,,,,,,,,,,,,,,,
2026-06-17,823536,New York Yankees,Chicago White Sox,New York Yankees,New York Yankees,1,True,Final,0.563,0.437,0.563,1,1,10,5,All Years Model,,,,,,,,,,,,,,,,,
2026-06-17,823774,Milwaukee Brewers,Cleveland Guardians,Cleveland Guardians,Milwaukee Brewers,0,True,Final,0.4946,0.5054,0.5054,0,1,9,4,All Years Model,,,,,,,,,,,,,,,,,
2026-06-17,823940,Los Angeles Dodgers,Tampa Bay Rays,Los Angeles Dodgers,Los Angeles Dodgers,1,True,Final,0.5396,0.4604,0.5396,1,1,5,4,All Years Model,,,,,,,,,,,,,,,,,
2026-06-17,824178,Houston Astros,Detroit Tigers,Houston Astros,Houston Astros,1,True,Final,0.548,0.452,0.548,1,1,4,2,All Years Model,,,,,,,,,,,,,,,,,
2026-06-17,824503,Cincinnati Reds,New York Mets,New York Mets,New York Mets,1,True,Final,0.5144,0.4856,0.5144,0,0,1,9,All Years Model,,,,,,,,,,,,,,,,,
2026-06-17,824668,Chicago Cubs,Colorado Rockies,Chicago Cubs,Chicago Cubs,1,True,Final,0.5676,0.4324,0.5676,1,1,8,6,All Years Model,,,,,,,,,,,,,,,,,
2026-06-17,824746,Boston Red Sox,Toronto Blue Jays,Boston Red Sox,Toronto Blue Jays,0,True,Final,0.5332,0.4668,0.5332,1,0,0,3,All Years Model,,,,,,,,,,,,,,,,,
2026-06-17,824912,Atlanta Braves,San Francisco Giants,Atlanta Braves,San Francisco Giants,0,True,Final,0.5605,0.4395,0.5605,1,0,2,7,All Years Model,,,,,,,,,,,,,,,,,
2026-06-17,824913,Atlanta Braves,San Francisco Giants,Atlanta Braves,San Francisco Giants,0,True,Final,0.5767,0.4233,0.5767,1,0,5,7,All Years Model,,,,,,,,,,,,,,,,,
2026-06-17,824992,Athletics,Pittsburgh Pirates,Athletics,Pittsburgh Pirates,0,True,Final,0.5225,0.4775,0.5225,1,0,4,12,All Years Model,,,,,,,,,,,,,,,,,
2026-06-17,825072,Arizona Diamondbacks,Los Angeles Angels,Arizona Diamondbacks,Arizona Diamondbacks,1,True,Final,0.5726,0.4274,0.5726,1,1,8,1,All Years Model,,,,,,,,,,,,,,,,,
2026-06-18,822889,Texas Rangers,Minnesota Twins,Texas Rangers,Minnesota Twins,0,True,Final,0.5234,0.4766,0.5234,1,0,3,9,All Years Model,,,,,,,,,,,,,,,,,
2026-06-18,823125,Seattle Mariners,Baltimore Orioles,Seattle Mariners,Seattle Mariners,1,True,Final,0.5462,0.4538,0.5462,1,1,3,0,All Years Model,,,,,,,,,,,,,,,,,
2026-06-18,823448,Philadelphia Phillies,New York Mets,Philadelphia Phillies,New York Mets,0,True,Final,0.5561,0.4439,0.5561,1,0,4,6,All Years Model,,,,,,,,,,,,,,,,,
2026-06-18,823533,New York Yankees,Chicago White Sox,New York Yankees,Chicago White Sox,0,True,Final,0.5516,0.4484,0.5516,1,0,1,5,All Years Model,,,,,,,,,,,,,,,,,
2026-06-18,823772,Milwaukee Brewers,Cleveland Guardians,Milwaukee Brewers,Cleveland Guardians,0,True,Final,0.5261,0.4739,0.5261,1,0,2,4,All Years Model,,,,,,,,,,,,,,,,,
2026-06-18,824098,Kansas City Royals,St. Louis Cardinals,St. Louis Cardinals,Kansas City Royals,0,True,Final,0.5062,0.4938,0.5062,0,1,14,6,All Years Model,,,,,,,,,,,,,,,,,
2026-06-18,824748,Boston Red Sox,Toronto Blue Jays,Boston Red Sox,Toronto Blue Jays,0,True,Final,0.5393,0.4607,0.5393,1,0,3,4,All Years Model,,,,,,,,,,,,,,,,,
2026-06-18,824989,Athletics,Los Angeles Angels,Los Angeles Angels,Athletics,0,True,Final,0.5111,0.4889,0.5111,0,1,5,0,All Years Model,,,,,,,,,,,,,,,,,
2026-06-19,822886,Texas Rangers,San Diego Padres,Texas Rangers,Texas Rangers,1,True,Final,0.5361,0.4639,0.5361,1,1,9,7,All Years Model,,,,,,,,,,,,,,,,,
2026-06-19,822966,Tampa Bay Rays,Washington Nationals,Tampa Bay Rays,Tampa Bay Rays,1,True,Final,0.5504,0.4496,0.5504,1,1,5,2,All Years Model,,,,,,,,,,,,,,,,,
2026-06-19,823124,Seattle Mariners,Boston Red Sox,Boston Red Sox,Boston Red Sox,1,True,Final,0.503,0.497,0.503,0,0,2,6,All Years Model,,,,,,,,,,,,,,,,,
2026-06-19,823534,New York Yankees,Cincinnati Reds,New York Yankees,New York Yankees,1,True,Final,0.5852,0.4148,0.5852,1,1,5,0,All Years Model,,,,,,,,,,,,,,,,,
2026-06-19,823853,Miami Marlins,San Francisco Giants,San Francisco Giants,Miami Marlins,0,True,Final,0.4826,0.5174,0.5174,0,1,4,3,All Years Model,,,,,,,,,,,,,,,,,
2026-06-19,823936,Los Angeles Dodgers,Baltimore Orioles,Los Angeles Dodgers,Los Angeles Dodgers,1,True,Final,0.5684,0.4316,0.5684,1,1,6,5,All Years Model,,,,,,,,,,,,,,,,,
2026-06-19,824097,Kansas City Royals,St. Louis Cardinals,St. Louis Cardinals,Kansas City Royals,0,True,Final,0.4665,0.5335,0.5335,0,1,6,5,All Years Model,,,,,,,,,,,,,,,,,
2026-06-19,824179,Houston Astros,Cleveland Guardians,Cleveland Guardians,Houston Astros,0,True,Final,0.5128,0.4872,0.5128,0,1,9,3,All Years Model,,,,,,,,,,,,,,,,,
2026-06-19,824264,Detroit Tigers,Chicago White Sox,Detroit Tigers,Detroit Tigers,1,True,Final,0.5446,0.4554,0.5446,1,1,4,3,All Years Model,,,,,,,,,,,,,,,,,
2026-06-19,824345,Colorado Rockies,Pittsburgh Pirates,Colorado Rockies,Colorado Rockies,1,True,Final,0.5236,0.4764,0.5236,1,1,4,3,All Years Model,,,,,,,,,,,,,,,,,
2026-06-19,824663,Chicago Cubs,Toronto Blue Jays,Chicago Cubs,Chicago Cubs,1,True,Final,0.5336,0.4664,0.5336,1,1,16,2,All Years Model,,,,,,,,,,,,,,,,,
2026-06-19,824910,Atlanta Braves,Milwaukee Brewers,Milwaukee Brewers,Atlanta Braves,0,True,Final,0.5093,0.4907,0.5093,0,1,3,2,All Years Model,,,,,,,,,,,,,,,,,
2026-06-19,824990,Athletics,Los Angeles Angels,Athletics,Athletics,1,True,Final,0.5274,0.4726,0.5274,1,1,12,11,All Years Model,,,,,,,,,,,,,,,,,
2026-06-19,825069,Arizona Diamondbacks,Minnesota Twins,Arizona Diamondbacks,Arizona Diamondbacks,1,True,Final,0.5605,0.4395,0.5605,1,1,9,5,All Years Model,,,,,,,,,,,,,,,,,
2026-06-20,822885,Texas Rangers,San Diego Padres,Texas Rangers,San Diego Padres,0,True,Final,0.5246,0.4754,0.5246,1,0,4,6,All Years Model,,,,,,,,,,,,,,,,,
2026-06-20,822967,Tampa Bay Rays,Washington Nationals,Tampa Bay Rays,Washington Nationals,0,True,Final,0.5658,0.4342,0.5658,1,0,3,4,All Years Model,,,,,,,,,,,,,,,,,
2026-06-20,823126,Seattle Mariners,Boston Red Sox,Boston Red Sox,Boston Red Sox,1,True,Final,0.5075,0.4925,0.5075,0,0,1,5,All Years Model,,,,,,,,,,,,,,,,,
2026-06-20,823447,Philadelphia Phillies,New York Mets,Philadelphia Phillies,Philadelphia Phillies,1,True,Final,0.5464,0.4536,0.5464,1,1,15,3,All Years Model,,,,,,,,,,,,,,,,,
2026-06-20,823532,New York Yankees,Cincinnati Reds,New York Yankees,Cincinnati Reds,0,True,Final,0.5692,0.4308,0.5692,1,0,2,10,All Years Model,,,,,,,,,,,,,,,,,
2026-06-20,823854,Miami Marlins,San Francisco Giants,San Francisco Giants,Miami Marlins,0,True,Final,0.5101,0.4899,0.5101,0,1,6,3,All Years Model,,,,,,,,,,,,,,,,,
2026-06-20,823937,Los Angeles Dodgers,Baltimore Orioles,Los Angeles Dodgers,Baltimore Orioles,0,True,Final,0.6009,0.3991,0.6009,1,0,2,3,All Years Model,,,,,,,,,,,,,,,,,
2026-06-20,824180,Houston Astros,Cleveland Guardians,Cleveland Guardians,Cleveland Guardians,1,True,Final,0.5177,0.4823,0.5177,0,0,1,8,All Years Model,,,,,,,,,,,,,,,,,
2026-06-20,824263,Detroit Tigers,Chicago White Sox,Detroit Tigers,Detroit Tigers,1,True,Final,0.5273,0.4727,0.5273,1,1,4,1,All Years Model,,,,,,,,,,,,,,,,,
2026-06-20,824342,Colorado Rockies,Pittsburgh Pirates,Pittsburgh Pirates,Colorado Rockies,0,True,Final,0.5123,0.4877,0.5123,0,1,2,1,All Years Model,,,,,,,,,,,,,,,,,
2026-06-20,824665,Chicago Cubs,Toronto Blue Jays,Chicago Cubs,Toronto Blue Jays,0,True,Final,0.5275,0.4725,0.5275,1,0,6,8,All Years Model,,,,,,,,,,,,,,,,,
2026-06-20,824909,Atlanta Braves,Milwaukee Brewers,Atlanta Braves,Atlanta Braves,1,True,Final,0.535,0.465,0.535,1,1,4,3,All Years Model,,,,,,,,,,,,,,,,,
2026-06-20,824988,Athletics,Los Angeles Angels,Athletics,Los Angeles Angels,0,True,Final,0.5298,0.4702,0.5298,1,0,0,7,All Years Model,,,,,,,,,,,,,,,,,
2026-06-20,825068,Arizona Diamondbacks,Minnesota Twins,Arizona Diamondbacks,Minnesota Twins,0,True,Final,0.5575,0.4425,0.5575,1,0,8,16,All Years Model,,,,,,,,,,,,,,,,,
2026-06-21,822883,Texas Rangers,San Diego Padres,Texas Rangers,Texas Rangers,1,True,Final,0.5218,0.4782,0.5218,1,1,4,3,All Years Model,,,,,,,,,,,,,,,,,
2026-06-21,822968,Tampa Bay Rays,Washington Nationals,Tampa Bay Rays,Tampa Bay Rays,1,True,Final,0.549,0.451,0.549,1,1,4,3,All Years Model,,,,,,,,,,,,,,,,,
2026-06-21,823123,Seattle Mariners,Boston Red Sox,Seattle Mariners,Seattle Mariners,1,True,Final,0.5233,0.4767,0.5233,1,1,3,1,All Years Model,,,,,,,,,,,,,,,,,
2026-06-21,823449,Philadelphia Phillies,New York Mets,Philadelphia Phillies,Philadelphia Phillies,1,True,Final,0.5476,0.4524,0.5476,1,1,6,2,All Years Model,,,,,,,,,,,,,,,,,
2026-06-21,823531,New York Yankees,Cincinnati Reds,New York Yankees,Cincinnati Reds,0,True,Final,0.5606,0.4394,0.5606,1,0,1,4,All Years Model,,,,,,,,,,,,,,,,,
2026-06-21,823852,Miami Marlins,San Francisco Giants,San Francisco Giants,Miami Marlins,0,True,Final,0.4667,0.5333,0.5333,0,1,2,1,All Years Model,,,,,,,,,,,,,,,,,
2026-06-21,823934,Los Angeles Dodgers,Baltimore Orioles,Los Angeles Dodgers,Baltimore Orioles,0,True,Final,0.5945,0.4055,0.5945,1,0,1,12,All Years Model,,,,,,,,,,,,,,,,,
2026-06-21,824095,Kansas City Royals,St. Louis Cardinals,St. Louis Cardinals,St. Louis Cardinals,1,True,Final,0.5118,0.4882,0.5118,0,0,10,12,All Years Model,,,,,,,,,,,,,,,,,
2026-06-21,824177,Houston Astros,Cleveland Guardians,Houston Astros,Houston Astros,1,True,Final,0.5222,0.4778,0.5222,1,1,2,1,All Years Model,,,,,,,,,,,,,,,,,
2026-06-21,824260,Detroit Tigers,Chicago White Sox,Chicago White Sox,Detroit Tigers,0,True,Final,0.5083,0.4917,0.5083,0,1,5,4,All Years Model,,,,,,,,,,,,,,,,,
2026-06-21,824343,Colorado Rockies,Pittsburgh Pirates,Colorado Rockies,Pittsburgh Pirates,0,True,Final,0.5444,0.4556,0.5444,1,0,6,8,All Years Model,,,,,,,,,,,,,,,,,
2026-06-21,824908,Atlanta Braves,Milwaukee Brewers,Milwaukee Brewers,Milwaukee Brewers,1,True,Final,0.505,0.495,0.505,0,0,4,9,All Years Model,,,,,,,,,,,,,,,,,
2026-06-21,824987,Athletics,Los Angeles Angels,Los Angeles Angels,Los Angeles Angels,1,True,Final,0.5124,0.4876,0.5124,0,0,7,9,All Years Model,,,,,,,,,,,,,,,,,
2026-06-21,825067,Arizona Diamondbacks,Minnesota Twins,Arizona Diamondbacks,Minnesota Twins,0,True,Final,0.5585,0.4415,0.5585,1,0,2,4,All Years Model,,,,,,,,,,,,,,,,,
2026-06-22,822720,Washington Nationals,Philadelphia Phillies,Philadelphia Phillies,Washington Nationals,0,True,Final,0.5187,0.4813,0.5187,0,1,4,1,All Years Model,,,,,,,,,,,,,,,,,
2026-06-22,822800,Toronto Blue Jays,Houston Astros,Toronto Blue Jays,Toronto Blue Jays,1,True,Final,0.5222,0.4778,0.5222,1,1,4,2,All Years Model,,,,,,,,,,,,,,,,,
2026-06-22,822964,Tampa Bay Rays,Kansas City Royals,Tampa Bay Rays,Kansas City Royals,0,True,Final,0.5698,0.4302,0.5698,1,0,1,2,All Years Model,,,,,,,,,,,,,,,,,
2026-06-22,823040,St. Louis Cardinals,Arizona Diamondbacks,Arizona Diamondbacks,St. Louis Cardinals,0,True,Final,0.5175,0.4825,0.5175,0,1,3,2,All Years Model,,,,,,,,,,,,,,,,,
2026-06-22,823288,San Diego Padres,Atlanta Braves,San Diego Padres,San Diego Padres,1,True,Final,0.5268,0.4732,0.5268,1,1,1,0,All Years Model,,,,,,,,,,,,,,,,,
2026-06-22,823692,Minnesota Twins,Los Angeles Dodgers,Los Angeles Dodgers,Los Angeles Dodgers,1,True,Final,0.4822,0.5178,0.5178,0,0,1,2,All Years Model,,,,,,,,,,,,,,,,,
2026-06-22,823851,Miami Marlins,Texas Rangers,Miami Marlins,Texas Rangers,0,True,Final,0.5407,0.4593,0.5407,1,0,3,4,All Years Model,,,,,,,,,,,,,,,,,
2026-06-22,824016,Los Angeles Angels,Baltimore Orioles,Los Angeles Angels,Baltimore Orioles,0,True,Final,0.5254,0.4746,0.5254,1,0,1,6,All Years Model,,,,,,,,,,,,,,,,,
2026-06-22,824261,Detroit Tigers,New York Yankees,New York Yankees,Detroit Tigers,0,True,Final,0.4504,0.5496,0.5496,0,1,5,3,All Years Model,,,,,,,,,,,,,,,,,
2026-06-22,824344,Colorado Rockies,Boston Red Sox,Boston Red Sox,Colorado Rockies,0,True,Final,0.4996,0.5004,0.5004,0,1,3,2,All Years Model,,,,,,,,,,,,,,,,,
2026-06-22,824502,Cincinnati Reds,Milwaukee Brewers,Milwaukee Brewers,Milwaukee Brewers,1,True,Final,0.5154,0.4846,0.5154,0,0,1,2,All Years Model,,,,,,,,,,,,,,,,,
2026-06-22,824585,Chicago White Sox,Cleveland Guardians,Cleveland Guardians,Chicago White Sox,0,True,Final,0.5155,0.4845,0.5155,0,1,6,5,All Years Model,,,,,,,,,,,,,,,,,
2026-06-23,822718,Washington Nationals,Philadelphia Phillies,Washington Nationals,Philadelphia Phillies,0,True,Final,0.5246,0.4754,0.5246,1,0,9,14,All Years Model,,,,,,,,,,,,,,,,,
2026-06-23,822799,Toronto Blue Jays,Houston Astros,Toronto Blue Jays,Houston Astros,0,True,Final,0.5512,0.4488,0.5512,1,0,7,9,All Years Model,,,,,,,,,,,,,,,,,
2026-06-23,822963,Tampa Bay Rays,Kansas City Royals,Tampa Bay Rays,Kansas City Royals,0,True,Final,0.5829,0.4171,0.5829,1,0,5,12,All Years Model,,,,,,,,,,,,,,,,,
2026-06-23,823043,St. Louis Cardinals,Arizona Diamondbacks,St. Louis Cardinals,Arizona Diamondbacks,0,True,Final,0.5254,0.4746,0.5254,1,0,3,4,All Years Model,,,,,,,,,,,,,,,,,
2026-06-23,823210,San Francisco Giants,Athletics,San Francisco Giants,San Francisco Giants,1,True,Final,0.5588,0.4412,0.5588,1,1,3,1,All Years Model,,,,,,,,,,,,,,,,,
2026-06-23,823286,San Diego Padres,Atlanta Braves,San Diego Padres,San Diego Padres,1,True,Final,0.5289,0.4711,0.5289,1,1,7,6,All Years Model,,,,,,,,,,,,,,,,,
2026-06-23,823365,Pittsburgh Pirates,Seattle Mariners,Seattle Mariners,Seattle Mariners,1,True,Final,0.5011,0.4989,0.5011,0,0,2,3,All Years Model,,,,,,,,,,,,,,,,,
2026-06-23,823614,New York Mets,Chicago Cubs,New York Mets,Chicago Cubs,0,True,Final,0.5317,0.4683,0.5317,1,0,6,9,All Years Model,,,,,,,,,,,,,,,,,
2026-06-23,823690,Minnesota Twins,Los Angeles Dodgers,Los Angeles Dodgers,Los Angeles Dodgers,1,True,Final,0.5092,0.4908,0.5092,0,0,3,12,All Years Model,,,,,,,,,,,,,,,,,
2026-06-23,823849,Miami Marlins,Texas Rangers,Miami Marlins,Miami Marlins,1,True,Final,0.5609,0.4391,0.5609,1,1,6,4,All Years Model,,,,,,,,,,,,,,,,,
2026-06-23,824017,Los Angeles Angels,Baltimore Orioles,Los Angeles Angels,Los Angeles Angels,1,True,Final,0.5304,0.4696,0.5304,1,1,5,1,All Years Model,,,,,,,,,,,,,,,,,
2026-06-23,824262,Detroit Tigers,New York Yankees,New York Yankees,New York Yankees,1,True,Final,0.4857,0.5143,0.5143,0,0,3,4,All Years Model,,,,,,,,,,,,,,,,,
2026-06-23,824340,Colorado Rockies,Boston Red Sox,Colorado Rockies,Boston Red Sox,0,True,Final,0.5247,0.4753,0.5247,1,0,2,5,All Years Model,,,,,,,,,,,,,,,,,
2026-06-23,824501,Cincinnati Reds,Milwaukee Brewers,Cincinnati Reds,Milwaukee Brewers,0,True,Final,0.5257,0.4743,0.5257,1,0,0,2,All Years Model,,,,,,,,,,,,,,,,,
2026-06-23,824584,Chicago White Sox,Cleveland Guardians,Cleveland Guardians,Chicago White Sox,0,True,Final,0.5199,0.4801,0.5199,0,1,2,1,All Years Model,,,,,,,,,,,,,,,,,
2026-06-24,822719,Washington Nationals,Philadelphia Phillies,Philadelphia Phillies,Philadelphia Phillies,1,True,Final,0.5168,0.4832,0.5168,0,0,4,5,All Years Model,,,,,,,,,,,,,,,,,
2026-06-24,822798,Toronto Blue Jays,Houston Astros,Toronto Blue Jays,Houston Astros,0,True,Final,0.5422,0.4578,0.5422,1,0,1,3,All Years Model,,,,,,,,,,,,,,,,,
2026-06-24,822965,Tampa Bay Rays,Kansas City Royals,Tampa Bay Rays,Tampa Bay Rays,1,True,Final,0.5714,0.4286,0.5714,1,1,5,3,All Years Model,,,,,,,,,,,,,,,,,
2026-06-24,823041,St. Louis Cardinals,Arizona Diamondbacks,St. Louis Cardinals,Arizona Diamondbacks,0,True,Final,0.5368,0.4632,0.5368,1,0,4,9,All Years Model,,,,,,,,,,,,,,,,,
2026-06-24,823208,San Francisco Giants,Athletics,San Francisco Giants,San Francisco Giants,1,True,Final,0.5683,0.4317,0.5683,1,1,2,1,All Years Model,,,,,,,,,,,,,,,,,
2026-06-24,823284,San Diego Padres,Atlanta Braves,Atlanta Braves,San Diego Padres,0,True,Final,0.5019,0.4981,0.5019,0,1,5,2,All Years Model,,,,,,,,,,,,,,,,,
2026-06-24,823367,Pittsburgh Pirates,Seattle Mariners,Pittsburgh Pirates,Pittsburgh Pirates,1,True,Final,0.5253,0.4747,0.5253,1,1,11,1,All Years Model,,,,,,,,,,,,,,,,,
2026-06-24,823611,New York Mets,Chicago Cubs,New York Mets,Chicago Cubs,0,True,Final,0.5243,0.4757,0.5243,1,0,5,10,All Years Model,,,,,,,,,,,,,,,,,
2026-06-24,823613,New York Mets,Chicago Cubs,New York Mets,Chicago Cubs,0,True,Final,0.5336,0.4664,0.5336,1,0,3,10,All Years Model,,,,,,,,,,,,,,,,,
2026-06-24,823691,Minnesota Twins,Los Angeles Dodgers,Los Angeles Dodgers,Los Angeles Dodgers,1,True,Final,0.4976,0.5024,0.5024,0,0,3,4,All Years Model,,,,,,,,,,,,,,,,,
2026-06-24,823850,Miami Marlins,Texas Rangers,Texas Rangers,Miami Marlins,0,True,Final,0.5105,0.4895,0.5105,0,1,4,2,All Years Model,,,,,,,,,,,,,,,,,
2026-06-24,824018,Los Angeles Angels,Baltimore Orioles,Los Angeles Angels,Los Angeles Angels,1,True,Final,0.5378,0.4622,0.5378,1,1,7,6,All Years Model,,,,,,,,,,,,,,,,,
2026-06-24,824259,Detroit Tigers,New York Yankees,New York Yankees,New York Yankees,1,True,Final,0.5188,0.4812,0.5188,0,0,2,4,All Years Model,,,,,,,,,,,,,,,,,
2026-06-24,824341,Colorado Rockies,Boston Red Sox,Boston Red Sox,Colorado Rockies,0,True,Final,0.4921,0.5079,0.5079,0,1,8,6,All Years Model,,,,,,,,,,,,,,,,,
2026-06-24,824500,Cincinnati Reds,Milwaukee Brewers,Milwaukee Brewers,Milwaukee Brewers,1,True,Final,0.5071,0.4929,0.5071,0,0,5,6,All Years Model,,,,,,,,,,,,,,,,,
2026-06-24,824583,Chicago White Sox,Cleveland Guardians,Cleveland Guardians,Cleveland Guardians,1,True,Final,0.5194,0.4806,0.5194,0,0,3,4,All Years Model,,,,,,,,,,,,,,,,,
2026-06-25,822717,Washington Nationals,Philadelphia Phillies,Philadelphia Phillies,Philadelphia Phillies,1,True,Final,0.5133,0.4867,0.5133,0,0,5,10,All Years Model,,,,,,,,,,,,,,,,,
2026-06-25,822797,Toronto Blue Jays,Texas Rangers,Toronto Blue Jays,Texas Rangers,0,True,Final,0.5399,0.4601,0.5399,1,0,5,6,All Years Model,,,,,,,,,,,,,,,,,
2026-06-25,822961,Tampa Bay Rays,Kansas City Royals,Tampa Bay Rays,Tampa Bay Rays,1,True,Final,0.5675,0.4325,0.5675,1,1,13,2,All Years Model,,,,,,,,,,,,,,,,,
2026-06-25,823209,San Francisco Giants,Athletics,San Francisco Giants,Athletics,0,True,Final,0.5676,0.4324,0.5676,1,0,6,9,All Years Model,,,,,,,,,,,,,,,,,
2026-06-25,823366,Pittsburgh Pirates,Seattle Mariners,Seattle Mariners,Pittsburgh Pirates,0,True,Final,0.5131,0.4869,0.5131,0,1,5,1,All Years Model,,,,,,,,,,,,,,,,,
2026-06-25,823612,New York Mets,Chicago Cubs,New York Mets,Chicago Cubs,0,True,Final,0.5399,0.4601,0.5399,1,0,3,4,All Years Model,,,,,,,,,,,,,,,,,
2026-06-25,824258,Detroit Tigers,Houston Astros,Detroit Tigers,Houston Astros,0,True,Final,0.5372,0.4628,0.5372,1,0,1,2,All Years Model,,,,,,,,,,,,,,,,,
2026-06-25,824747,Boston Red Sox,New York Yankees,New York Yankees,Boston Red Sox,0,True,Final,0.494,0.506,0.506,0,1,6,3,All Years Model,,,,,,,,,,,,,,,,,
2026-06-26,822796,Toronto Blue Jays,Texas Rangers,Toronto Blue Jays,Texas Rangers,0,True,Final,0.5224,0.4776,0.5224,1,0,4,5,All Years Model,,,,,,,,,,,,,,,,,
2026-06-26,822962,Tampa Bay Rays,Arizona Diamondbacks,Tampa Bay Rays,Tampa Bay Rays,1,True,Final,0.5417,0.4583,0.5417,1,1,6,1,All Years Model,,,,,,,,,,,,,,,,,
2026-06-26,823039,St. Louis Cardinals,Miami Marlins,St. Louis Cardinals,Miami Marlins,0,True,Final,0.5745,0.4255,0.5745,1,0,0,4,All Years Model,,,,,,,,,,,,,,,,,
2026-06-26,823206,San Francisco Giants,Atlanta Braves,San Francisco Giants,Atlanta Braves,0,True,Final,0.5415,0.4585,0.5415,1,0,1,3,All Years Model,,,,,,,,,,,,,,,,,
2026-06-26,823285,San Diego Padres,Los Angeles Dodgers,San Diego Padres,San Diego Padres,1,True,Final,0.5365,0.4635,0.5365,1,1,7,1,All Years Model,,,,,,,,,,,,,,,,,
2026-06-26,823363,Pittsburgh Pirates,Cincinnati Reds,Pittsburgh Pirates,Cincinnati Reds,0,True,Final,0.5305,0.4695,0.5305,1,0,4,6,All Years Model,,,,,,,,,,,,,,,,,
2026-06-26,823610,New York Mets,Philadelphia Phillies,New York Mets,Philadelphia Phillies,0,True,Final,0.5288,0.4712,0.5288,1,0,1,2,All Years Model,,,,,,,,,,,,,,,,,
2026-06-26,823688,Minnesota Twins,Colorado Rockies,Minnesota Twins,Minnesota Twins,1,True,Final,0.5397,0.4603,0.5397,1,1,9,8,All Years Model,,,,,,,,,,,,,,,,,
2026-06-26,823773,Milwaukee Brewers,Chicago Cubs,Milwaukee Brewers,Milwaukee Brewers,1,True,Final,0.5734,0.4266,0.5734,1,1,6,2,All Years Model,,,,,,,,,,,,,,,,,
2026-06-26,824014,Los Angeles Angels,Athletics,Los Angeles Angels,Athletics,0,True,Final,0.5457,0.4543,0.5457,1,0,3,9,All Years Model,,,,,,,,,,,,,,,,,
2026-06-26,824255,Detroit Tigers,Houston Astros,Houston Astros,Detroit Tigers,0,True,Final,0.4977,0.5023,0.5023,0,1,8,0,All Years Model,,,,,,,,,,,,,,,,,
2026-06-26,824423,Cleveland Guardians,Seattle Mariners,Cleveland Guardians,Seattle Mariners,0,True,Final,0.5331,0.4669,0.5331,1,0,1,3,All Years Model,,,,,,,,,,,,,,,,,
2026-06-26,824582,Chicago White Sox,Kansas City Royals,Chicago White Sox,Chicago White Sox,1,True,Final,0.5547,0.4453,0.5547,1,1,22,1,All Years Model,,,,,,,,,,,,,,,,,
2026-06-26,824743,Boston Red Sox,New York Yankees,Boston Red Sox,Boston Red Sox,1,True,Final,0.5298,0.4702,0.5298,1,1,6,1,All Years Model,,,,,,,,,,,,,,,,,
2026-06-26,824824,Baltimore Orioles,Washington Nationals,Baltimore Orioles,Baltimore Orioles,1,True,Final,0.5272,0.4728,0.5272,1,1,3,1,All Years Model,,,,,,,,,,,,,,,,,
2026-06-27,822794,Toronto Blue Jays,Texas Rangers,Toronto Blue Jays,Texas Rangers,0,True,Final,0.5436,0.4564,0.5436,1,0,4,7,All Years Model,,,,,,,,,,,,,,,,,
2026-06-27,822960,Tampa Bay Rays,Arizona Diamondbacks,Tampa Bay Rays,Tampa Bay Rays,1,True,Final,0.539,0.461,0.539,1,1,4,2,All Years Model,,,,,,,,,,,,,,,,,
2026-06-27,823038,St. Louis Cardinals,Miami Marlins,St. Louis Cardinals,Miami Marlins,0,True,Final,0.581,0.419,0.581,1,0,1,5,All Years Model,,,,,,,,,,,,,,,,,
2026-06-27,823207,San Francisco Giants,Atlanta Braves,San Francisco Giants,San Francisco Giants,1,True,Final,0.56,0.44,0.56,1,1,5,0,All Years Model,,,,,,,,,,,,,,,,,
2026-06-27,823283,San Diego Padres,Los Angeles Dodgers,Los Angeles Dodgers,Los Angeles Dodgers,1,True,Final,0.4981,0.5019,0.5019,0,0,3,15,All Years Model,,,,,,,,,,,,,,,,,
2026-06-27,823364,Pittsburgh Pirates,Cincinnati Reds,Pittsburgh Pirates,Cincinnati Reds,0,True,Final,0.5304,0.4696,0.5304,1,0,7,9,All Years Model,,,,,,,,,,,,,,,,,
2026-06-27,823609,New York Mets,Philadelphia Phillies,Philadelphia Phillies,New York Mets,0,True,Final,0.5159,0.4841,0.5159,0,1,6,2,All Years Model,,,,,,,,,,,,,,,,,
2026-06-27,823689,Minnesota Twins,Colorado Rockies,Minnesota Twins,Colorado Rockies,0,True,Final,0.541,0.459,0.541,1,0,5,8,All Years Model,,,,,,,,,,,,,,,,,
2026-06-27,823770,Milwaukee Brewers,Chicago Cubs,Milwaukee Brewers,Chicago Cubs,0,True,Final,0.5505,0.4495,0.5505,1,0,2,8,All Years Model,,,,,,,,,,,,,,,,,
2026-06-27,824015,Los Angeles Angels,Athletics,Los Angeles Angels,Los Angeles Angels,1,True,Final,0.5404,0.4596,0.5404,1,1,5,2,All Years Model,,,,,,,,,,,,,,,,,
2026-06-27,824257,Detroit Tigers,Houston Astros,Detroit Tigers,Houston Astros,0,True,Final,0.5386,0.4614,0.5386,1,0,6,8,All Years Model,,,,,,,,,,,,,,,,,
2026-06-27,824421,Cleveland Guardians,Seattle Mariners,Cleveland Guardians,Cleveland Guardians,1,True,Final,0.522,0.478,0.522,1,1,4,3,All Years Model,,,,,,,,,,,,,,,,,
2026-06-27,824581,Chicago White Sox,Kansas City Royals,Chicago White Sox,Chicago White Sox,1,True,Final,0.5537,0.4463,0.5537,1,1,2,1,All Years Model,,,,,,,,,,,,,,,,,
2026-06-27,824745,Boston Red Sox,New York Yankees,New York Yankees,Boston Red Sox,0,True,Final,0.4974,0.5026,0.5026,0,1,4,1,All Years Model,,,,,,,,,,,,,,,,,
2026-06-27,824825,Baltimore Orioles,Washington Nationals,Baltimore Orioles,Washington Nationals,0,True,Final,0.5404,0.4596,0.5404,1,0,3,4,All Years Model,,,,,,,,,,,,,,,,,
2026-06-28,822795,Toronto Blue Jays,Texas Rangers,Toronto Blue Jays,Texas Rangers,0,True,Final,0.5497,0.4503,0.5497,1,0,2,3,All Years Model,,,,,,,,,,,,,,,,,
2026-06-28,822959,Tampa Bay Rays,Arizona Diamondbacks,Tampa Bay Rays,Tampa Bay Rays,1,True,Final,0.5561,0.4439,0.5561,1,1,5,1,All Years Model,,,,,,,,,,,,,,,,,
2026-06-28,823037,St. Louis Cardinals,Miami Marlins,St. Louis Cardinals,St. Louis Cardinals,1,True,Final,0.565,0.435,0.565,1,1,2,1,All Years Model,,,,,,,,,,,,,,,,,
2026-06-28,823204,San Francisco Giants,Atlanta Braves,San Francisco Giants,San Francisco Giants,1,True,Final,0.5305,0.4695,0.5305,1,1,3,2,All Years Model,,,,,,,,,,,,,,,,,
2026-06-28,823281,San Diego Padres,Los Angeles Dodgers,Los Angeles Dodgers,Los Angeles Dodgers,1,True,Final,0.5134,0.4866,0.5134,0,0,2,4,All Years Model,,,,,,,,,,,,,,,,,
2026-06-28,823362,Pittsburgh Pirates,Cincinnati Reds,Pittsburgh Pirates,Pittsburgh Pirates,1,True,Final,0.5428,0.4572,0.5428,1,1,9,4,All Years Model,,,,,,,,,,,,,,,,,
2026-06-28,823608,New York Mets,Philadelphia Phillies,New York Mets,Philadelphia Phillies,0,True,Final,0.5208,0.4792,0.5208,1,0,4,5,All Years Model,,,,,,,,,,,,,,,,,
2026-06-28,823686,Minnesota Twins,Colorado Rockies,Minnesota Twins,Minnesota Twins,1,True,Final,0.5251,0.4749,0.5251,1,1,3,2,All Years Model,,,,,,,,,,,,,,,,,
2026-06-28,823769,Milwaukee Brewers,Chicago Cubs,Milwaukee Brewers,Chicago Cubs,0,True,Final,0.5656,0.4344,0.5656,1,0,3,4,All Years Model,,,,,,,,,,,,,,,,,
2026-06-28,824011,Los Angeles Angels,Athletics,Los Angeles Angels,Los Angeles Angels,1,True,Final,0.5255,0.4745,0.5255,1,1,4,1,All Years Model,,,,,,,,,,,,,,,,,
2026-06-28,824256,Detroit Tigers,Houston Astros,Houston Astros,Houston Astros,1,True,Final,0.4903,0.5097,0.5097,0,0,5,7,All Years Model,,,,,,,,,,,,,,,,,
2026-06-28,824422,Cleveland Guardians,Seattle Mariners,Cleveland Guardians,Cleveland Guardians,1,True,Final,0.5456,0.4544,0.5456,1,1,6,5,All Years Model,,,,,,,,,,,,,,,,,
2026-06-28,824580,Chicago White Sox,Kansas City Royals,Chicago White Sox,Kansas City Royals,0,True,Final,0.5542,0.4458,0.5542,1,0,4,5,All Years Model,,,,,,,,,,,,,,,,,
2026-06-28,824744,Boston Red Sox,New York Yankees,Boston Red Sox,Boston Red Sox,1,True,Final,0.5253,0.4747,0.5253,1,1,5,4,All Years Model,,,,,,,,,,,,,,,,,
2026-06-28,824821,Baltimore Orioles,Washington Nationals,Baltimore Orioles,Washington Nationals,0,True,Final,0.5569,0.4431,0.5569,1,0,4,6,All Years Model,,,,,,,,,,,,,,,,,
2026-06-29,822792,Toronto Blue Jays,New York Mets,Toronto Blue Jays,Toronto Blue Jays,1,True,Final,0.5543,0.4457,0.5543,1,1,2,1,All Years Model,,,,,,,,,,,,,,,,,
2026-06-29,823121,Seattle Mariners,Los Angeles Angels,Seattle Mariners,Seattle Mariners,1,True,Final,0.5609,0.4391,0.5609,1,1,6,2,All Years Model,,,,,,,,,,,,,,,,,
2026-06-29,823444,Philadelphia Phillies,Pittsburgh Pirates,Philadelphia Phillies,Pittsburgh Pirates,0,True,Final,0.5263,0.4737,0.5263,1,0,7,11,All Years Model,,,,,,,,,,,,,,,,,
2026-06-29,823529,New York Yankees,Detroit Tigers,New York Yankees,Detroit Tigers,0,True,Final,0.5528,0.4472,0.5528,1,0,3,7,All Years Model,,,,,,,,,,,,,,,,,
2026-06-29,823771,Milwaukee Brewers,Cincinnati Reds,Milwaukee Brewers,Milwaukee Brewers,1,True,Final,0.58,0.42,0.58,1,1,5,3,All Years Model,,,,,,,,,,,,,,,,,
2026-06-29,824176,Houston Astros,Minnesota Twins,Houston Astros,Minnesota Twins,0,True,Final,0.549,0.451,0.549,1,0,4,5,All Years Model,,,,,,,,,,,,,,,,,
2026-06-29,824339,Colorado Rockies,Miami Marlins,Colorado Rockies,Miami Marlins,0,True,Final,0.5201,0.4799,0.5201,1,0,7,10,All Years Model,,,,,,,,,,,,,,,,,
2026-06-29,824420,Cleveland Guardians,Texas Rangers,Cleveland Guardians,Texas Rangers,0,True,Final,0.5849,0.4151,0.5849,1,0,3,6,All Years Model,,,,,,,,,,,,,,,,,
2026-06-29,824662,Chicago Cubs,San Diego Padres,Chicago Cubs,Chicago Cubs,1,True,Final,0.5463,0.4537,0.5463,1,1,3,2,All Years Model,,,,,,,,,,,,,,,,,
2026-06-29,824741,Boston Red Sox,Washington Nationals,Boston Red Sox,Boston Red Sox,1,True,Final,0.5823,0.4177,0.5823,1,1,6,3,All Years Model,,,,,,,,,,,,,,,,,
2026-06-29,824822,Baltimore Orioles,Chicago White Sox,Baltimore Orioles,Chicago White Sox,0,True,Final,0.5344,0.4656,0.5344,1,0,2,8,All Years Model,,,,,,,,,,,,,,,,,
2026-06-29,824986,Athletics,Los Angeles Dodgers,Los Angeles Dodgers,Los Angeles Dodgers,1,True,Final,0.5108,0.4892,0.5108,0,0,4,9,All Years Model,,,,,,,,,,,,,,,,,
2026-06-29,825065,Arizona Diamondbacks,San Francisco Giants,Arizona Diamondbacks,Arizona Diamondbacks,1,True,Final,0.5238,0.4762,0.5238,1,1,5,4,All Years Model,,,,,,,,,,,,,,,,,
2026-06-30,822793,Toronto Blue Jays,New York Mets,Toronto Blue Jays,New York Mets,0,True,Final,0.5319,0.4681,0.5319,1,0,0,3,All Years Model,,,,,,,,,,,,,,,,,
2026-06-30,823122,Seattle Mariners,Los Angeles Angels,Seattle Mariners,Seattle Mariners,1,True,Final,0.5355,0.4645,0.5355,1,1,8,3,All Years Model,,,,,,,,,,,,,,,,,
2026-06-30,823445,Philadelphia Phillies,Pittsburgh Pirates,Philadelphia Phillies,Philadelphia Phillies,1,True,Final,0.5675,0.4325,0.5675,1,1,8,0,All Years Model,,,,,,,,,,,,,,,,,
2026-06-30,823528,New York Yankees,Detroit Tigers,New York Yankees,Detroit Tigers,0,True,Final,0.5827,0.4173,0.5827,1,0,3,9,All Years Model,,,,,,,,,,,,,,,,,
2026-06-30,823768,Milwaukee Brewers,Cincinnati Reds,Milwaukee Brewers,Milwaukee Brewers,1,True,Final,0.5441,0.4559,0.5441,1,1,7,2,All Years Model,,,,,,,,,,,,,,,,,
2026-06-30,824096,Kansas City Royals,Tampa Bay Rays,Tampa Bay Rays,Tampa Bay Rays,1,True,Final,0.4883,0.5117,0.5117,0,0,4,10,All Years Model,,,,,,,,,,,,,,,,,
2026-06-30,824175,Houston Astros,Minnesota Twins,Houston Astros,Houston Astros,1,True,Final,0.5392,0.4608,0.5392,1,1,6,4,All Years Model,,,,,,,,,,,,,,,,,
2026-06-30,824338,Colorado Rockies,Miami Marlins,Miami Marlins,Miami Marlins,1,True,Final,0.5176,0.4824,0.5176,0,0,3,14,All Years Model,,,,,,,,,,,,,,,,,
2026-06-30,824418,Cleveland Guardians,Texas Rangers,Cleveland Guardians,Texas Rangers,0,True,Final,0.5527,0.4473,0.5527,1,0,2,4,All Years Model,,,,,,,,,,,,,,,,,
2026-06-30,824661,Chicago Cubs,San Diego Padres,Chicago Cubs,Chicago Cubs,1,True,Final,0.5432,0.4568,0.5432,1,1,9,7,All Years Model,,,,,,,,,,,,,,,,,
2026-06-30,824742,Boston Red Sox,Washington Nationals,Boston Red Sox,Washington Nationals,0,True,Final,0.5814,0.4186,0.5814,1,0,1,8,All Years Model,,,,,,,,,,,,,,,,,
2026-06-30,824819,Baltimore Orioles,Chicago White Sox,Baltimore Orioles,Chicago White Sox,0,True,Final,0.5469,0.4531,0.5469,1,0,3,9,All Years Model,,,,,,,,,,,,,,,,,
2026-06-30,824907,Atlanta Braves,St. Louis Cardinals,Atlanta Braves,St. Louis Cardinals,0,True,Final,0.5408,0.4592,0.5408,1,0,3,5,All Years Model,,,,,,,,,,,,,,,,,
2026-06-30,824984,Athletics,Los Angeles Dodgers,Los Angeles Dodgers,Los Angeles Dodgers,1,True,Final,0.4996,0.5004,0.5004,0,0,3,9,All Years Model,,,,,,,,,,,,,,,,,
2026-06-30,825066,Arizona Diamondbacks,San Francisco Giants,San Francisco Giants,Arizona Diamondbacks,0,True,Final,0.5132,0.4868,0.5132,0,1,8,2,All Years Model,,,,,,,,,,,,,,,,,
2026-07-01,822791,Toronto Blue Jays,New York Mets,Toronto Blue Jays,Toronto Blue Jays,1,True,Final,0.5417,0.4583,0.5417,1,1,9,3,All Years Model,,,,,,,,,,,,,,,,,
2026-07-01,823446,Philadelphia Phillies,Pittsburgh Pirates,Philadelphia Phillies,Philadelphia Phillies,1,True,Final,0.5543,0.4457,0.5543,1,1,10,6,All Years Model,,,,,,,,,,,,,,,,,
2026-07-01,823530,New York Yankees,Detroit Tigers,New York Yankees,Detroit Tigers,0,True,Final,0.555,0.445,0.555,1,0,2,6,All Years Model,,,,,,,,,,,,,,,,,
2026-07-01,823767,Milwaukee Brewers,Cincinnati Reds,Milwaukee Brewers,Milwaukee Brewers,1,True,Final,0.5659,0.4341,0.5659,1,1,4,2,All Years Model,,,,,,,,,,,,,,,,,
2026-07-01,824094,Kansas City Royals,Tampa Bay Rays,Tampa Bay Rays,Tampa Bay Rays,1,True,Final,0.4881,0.5119,0.5119,0,0,0,4,All Years Model,,,,,,,,,,,,,,,,,
2026-07-01,824174,Houston Astros,Minnesota Twins,Houston Astros,Minnesota Twins,0,True,Final,0.5457,0.4543,0.5457,1,0,3,8,All Years Model,,,,,,,,,,,,,,,,,
2026-07-01,824337,Colorado Rockies,Miami Marlins,Colorado Rockies,Colorado Rockies,1,True,Final,0.5271,0.4729,0.5271,1,1,6,3,All Years Model,,,,,,,,,,,,,,,,,
2026-07-01,824419,Cleveland Guardians,Texas Rangers,Cleveland Guardians,Cleveland Guardians,1,True,Final,0.569,0.431,0.569,1,1,9,4,All Years Model,,,,,,,,,,,,,,,,,
2026-07-01,824660,Chicago Cubs,San Diego Padres,Chicago Cubs,Chicago Cubs,1,True,Final,0.532,0.468,0.532,1,1,23,3,All Years Model,,,,,,,,,,,,,,,,,
2026-07-01,824740,Boston Red Sox,Washington Nationals,Boston Red Sox,Washington Nationals,0,True,Final,0.5801,0.4199,0.5801,1,0,2,10,All Years Model,,,,,,,,,,,,,,,,,
2026-07-01,824818,Baltimore Orioles,Chicago White Sox,Baltimore Orioles,Baltimore Orioles,1,True,Final,0.5525,0.4475,0.5525,1,1,6,1,All Years Model,,,,,,,,,,,,,,,,,
2026-07-01,824905,Atlanta Braves,St. Louis Cardinals,Atlanta Braves,Atlanta Braves,1,True,Final,0.5331,0.4669,0.5331,1,1,5,1,All Years Model,,,,,,,,,,,,,,,,,
2026-07-01,824985,Athletics,Los Angeles Dodgers,Los Angeles Dodgers,Athletics,0,True,Final,0.4917,0.5083,0.5083,0,1,7,1,All Years Model,,,,,,,,,,,,,,,,,
2026-07-01,825064,Arizona Diamondbacks,San Francisco Giants,San Francisco Giants,San Francisco Giants,1,True,Final,0.5186,0.4814,0.5186,0,0,4,6,All Years Model,,,,,,,,,,,,,,,,,
2026-07-02,822884,Texas Rangers,Detroit Tigers,Texas Rangers,Texas Rangers,1,True,Final,0.5384,0.4616,0.5384,1,1,10,4,All Years Model,,,,,,,,,,,,,,,,,
2026-07-02,823119,Seattle Mariners,Los Angeles Angels,Seattle Mariners,Seattle Mariners,1,True,Final,0.524,0.476,0.524,1,1,1,0,All Years Model,,,,,,,,,,,,,,,,,
2026-07-02,823442,Philadelphia Phillies,Pittsburgh Pirates,Philadelphia Phillies,Pittsburgh Pirates,0,True,Final,0.5468,0.4532,0.5468,1,0,1,6,All Years Model,,,,,,,,,,,,,,,,,
2026-07-02,823765,Milwaukee Brewers,Cincinnati Reds,Milwaukee Brewers,Cincinnati Reds,0,True,Final,0.5609,0.4391,0.5609,1,0,2,7,All Years Model,,,,,,,,,,,,,,,,,
2026-07-02,823935,Los Angeles Dodgers,San Diego Padres,Los Angeles Dodgers,Los Angeles Dodgers,1,True,Final,0.5352,0.4648,0.5352,1,1,12,7,All Years Model,,,,,,,,,,,,,,,,,
2026-07-02,824093,Kansas City Royals,Tampa Bay Rays,Tampa Bay Rays,Tampa Bay Rays,1,True,Final,0.4991,0.5009,0.5009,0,0,2,5,All Years Model,,,,,,,,,,,,,,,,,
2026-07-02,824335,Colorado Rockies,Miami Marlins,Colorado Rockies,Colorado Rockies,1,True,Final,0.5501,0.4499,0.5501,1,1,14,4,All Years Model,,,,,,,,,,,,,,,,,
2026-07-02,824416,Cleveland Guardians,Chicago White Sox,Chicago White Sox,Cleveland Guardians,0,True,Final,0.5025,0.4975,0.5025,0,1,6,5,All Years Model,,,,,,,,,,,,,,,,,
2026-07-02,824906,Atlanta Braves,St. Louis Cardinals,Atlanta Braves,St. Louis Cardinals,0,True,Final,0.5389,0.4611,0.5389,1,0,5,11,All Years Model,,,,,,,,,,,,,,,,,
2026-07-03,822714,Washington Nationals,Pittsburgh Pirates,Washington Nationals,Washington Nationals,1,True,Final,0.5569,0.4431,0.5569,1,1,9,5,All Years Model,,,,,,,,,,,,,,,,,
2026-07-03,823120,Seattle Mariners,Toronto Blue Jays,Toronto Blue Jays,Toronto Blue Jays,1,True,Final,0.4957,0.5043,0.5043,0,0,0,2,All Years Model,,,,,,,,,,,,,,,,,
2026-07-03,823527,New York Yankees,Minnesota Twins,New York Yankees,New York Yankees,1,True,Final,0.592,0.408,0.592,1,1,5,2,All Years Model,,,,,,,,,,,,,,,,,
2026-07-03,823933,Los Angeles Dodgers,San Diego Padres,Los Angeles Dodgers,Los Angeles Dodgers,1,True,Final,0.5599,0.4401,0.5599,1,1,4,3,All Years Model,,,,,,,,,,,,,,,,,
2026-07-03,824013,Los Angeles Angels,Boston Red Sox,Boston Red Sox,Boston Red Sox,1,True,Final,0.5088,0.4912,0.5088,0,0,2,5,All Years Model,,,,,,,,,,,,,,,,,
2026-07-03,824173,Houston Astros,Tampa Bay Rays,Tampa Bay Rays,Tampa Bay Rays,1,True,Final,0.5142,0.4858,0.5142,0,0,1,3,All Years Model,,,,,,,,,,,,,,,,,
2026-07-03,824336,Colorado Rockies,San Francisco Giants,San Francisco Giants,Colorado Rockies,0,True,Final,0.4896,0.5104,0.5104,0,1,15,3,All Years Model,,,,,,,,,,,,,,,,,
2026-07-03,824417,Cleveland Guardians,Chicago White Sox,Cleveland Guardians,Cleveland Guardians,1,True,Final,0.5338,0.4662,0.5338,1,1,4,3,All Years Model,,,,,,,,,,,,,,,,,
2026-07-03,824498,Cincinnati Reds,Baltimore Orioles,Cincinnati Reds,Baltimore Orioles,0,True,Final,0.5235,0.4765,0.5235,1,0,0,3,All Years Model,,,,,,,,,,,,,,,,,
2026-07-03,824659,Chicago Cubs,St. Louis Cardinals,St. Louis Cardinals,St. Louis Cardinals,1,True,Final,0.5145,0.4855,0.5145,0,0,1,17,All Years Model,,,,,,,,,,,,,,,,,
2026-07-03,824904,Atlanta Braves,New York Mets,Atlanta Braves,Atlanta Braves,1,True,Final,0.5419,0.4581,0.5419,1,1,5,3,All Years Model,,,,,,,,,,,,,,,,,
2026-07-03,824982,Athletics,Miami Marlins,Athletics,Miami Marlins,0,True,Final,0.5241,0.4759,0.5241,1,0,5,12,All Years Model,,,,,,,,,,,,,,,,,
2026-07-03,825062,Arizona Diamondbacks,Milwaukee Brewers,Arizona Diamondbacks,Milwaukee Brewers,0,True,Final,0.5201,0.4799,0.5201,1,0,4,7,All Years Model,,,,,,,,,,,,,,,,,
2026-07-04,822716,Washington Nationals,Pittsburgh Pirates,Pittsburgh Pirates,Pittsburgh Pirates,1,True,Final,0.5175,0.4825,0.5175,0,0,1,7,All Years Model,,,,,,,,,,,,,,,,,
2026-07-04,822882,Texas Rangers,Detroit Tigers,Texas Rangers,Detroit Tigers,0,True,Final,0.528,0.472,0.528,1,0,0,3,All Years Model,,,,,,,,,,,,,,,,,
2026-07-04,823118,Seattle Mariners,Toronto Blue Jays,Toronto Blue Jays,Seattle Mariners,0,True,Final,0.5163,0.4837,0.5163,0,1,11,0,All Years Model,,,,,,,,,,,,,,,,,
2026-07-04,823526,New York Yankees,Minnesota Twins,New York Yankees,Minnesota Twins,0,True,Final,0.5459,0.4541,0.5459,1,0,4,11,All Years Model,,,,,,,,,,,,,,,,,
2026-07-04,823932,Los Angeles Dodgers,San Diego Padres,Los Angeles Dodgers,Los Angeles Dodgers,1,True,Final,0.5587,0.4413,0.5587,1,1,3,0,All Years Model,,,,,,,,,,,,,,,,,
2026-07-04,824012,Los Angeles Angels,Boston Red Sox,Boston Red Sox,Boston Red Sox,1,True,Final,0.4804,0.5196,0.5196,0,0,1,8,All Years Model,,,,,,,,,,,,,,,,,
2026-07-04,824092,Kansas City Royals,Philadelphia Phillies,Philadelphia Phillies,Philadelphia Phillies,1,True,Final,0.5092,0.4908,0.5092,0,0,1,6,All Years Model,,,,,,,,,,,,,,,,,
2026-07-04,824171,Houston Astros,Tampa Bay Rays,Tampa Bay Rays,Houston Astros,0,True,Final,0.5082,0.4918,0.5082,0,1,10,8,All Years Model,,,,,,,,,,,,,,,,,
2026-07-04,824334,Colorado Rockies,San Francisco Giants,San Francisco Giants,San Francisco Giants,1,True,Final,0.5002,0.4998,0.5002,0,0,4,6,All Years Model,,,,,,,,,,,,,,,,,
2026-07-04,824415,Cleveland Guardians,Chicago White Sox,Cleveland Guardians,Chicago White Sox,0,True,Final,0.5359,0.4641,0.5359,1,0,1,3,All Years Model,,,,,,,,,,,,,,,,,
2026-07-04,824499,Cincinnati Reds,Baltimore Orioles,Cincinnati Reds,Baltimore Orioles,0,True,Final,0.5471,0.4529,0.5471,1,0,5,8,All Years Model,,,,,,,,,,,,,,,,,
2026-07-04,824658,Chicago Cubs,St. Louis Cardinals,Chicago Cubs,St. Louis Cardinals,0,True,Final,0.5246,0.4754,0.5246,1,0,0,3,All Years Model,,,,,,,,,,,,,,,,,
2026-07-04,824903,Atlanta Braves,New York Mets,Atlanta Braves,Atlanta Braves,1,True,Final,0.5638,0.4362,0.5638,1,1,14,3,All Years Model,,,,,,,,,,,,,,,,,
2026-07-04,824983,Athletics,Miami Marlins,Athletics,Miami Marlins,0,True,Final,0.5245,0.4755,0.5245,1,0,2,7,All Years Model,,,,,,,,,,,,,,,,,
2026-07-04,825063,Arizona Diamondbacks,Milwaukee Brewers,Milwaukee Brewers,Arizona Diamondbacks,0,True,Final,0.516,0.484,0.516,0,1,4,3,All Years Model,,,,,,,,,,,,,,,,,
2026-07-05,822715,Washington Nationals,Pittsburgh Pirates,Washington Nationals,Pittsburgh Pirates,0,True,Final,0.5312,0.4688,0.5312,1,0,5,11,All Years Model,,,,,,,,,,,,,,,,,
2026-07-05,822879,Texas Rangers,Detroit Tigers,Texas Rangers,Detroit Tigers,0,True,Final,0.5342,0.4658,0.5342,1,0,3,6,All Years Model,,,,,,,,,,,,,,,,,
2026-07-05,823117,Seattle Mariners,Toronto Blue Jays,Seattle Mariners,Seattle Mariners,1,True,Final,0.5206,0.4794,0.5206,1,1,4,0,All Years Model,,,,,,,,,,,,,,,,,
2026-07-05,823525,New York Yankees,Minnesota Twins,New York Yankees,Minnesota Twins,0,True,Final,0.536,0.464,0.536,1,0,1,6,All Years Model,,,,,,,,,,,,,,,,,
2026-07-05,823931,Los Angeles Dodgers,San Diego Padres,Los Angeles Dodgers,San Diego Padres,0,True,Final,0.584,0.416,0.584,1,0,2,5,All Years Model,,,,,,,,,,,,,,,,,
2026-07-05,824010,Los Angeles Angels,Boston Red Sox,Boston Red Sox,Boston Red Sox,1,True,Final,0.4859,0.5141,0.5141,0,0,5,7,All Years Model,,,,,,,,,,,,,,,,,
2026-07-05,824091,Kansas City Royals,Philadelphia Phillies,Philadelphia Phillies,Kansas City Royals,0,True,Final,0.502,0.498,0.502,0,1,5,2,All Years Model,,,,,,,,,,,,,,,,,
2026-07-05,824172,Houston Astros,Tampa Bay Rays,Tampa Bay Rays,Houston Astros,0,True,Final,0.5,0.5,0.5,0,1,2,0,All Years Model,,,,,,,,,,,,,,,,,
2026-07-05,824333,Colorado Rockies,San Francisco Giants,San Francisco Giants,Colorado Rockies,0,True,Final,0.5122,0.4878,0.5122,0,1,7,6,All Years Model,,,,,,,,,,,,,,,,,
2026-07-05,824413,Cleveland Guardians,Chicago White Sox,Chicago White Sox,Chicago White Sox,1,True,Final,0.5175,0.4825,0.5175,0,0,6,7,All Years Model,,,,,,,,,,,,,,,,,
2026-07-05,824497,Cincinnati Reds,Baltimore Orioles,Baltimore Orioles,Cincinnati Reds,0,True,Final,0.5178,0.4822,0.5178,0,1,3,2,All Years Model,,,,,,,,,,,,,,,,,
2026-07-05,824656,Chicago Cubs,St. Louis Cardinals,Chicago Cubs,Chicago Cubs,1,True,Final,0.5538,0.4462,0.5538,1,1,6,4,All Years Model,,,,,,,,,,,,,,,,,
2026-07-05,824902,Atlanta Braves,New York Mets,Atlanta Braves,New York Mets,0,True,Final,0.5369,0.4631,0.5369,1,0,9,10,All Years Model,,,,,,,,,,,,,,,,,
2026-07-05,824980,Athletics,Miami Marlins,Athletics,Miami Marlins,0,True,Final,0.5276,0.4724,0.5276,1,0,8,9,All Years Model,,,,,,,,,,,,,,,,,
2026-07-05,825061,Arizona Diamondbacks,Milwaukee Brewers,Arizona Diamondbacks,Milwaukee Brewers,0,True,Final,0.5508,0.4492,0.5508,1,0,2,3,All Years Model,,,,,,,,,,,,,,,,,
2026-07-06,822712,Washington Nationals,Houston Astros,Houston Astros,Washington Nationals,0,True,Final,0.5167,0.4833,0.5167,0,1,12,11,All Years Model,,,,,,,,,,,,,,,,,
2026-07-06,822958,Tampa Bay Rays,New York Yankees,New York Yankees,New York Yankees,1,True,Final,0.5033,0.4967,0.5033,0,0,1,5,All Years Model,,,,,,,,,,,,,,,,,
2026-07-06,823036,St. Louis Cardinals,Milwaukee Brewers,St. Louis Cardinals,Milwaukee Brewers,0,True,Final,0.527,0.473,0.527,1,0,3,4,All Years Model,,,,,,,,,,,,,,,,,
2026-07-06,823205,San Francisco Giants,Toronto Blue Jays,San Francisco Giants,San Francisco Giants,1,True,Final,0.5207,0.4793,0.5207,1,1,10,1,All Years Model,,,,,,,,,,,,,,,,,
2026-07-06,823282,San Diego Padres,Arizona Diamondbacks,San Diego Padres,Arizona Diamondbacks,0,True,Final,0.557,0.443,0.557,1,0,0,8,All Years Model,,,,,,,,,,,,,,,,,
2026-07-06,823930,Los Angeles Dodgers,Colorado Rockies,Los Angeles Dodgers,Los Angeles Dodgers,1,True,Final,0.5897,0.4103,0.5897,1,1,8,7,All Years Model,,,,,,,,,,,,,,,,,
2026-07-06,824089,Kansas City Royals,Philadelphia Phillies,Philadelphia Phillies,Kansas City Royals,0,True,Final,0.482,0.518,0.518,0,1,15,1,All Years Model,,,,,,,,,,,,,,,,,
2026-07-06,824900,Atlanta Braves,New York Mets,Atlanta Braves,New York Mets,0,True,Final,0.5549,0.4451,0.5549,1,0,6,7,All Years Model,,,,,,,,,,,,,,,,,
2026-07-07,822713,Washington Nationals,Houston Astros,Washington Nationals,Houston Astros,0,True,Final,0.528,0.472,0.528,1,0,3,6,All Years Model,,,,,,,,,,,,,,,,,
2026-07-07,822881,Texas Rangers,Los Angeles Angels,Texas Rangers,Texas Rangers,1,True,Final,0.5492,0.4508,0.5492,1,1,8,3,All Years Model,,,,,,,,,,,,,,,,,
2026-07-07,822956,Tampa Bay Rays,New York Yankees,Tampa Bay Rays,Tampa Bay Rays,1,True,Final,0.5423,0.4577,0.5423,1,1,6,4,All Years Model,,,,,,,,,,,,,,,,,
2026-07-07,823035,St. Louis Cardinals,Milwaukee Brewers,St. Louis Cardinals,Milwaukee Brewers,0,True,Final,0.5238,0.4762,0.5238,1,0,2,10,All Years Model,,,,,,,,,,,,,,,,,
2026-07-07,823062,St. Louis Cardinals,Milwaukee Brewers,St. Louis Cardinals,Milwaukee Brewers,0,True,Final,0.5287,0.4713,0.5287,1,0,3,4,All Years Model,,,,,,,,,,,,,,,,,
2026-07-07,823203,San Francisco Giants,Toronto Blue Jays,Toronto Blue Jays,Toronto Blue Jays,1,True,Final,0.5162,0.4838,0.5162,0,0,3,9,All Years Model,,,,,,,,,,,,,,,,,
2026-07-07,823280,San Diego Padres,Arizona Diamondbacks,Arizona Diamondbacks,San Diego Padres,0,True,Final,0.5153,0.4847,0.5153,0,1,4,1,All Years Model,,,,,,,,,,,,,,,,,
2026-07-07,823361,Pittsburgh Pirates,Atlanta Braves,Atlanta Braves,Pittsburgh Pirates,0,True,Final,0.5065,0.4935,0.5065,0,1,12,4,All Years Model,,,,,,,,,,,,,,,,,
2026-07-07,823607,New York Mets,Kansas City Royals,New York Mets,Kansas City Royals,0,True,Final,0.537,0.463,0.537,1,0,12,16,All Years Model,,,,,,,,,,,,,,,,,
2026-07-07,823687,Minnesota Twins,Cleveland Guardians,Cleveland Guardians,Minnesota Twins,0,True,Final,0.4901,0.5099,0.5099,0,1,3,1,All Years Model,,,,,,,,,,,,,,,,,
2026-07-07,823847,Miami Marlins,Seattle Mariners,Seattle Mariners,Miami Marlins,0,True,Final,0.5172,0.4828,0.5172,0,1,6,5,All Years Model,,,,,,,,,,,,,,,,,
2026-07-07,823929,Los Angeles Dodgers,Colorado Rockies,Los Angeles Dodgers,Colorado Rockies,0,True,Final,0.5857,0.4143,0.5857,1,0,3,4,All Years Model,,,,,,,,,,,,,,,,,
2026-07-07,824254,Detroit Tigers,Athletics,Detroit Tigers,Detroit Tigers,1,True,Final,0.5643,0.4357,0.5643,1,1,6,2,All Years Model,,,,,,,,,,,,,,,,,
2026-07-07,824495,Cincinnati Reds,Philadelphia Phillies,Philadelphia Phillies,Philadelphia Phillies,1,True,Final,0.5197,0.4803,0.5197,0,0,1,4,All Years Model,,,,,,,,,,,,,,,,,
2026-07-07,824579,Chicago White Sox,Boston Red Sox,Boston Red Sox,Boston Red Sox,1,True,Final,0.4794,0.5206,0.5206,0,0,1,8,All Years Model,,,,,,,,,,,,,,,,,
2026-07-07,824820,Baltimore Orioles,Chicago Cubs,Baltimore Orioles,Chicago Cubs,0,True,Final,0.5348,0.4652,0.5348,1,0,2,5,All Years Model,,,,,,,,,,,,,,,,,
2026-07-08,822710,Washington Nationals,Houston Astros,Washington Nationals,Washington Nationals,1,True,Final,0.5406,0.4594,0.5406,1,1,8,2,All Years Model,,,,,,,,,,,,,,,,,
2026-07-08,822880,Texas Rangers,Los Angeles Angels,Texas Rangers,Los Angeles Angels,0,True,Final,0.5308,0.4692,0.5308,1,0,1,13,All Years Model,,,,,,,,,,,,,,,,,
2026-07-08,822957,Tampa Bay Rays,New York Yankees,Tampa Bay Rays,Tampa Bay Rays,1,True,Final,0.5366,0.4634,0.5366,1,1,3,0,All Years Model,,,,,,,,,,,,,,,,,
2026-07-08,823032,St. Louis Cardinals,Milwaukee Brewers,St. Louis Cardinals,St. Louis Cardinals,1,True,Final,0.5342,0.4658,0.5342,1,1,5,1,All Years Model,,,,,,,,,,,,,,,,,
2026-07-08,823202,San Francisco Giants,Toronto Blue Jays,San Francisco Giants,Toronto Blue Jays,0,True,Final,0.5299,0.4701,0.5299,1,0,0,10,All Years Model,,,,,,,,,,,,,,,,,
2026-07-08,823279,San Diego Padres,Arizona Diamondbacks,Arizona Diamondbacks,San Diego Padres,0,True,Final,0.5128,0.4872,0.5128,0,1,10,4,All Years Model,,,,,,,,,,,,,,,,,
2026-07-08,823360,Pittsburgh Pirates,Atlanta Braves,Atlanta Braves,Atlanta Braves,1,True,Final,0.4895,0.5105,0.5105,0,0,0,3,All Years Model,,,,,,,,,,,,,,,,,
2026-07-08,823605,New York Mets,Kansas City Royals,New York Mets,New York Mets,1,True,Final,0.5557,0.4443,0.5557,1,1,6,2,All Years Model,,,,,,,,,,,,,,,,,
2026-07-08,823684,Minnesota Twins,Cleveland Guardians,Cleveland Guardians,Minnesota Twins,0,True,Final,0.505,0.495,0.505,0,1,6,5,All Years Model,,,,,,,,,,,,,,,,,
2026-07-08,823848,Miami Marlins,Seattle Mariners,Miami Marlins,Miami Marlins,1,True,Final,0.5379,0.4621,0.5379,1,1,2,0,All Years Model,,,,,,,,,,,,,,,,,
2026-07-08,823928,Los Angeles Dodgers,Colorado Rockies,Los Angeles Dodgers,Los Angeles Dodgers,1,True,Final,0.5773,0.4227,0.5773,1,1,4,3,All Years Model,,,,,,,,,,,,,,,,,
2026-07-08,824253,Detroit Tigers,Athletics,Detroit Tigers,Detroit Tigers,1,True,Final,0.5924,0.4076,0.5924,1,1,6,1,All Years Model,,,,,,,,,,,,,,,,,
2026-07-08,824496,Cincinnati Reds,Philadelphia Phillies,Cincinnati Reds,Cincinnati Reds,1,True,Final,0.5293,0.4707,0.5293,1,1,11,5,All Years Model,,,,,,,,,,,,,,,,,
2026-07-08,824578,Chicago White Sox,Boston Red Sox,Boston Red Sox,Boston Red Sox,1,True,Final,0.5199,0.4801,0.5199,0,0,0,5,All Years Model,,,,,,,,,,,,,,,,,
2026-07-08,824815,Baltimore Orioles,Chicago Cubs,Baltimore Orioles,Chicago Cubs,0,True,Final,0.5372,0.4628,0.5372,1,0,7,9,All Years Model,,,,,,,,,,,,,,,,,
2026-07-09,822877,Texas Rangers,Los Angeles Angels,Texas Rangers,Texas Rangers,1,True,Final,0.5569,0.4431,0.5569,1,1,7,6,All Years Model,,,,,,,,,,,,,,,,,
2026-07-09,822954,Tampa Bay Rays,New York Yankees,Tampa Bay Rays,New York Yankees,0,True,Final,0.5704,0.4296,0.5704,1,0,4,12,All Years Model,,,,,,,,,,,,,,,,,
2026-07-09,823034,St. Louis Cardinals,Milwaukee Brewers,St. Louis Cardinals,Milwaukee Brewers,0,True,Final,0.5207,0.4793,0.5207,1,0,4,8,All Years Model,,,,,,,,,,,,,,,,,
2026-07-09,823201,San Francisco Giants,Colorado Rockies,San Francisco Giants,San Francisco Giants,1,True,Final,0.5674,0.4326,0.5674,1,1,8,2,All Years Model,,,,,,,,,,,,,,,,,
2026-07-09,823277,San Diego Padres,Arizona Diamondbacks,Arizona Diamondbacks,Arizona Diamondbacks,1,True,Final,0.5134,0.4866,0.5134,0,0,1,3,All Years Model,,,,,,,,,,,,,,,,,
2026-07-09,823359,Pittsburgh Pirates,Atlanta Braves,Atlanta Braves,Atlanta Braves,1,True,Final,0.4921,0.5079,0.5079,0,0,5,10,All Years Model,,,,,,,,,,,,,,,,,
2026-07-09,823606,New York Mets,Kansas City Royals,New York Mets,New York Mets,1,True,Final,0.5412,0.4588,0.5412,1,1,7,3,All Years Model,,,,,,,,,,,,,,,,,
2026-07-09,823683,Minnesota Twins,Cleveland Guardians,Minnesota Twins,Cleveland Guardians,0,True,Final,0.5354,0.4646,0.5354,1,0,2,5,All Years Model,,,,,,,,,,,,,,,,,
2026-07-09,823846,Miami Marlins,Seattle Mariners,Seattle Mariners,Miami Marlins,0,True,Final,0.5094,0.4906,0.5094,0,1,8,4,All Years Model,,,,,,,,,,,,,,,,,
2026-07-09,824251,Detroit Tigers,Athletics,Detroit Tigers,Detroit Tigers,1,True,Final,0.5526,0.4474,0.5526,1,1,4,1,All Years Model,,,,,,,,,,,,,,,,,
2026-07-09,824494,Cincinnati Reds,Philadelphia Phillies,Cincinnati Reds,Philadelphia Phillies,0,True,Final,0.5307,0.4693,0.5307,1,0,0,1,All Years Model,,,,,,,,,,,,,,,,,
2026-07-09,824577,Chicago White Sox,Boston Red Sox,Boston Red Sox,Boston Red Sox,1,True,Final,0.5116,0.4884,0.5116,0,0,1,2,All Years Model,,,,,,,,,,,,,,,,,
2026-07-09,824816,Baltimore Orioles,Chicago Cubs,Baltimore Orioles,Baltimore Orioles,1,True,Final,0.5474,0.4526,0.5474,1,1,3,2,All Years Model,,,,,,,,,,,,,,,,,
2026-07-10,822709,Washington Nationals,New York Yankees,New York Yankees,New York Yankees,1,True,Final,0.4768,0.5232,0.5232,0,0,3,5,All Years Model,,,,,,,,,,,,,,,,,
2026-07-10,822878,Texas Rangers,Houston Astros,Houston Astros,Texas Rangers,0,True,Final,0.5161,0.4839,0.5161,0,1,7,3,All Years Model,,,,,,,,,,,,,,,,,
2026-07-10,822955,Tampa Bay Rays,Seattle Mariners,Tampa Bay Rays,Tampa Bay Rays,1,True,Final,0.5591,0.4409,0.5591,1,1,7,2,All Years Model,,,,,,,,,,,,,,,,,
2026-07-10,823033,St. Louis Cardinals,Atlanta Braves,St. Louis Cardinals,St. Louis Cardinals,1,True,Final,0.5318,0.4682,0.5318,1,1,2,1,All Years Model,,,,,,,,,,,,,,,,,
2026-07-10,823200,San Francisco Giants,Colorado Rockies,San Francisco Giants,Colorado Rockies,0,True,Final,0.5982,0.4018,0.5982,1,0,3,4,All Years Model,,,,,,,,,,,,,,,,,
2026-07-10,823278,San Diego Padres,Toronto Blue Jays,Toronto Blue Jays,Toronto Blue Jays,1,True,Final,0.5087,0.4913,0.5087,0,0,3,5,All Years Model,,,,,,,,,,,,,,,,,
2026-07-10,823604,New York Mets,Boston Red Sox,Boston Red Sox,Boston Red Sox,1,True,Final,0.5065,0.4935,0.5065,0,0,2,6,All Years Model,,,,,,,,,,,,,,,,,
2026-07-10,823685,Minnesota Twins,Los Angeles Angels,Minnesota Twins,Los Angeles Angels,0,True,Final,0.5296,0.4704,0.5296,1,0,3,4,All Years Model,,,,,,,,,,,,,,,,,
2026-07-10,823845,Miami Marlins,Cleveland Guardians,Cleveland Guardians,Cleveland Guardians,1,True,Final,0.4714,0.5286,0.5286,0,0,2,3,All Years Model,,,,,,,,,,,,,,,,,
2026-07-10,823927,Los Angeles Dodgers,Arizona Diamondbacks,Los Angeles Dodgers,Arizona Diamondbacks,0,True,Final,0.5899,0.4101,0.5899,1,0,3,9,All Years Model,,,,,,,,,,,,,,,,,
2026-07-10,824252,Detroit Tigers,Philadelphia Phillies,Detroit Tigers,Detroit Tigers,1,True,Final,0.5342,0.4658,0.5342,1,1,10,2,All Years Model,,,,,,,,,,,,,,,,,
2026-07-10,824493,Cincinnati Reds,Chicago Cubs,Cincinnati Reds,Cincinnati Reds,1,True,Final,0.5366,0.4634,0.5366,1,1,4,0,All Years Model,,,,,,,,,,,,,,,,,
2026-07-10,824575,Chicago White Sox,Athletics,Chicago White Sox,Chicago White Sox,1,True,Final,0.5632,0.4368,0.5632,1,1,14,1,All Years Model,,,,,,,,,,,,,,,,,
2026-07-10,824817,Baltimore Orioles,Kansas City Royals,Baltimore Orioles,Baltimore Orioles,1,True,Final,0.543,0.457,0.543,1,1,5,3,All Years Model,,,,,,,,,,,,,,,,,
2026-07-11,822711,Washington Nationals,New York Yankees,New York Yankees,New York Yankees,1,True,Final,0.5031,0.4969,0.5031,0,0,2,4,All Years Model,,,,,,,,,,,,,,,,,
2026-07-11,822875,Texas Rangers,Houston Astros,Texas Rangers,Houston Astros,0,True,Final,0.5404,0.4596,0.5404,1,0,3,9,All Years Model,,,,,,,,,,,,,,,,,
2026-07-11,822953,Tampa Bay Rays,Seattle Mariners,Tampa Bay Rays,Tampa Bay Rays,1,True,Final,0.5428,0.4572,0.5428,1,1,6,1,All Years Model,,,,,,,,,,,,,,,,,
2026-07-11,823030,St. Louis Cardinals,Atlanta Braves,St. Louis Cardinals,St. Louis Cardinals,1,True,Final,0.5294,0.4706,0.5294,1,1,4,1,All Years Model,,,,,,,,,,,,,,,,,
2026-07-11,823198,San Francisco Giants,Colorado Rockies,San Francisco Giants,San Francisco Giants,1,True,Final,0.5807,0.4193,0.5807,1,1,4,2,All Years Model,,,,,,,,,,,,,,,,,
2026-07-11,823276,San Diego Padres,Toronto Blue Jays,Toronto Blue Jays,San Diego Padres,0,True,Final,0.519,0.481,0.519,0,1,8,7,All Years Model,,,,,,,,,,,,,,,,,
2026-07-11,823356,Pittsburgh Pirates,Milwaukee Brewers,Milwaukee Brewers,Pittsburgh Pirates,0,True,Final,0.5069,0.4931,0.5069,0,1,3,2,All Years Model,,,,,,,,,,,,,,,,,
2026-07-11,823357,Pittsburgh Pirates,Milwaukee Brewers,Pittsburgh Pirates,Pittsburgh Pirates,1,True,Final,0.5527,0.4473,0.5527,1,1,7,6,All Years Model,,,,,,,,,,,,,,,,,
2026-07-11,823603,New York Mets,Boston Red Sox,Boston Red Sox,Boston Red Sox,1,True,Final,0.5066,0.4934,0.5066,0,0,0,4,All Years Model,,,,,,,,,,,,,,,,,
2026-07-11,823682,Minnesota Twins,Los Angeles Angels,Minnesota Twins,Minnesota Twins,1,True,Final,0.5653,0.4347,0.5653,1,1,5,3,All Years Model,,,,,,,,,,,,,,,,,
2026-07-11,823844,Miami Marlins,Cleveland Guardians,Cleveland Guardians,Cleveland Guardians,1,True,Final,0.4543,0.5457,0.5457,0,0,1,4,All Years Model,,,,,,,,,,,,,,,,,
2026-07-11,823926,Los Angeles Dodgers,Arizona Diamondbacks,Los Angeles Dodgers,Arizona Diamondbacks,0,True,Final,0.5921,0.4079,0.5921,1,0,2,9,All Years Model,,,,,,,,,,,,,,,,,
2026-07-11,824249,Detroit Tigers,Philadelphia Phillies,Detroit Tigers,Philadelphia Phillies,0,True,Final,0.5205,0.4795,0.5205,1,0,2,4,All Years Model,,,,,,,,,,,,,,,,,
2026-07-11,824492,Cincinnati Reds,Chicago Cubs,Chicago Cubs,Chicago Cubs,1,True,Final,0.5199,0.4801,0.5199,0,0,3,5,All Years Model,,,,,,,,,,,,,,,,,
2026-07-11,824576,Chicago White Sox,Athletics,Chicago White Sox,Chicago White Sox,1,True,Final,0.5782,0.4218,0.5782,1,1,1,0,All Years Model,,,,,,,,,,,,,,,,,
2026-07-11,824813,Baltimore Orioles,Kansas City Royals,Baltimore Orioles,Baltimore Orioles,1,True,Final,0.5439,0.4561,0.5439,1,1,6,1,All Years Model,,,,,,,,,,,,,,,,,
2026-07-12,822708,Washington Nationals,New York Yankees,New York Yankees,New York Yankees,1,True,Final,0.5186,0.4814,0.5186,0,0,3,5,All Years Model,,,,,,,,,,,,,,,,,
2026-07-12,822876,Texas Rangers,Houston Astros,Texas Rangers,Texas Rangers,1,True,Final,0.5593,0.4407,0.5593,1,1,6,5,All Years Model,,,,,,,,,,,,,,,,,
2026-07-12,822951,Tampa Bay Rays,Seattle Mariners,Tampa Bay Rays,Seattle Mariners,0,True,Final,0.5636,0.4364,0.5636,1,0,2,8,All Years Model,,,,,,,,,,,,,,,,,
2026-07-12,823029,St. Louis Cardinals,Atlanta Braves,St. Louis Cardinals,Atlanta Braves,0,True,Final,0.5342,0.4658,0.5342,1,0,3,4,All Years Model,,,,,,,,,,,,,,,,,
2026-07-12,823199,San Francisco Giants,Colorado Rockies,San Francisco Giants,San Francisco Giants,1,True,Final,0.5887,0.4113,0.5887,1,1,3,1,All Years Model,,,,,,,,,,,,,,,,,
2026-07-12,823274,San Diego Padres,Toronto Blue Jays,Toronto Blue Jays,San Diego Padres,0,True,Final,0.5185,0.4815,0.5185,0,1,5,4,All Years Model,,,,,,,,,,,,,,,,,
2026-07-12,823358,Pittsburgh Pirates,Milwaukee Brewers,Milwaukee Brewers,Pittsburgh Pirates,0,True,Final,0.5122,0.4878,0.5122,0,1,14,5,All Years Model,,,,,,,,,,,,,,,,,
2026-07-12,823602,New York Mets,Boston Red Sox,Boston Red Sox,Boston Red Sox,1,True,Final,0.5016,0.4984,0.5016,0,0,2,3,All Years Model,,,,,,,,,,,,,,,,,
2026-07-12,823681,Minnesota Twins,Los Angeles Angels,Minnesota Twins,Minnesota Twins,1,True,Final,0.5361,0.4639,0.5361,1,1,4,2,All Years Model,,,,,,,,,,,,,,,,,
2026-07-12,823842,Miami Marlins,Cleveland Guardians,Cleveland Guardians,Cleveland Guardians,1,True,Final,0.4953,0.5047,0.5047,0,0,2,5,All Years Model,,,,,,,,,,,,,,,,,
2026-07-12,823925,Los Angeles Dodgers,Arizona Diamondbacks,Los Angeles Dodgers,Arizona Diamondbacks,0,True,Final,0.5681,0.4319,0.5681,1,0,3,5,All Years Model,,,,,,,,,,,,,,,,,
2026-07-12,824250,Detroit Tigers,Philadelphia Phillies,Detroit Tigers,Philadelphia Phillies,0,True,Final,0.5254,0.4746,0.5254,1,0,0,5,All Years Model,,,,,,,,,,,,,,,,,
2026-07-12,824491,Cincinnati Reds,Chicago Cubs,Cincinnati Reds,Chicago Cubs,0,True,Final,0.5456,0.4544,0.5456,1,0,4,8,All Years Model,,,,,,,,,,,,,,,,,
2026-07-12,824574,Chicago White Sox,Athletics,Chicago White Sox,Chicago White Sox,1,True,Final,0.5467,0.4533,0.5467,1,1,9,1,All Years Model,,,,,,,,,,,,,,,,,
2026-07-12,824814,Baltimore Orioles,Kansas City Royals,Baltimore Orioles,Baltimore Orioles,1,True,Final,0.5446,0.4554,0.5446,1,1,8,2,All Years Model,,,,,,,,,,,,,,,,,
2026-07-16,823440,Philadelphia Phillies,New York Mets,Philadelphia Phillies,New York Mets,0,True,Final,0.5312,0.4688,0.5312,1,0,1,4,All Years Model,,,,,,,,,,,,,,,,,
2026-07-17,822789,Toronto Blue Jays,Chicago White Sox,Toronto Blue Jays,Chicago White Sox,0,True,Final,0.5704,0.4296,0.5704,1,0,4,12,All Years Model,,,,,,,,,,,,,,,,,
2026-07-17,823115,Seattle Mariners,San Francisco Giants,Seattle Mariners,San Francisco Giants,0,True,Final,0.5334,0.4666,0.5334,1,0,0,7,All Years Model,,,,,,,,,,,,,,,,,
2026-07-17,823524,New York Yankees,Los Angeles Dodgers,New York Yankees,Los Angeles Dodgers,0,True,Final,0.5488,0.4512,0.5488,1,0,1,2,All Years Model,,,,,,,,,,,,,,,,,
2026-07-17,823766,Milwaukee Brewers,Miami Marlins,Milwaukee Brewers,Milwaukee Brewers,1,True,Final,0.5776,0.4224,0.5776,1,1,2,1,All Years Model,,,,,,,,,,,,,,,,,
2026-07-17,824009,Los Angeles Angels,Detroit Tigers,Detroit Tigers,Detroit Tigers,1,True,Final,0.5072,0.4928,0.5072,0,0,1,2,All Years Model,,,,,,,,,,,,,,,,,
2026-07-17,824090,Kansas City Royals,San Diego Padres,Kansas City Royals,Kansas City Royals,1,True,Final,0.5247,0.4753,0.5247,1,1,7,6,All Years Model,,,,,,,,,,,,,,,,,
2026-07-17,824170,Houston Astros,Baltimore Orioles,Houston Astros,Baltimore Orioles,0,True,Final,0.5244,0.4756,0.5244,1,0,2,3,All Years Model,,,,,,,,,,,,,,,,,
2026-07-17,824332,Colorado Rockies,Cincinnati Reds,Cincinnati Reds,Cincinnati Reds,1,True,Final,0.4918,0.5082,0.5082,0,0,2,7,All Years Model,,,,,,,,,,,,,,,,,
2026-07-17,824655,Chicago Cubs,Minnesota Twins,Chicago Cubs,Minnesota Twins,0,True,Final,0.5351,0.4649,0.5351,1,0,2,5,All Years Model,,,,,,,,,,,,,,,,,
2026-07-17,824737,Boston Red Sox,Tampa Bay Rays,Boston Red Sox,Boston Red Sox,1,True,Final,0.5556,0.4444,0.5556,1,1,5,3,All Years Model,,,,,,,,,,,,,,,,,
2026-07-17,824766,Boston Red Sox,Tampa Bay Rays,Boston Red Sox,Boston Red Sox,1,True,Final,0.5419,0.4581,0.5419,1,1,10,0,All Years Model,,,,,,,,,,,,,,,,,
2026-07-17,824901,Atlanta Braves,Texas Rangers,Atlanta Braves,Atlanta Braves,1,True,Final,0.546,0.454,0.546,1,1,15,1,All Years Model,,,,,,,,,,,,,,,,,
2026-07-17,824981,Athletics,Washington Nationals,Washington Nationals,Washington Nationals,1,True,Final,0.5144,0.4856,0.5144,0,0,4,23,All Years Model,,,,,,,,,,,,,,,,,
2026-07-17,825060,Arizona Diamondbacks,St. Louis Cardinals,St. Louis Cardinals,St. Louis Cardinals,1,True,Final,0.5031,0.4969,0.5031,0,0,4,5,All Years Model,,,,,,,,,,,,,,,,,
2026-07-18,822790,Toronto Blue Jays,Chicago White Sox,Toronto Blue Jays,Toronto Blue Jays,1,True,Final,0.5554,0.4446,0.5554,1,1,1,0,All Years Model,,,,,,,,,,,,,,,,,
2026-07-18,823116,Seattle Mariners,San Francisco Giants,Seattle Mariners,Seattle Mariners,1,True,Final,0.5262,0.4738,0.5262,1,1,4,3,All Years Model,,,,,,,,,,,,,,,,,
2026-07-18,823441,Philadelphia Phillies,New York Mets,Philadelphia Phillies,Philadelphia Phillies,1,True,Final,0.5528,0.4472,0.5528,1,1,6,1,All Years Model,,,,,,,,,,,,,,,,,
2026-07-18,823763,Milwaukee Brewers,Miami Marlins,Milwaukee Brewers,Milwaukee Brewers,1,True,Final,0.5692,0.4308,0.5692,1,1,8,6,All Years Model,,,,,,,,,,,,,,,,,
2026-07-18,824008,Los Angeles Angels,Detroit Tigers,Detroit Tigers,Detroit Tigers,1,True,Final,0.5082,0.4918,0.5082,0,0,0,7,All Years Model,,,,,,,,,,,,,,,,,
2026-07-18,824088,Kansas City Royals,San Diego Padres,Kansas City Royals,Kansas City Royals,1,True,Final,0.5241,0.4759,0.5241,1,1,6,1,All Years Model,,,,,,,,,,,,,,,,,
2026-07-18,824169,Houston Astros,Baltimore Orioles,Houston Astros,Baltimore Orioles,0,True,Final,0.5316,0.4684,0.5316,1,0,2,4,All Years Model,,,,,,,,,,,,,,,,,
2026-07-18,824331,Colorado Rockies,Cincinnati Reds,Cincinnati Reds,Colorado Rockies,0,True,Final,0.4865,0.5135,0.5135,0,1,10,3,All Years Model,,,,,,,,,,,,,,,,,
2026-07-18,824412,Cleveland Guardians,Pittsburgh Pirates,Cleveland Guardians,Cleveland Guardians,1,True,Final,0.5661,0.4339,0.5661,1,1,5,3,All Years Model,,,,,,,,,,,,,,,,,
2026-07-18,824414,Cleveland Guardians,Pittsburgh Pirates,Cleveland Guardians,Pittsburgh Pirates,0,True,Final,0.5637,0.4363,0.5637,1,0,1,7,All Years Model,,,,,,,,,,,,,,,,,
2026-07-18,824657,Chicago Cubs,Minnesota Twins,Chicago Cubs,Chicago Cubs,1,True,Final,0.5347,0.4653,0.5347,1,1,6,2,All Years Model,,,,,,,,,,,,,,,,,
2026-07-18,824738,Boston Red Sox,Tampa Bay Rays,Boston Red Sox,Boston Red Sox,1,True,Final,0.5508,0.4492,0.5508,1,1,7,6,All Years Model,,,,,,,,,,,,,,,,,
2026-07-18,824899,Atlanta Braves,Texas Rangers,Atlanta Braves,Texas Rangers,0,True,Final,0.5339,0.4661,0.5339,1,0,6,7,All Years Model,,,,,,,,,,,,,,,,,
2026-07-18,824979,Athletics,Washington Nationals,Athletics,Athletics,1,True,Final,0.5343,0.4657,0.5343,1,1,15,1,All Years Model,,,,,,,,,,,,,,,,,
2026-07-18,825059,Arizona Diamondbacks,St. Louis Cardinals,St. Louis Cardinals,Arizona Diamondbacks,0,True,Final,0.4748,0.5252,0.5252,0,1,5,3,All Years Model,,,,,,,,,,,,,,,,,
2026-07-19,822786,Toronto Blue Jays,Chicago White Sox,Toronto Blue Jays,Chicago White Sox,0,True,Final,0.5576,0.4424,0.5576,1,0,0,3,All Years Model,,,,,,,,,,,,,,,,,
2026-07-19,823113,Seattle Mariners,San Francisco Giants,Seattle Mariners,Seattle Mariners,1,True,Final,0.5335,0.4665,0.5335,1,1,6,3,All Years Model,,,,,,,,,,,,,,,,,
2026-07-19,823439,Philadelphia Phillies,New York Mets,Philadelphia Phillies,New York Mets,0,True,Final,0.5522,0.4478,0.5522,1,0,1,6,All Years Model,,,,,,,,,,,,,,,,,
2026-07-19,823521,New York Yankees,Los Angeles Dodgers,New York Yankees,New York Yankees,1,True,Final,0.5452,0.4548,0.5452,1,1,2,1,All Years Model,,,,,,,,,,,,,,,,,
2026-07-19,823523,New York Yankees,Los Angeles Dodgers,New York Yankees,Los Angeles Dodgers,0,True,Final,0.5505,0.4495,0.5505,1,0,2,8,All Years Model,,,,,,,,,,,,,,,,,
2026-07-19,823764,Milwaukee Brewers,Miami Marlins,Milwaukee Brewers,Milwaukee Brewers,1,True,Final,0.5679,0.4321,0.5679,1,1,3,1,All Years Model,,,,,,,,,,,,,,,,,
2026-07-19,824007,Los Angeles Angels,Detroit Tigers,Detroit Tigers,Los Angeles Angels,0,True,Final,0.5102,0.4898,0.5102,0,1,3,2,All Years Model,,,,,,,,,,,,,,,,,
2026-07-19,824086,Kansas City Royals,San Diego Padres,Kansas City Royals,San Diego Padres,0,True,Final,0.5333,0.4667,0.5333,1,0,2,19,All Years Model,,,,,,,,,,,,,,,,,
2026-07-19,824168,Houston Astros,Baltimore Orioles,Houston Astros,Baltimore Orioles,0,True,Final,0.5575,0.4425,0.5575,1,0,2,5,All Years Model,,,,,,,,,,,,,,,,,
2026-07-19,824330,Colorado Rockies,Cincinnati Reds,Colorado Rockies,Cincinnati Reds,0,True,Final,0.534,0.466,0.534,1,0,6,9,All Years Model,,,,,,,,,,,,,,,,,
2026-07-19,824411,Cleveland Guardians,Pittsburgh Pirates,Cleveland Guardians,Pittsburgh Pirates,0,True,Final,0.5524,0.4476,0.5524,1,0,1,7,All Years Model,,,,,,,,,,,,,,,,,
2026-07-19,824653,Chicago Cubs,Minnesota Twins,Chicago Cubs,Chicago Cubs,1,True,Final,0.5532,0.4468,0.5532,1,1,10,1,All Years Model,,,,,,,,,,,,,,,,,
2026-07-19,824739,Boston Red Sox,Tampa Bay Rays,Boston Red Sox,Boston Red Sox,1,True,Final,0.556,0.444,0.556,1,1,6,1,All Years Model,,,,,,,,,,,,,,,,,
2026-07-19,824897,Atlanta Braves,Texas Rangers,Atlanta Braves,Atlanta Braves,1,True,Final,0.5343,0.4657,0.5343,1,1,8,5,All Years Model,,,,,,,,,,,,,,,,,
2026-07-19,824978,Athletics,Washington Nationals,Washington Nationals,Washington Nationals,1,True,Final,0.4939,0.5061,0.5061,0,0,2,5,All Years Model,,,,,,,,,,,,,,,,,
2026-07-19,825057,Arizona Diamondbacks,St. Louis Cardinals,Arizona Diamondbacks,Arizona Diamondbacks,1,True,Final,0.537,0.463,0.537,1,1,8,7,All Years Model,,,,,,,,,,,,,,,,,
2026-07-20,822788,Toronto Blue Jays,Tampa Bay Rays,Toronto Blue Jays,Tampa Bay Rays,0,True,Final,0.5244,0.4756,0.5244,1,0,1,7,All Years Model,,,,,,,,,,,,,,,,,
2026-07-20,822874,Texas Rangers,Chicago White Sox,Texas Rangers,Chicago White Sox,0,True,Final,0.5537,0.4463,0.5537,1,0,3,10,All Years Model,,,,,,,,,,,,,,,,,
2026-07-20,823112,Seattle Mariners,Cincinnati Reds,Seattle Mariners,Seattle Mariners,1,True,Final,0.5285,0.4715,0.5285,1,1,8,0,All Years Model,,,,,,,,,,,,,,,,,
2026-07-20,823436,Philadelphia Phillies,Los Angeles Dodgers,Philadelphia Phillies,Philadelphia Phillies,1,True,Final,0.5395,0.4605,0.5395,1,1,10,7,All Years Model,,,,,,,,,,,,,,,,,
2026-07-20,823522,New York Yankees,Pittsburgh Pirates,New York Yankees,New York Yankees,1,True,Final,0.558,0.442,0.558,1,1,8,5,All Years Model,,,,,,,,,,,,,,,,,
2026-07-20,823762,Milwaukee Brewers,New York Mets,Milwaukee Brewers,Milwaukee Brewers,1,True,Final,0.5607,0.4393,0.5607,1,1,8,3,All Years Model,,,,,,,,,,,,,,,,,
2026-07-20,824006,Los Angeles Angels,St. Louis Cardinals,St. Louis Cardinals,Los Angeles Angels,0,True,Final,0.5047,0.4953,0.5047,0,1,3,2,All Years Model,,,,,,,,,,,,,,,,,
2026-07-20,824087,Kansas City Royals,San Francisco Giants,San Francisco Giants,Kansas City Royals,0,True,Final,0.5115,0.4885,0.5115,0,1,4,3,All Years Model,,,,,,,,,,,,,,,,,
2026-07-20,824167,Houston Astros,Miami Marlins,Houston Astros,Houston Astros,1,True,Final,0.5905,0.4095,0.5905,1,1,8,5,All Years Model,,,,,,,,,,,,,,,,,
2026-07-20,824328,Colorado Rockies,Washington Nationals,Washington Nationals,Washington Nationals,1,True,Final,0.4889,0.5111,0.5111,0,0,3,7,All Years Model,,,,,,,,,,,,,,,,,
2026-07-20,824410,Cleveland Guardians,Minnesota Twins,Cleveland Guardians,Cleveland Guardians,1,True,Final,0.5417,0.4583,0.5417,1,1,13,4,All Years Model,,,,,,,,,,,,,,,,,
2026-07-20,824654,Chicago Cubs,Detroit Tigers,Chicago Cubs,Detroit Tigers,0,True,Final,0.5296,0.4704,0.5296,1,0,6,8,All Years Model,,,,,,,,,,,,,,,,,
2026-07-20,824736,Boston Red Sox,Baltimore Orioles,Boston Red Sox,Boston Red Sox,1,True,Final,0.5823,0.4177,0.5823,1,1,6,5,All Years Model,,,,,,,,,,,,,,,,,
2026-07-20,824898,Atlanta Braves,San Diego Padres,Atlanta Braves,Atlanta Braves,1,True,Final,0.5575,0.4425,0.5575,1,1,3,2,All Years Model,,,,,,,,,,,,,,,,,
2026-07-20,825058,Arizona Diamondbacks,Athletics,Arizona Diamondbacks,Athletics,0,True,Final,0.5574,0.4426,0.5574,1,0,2,5,All Years Model,,,,,,,,,,,,,,,,,
2026-07-21,822787,Toronto Blue Jays,Tampa Bay Rays,Tampa Bay Rays,Tampa Bay Rays,1,True,Final,0.5117,0.4883,0.5117,0,0,2,12,All Years Model,,,,,,,,,,,,,,,,,
2026-07-21,822871,Texas Rangers,Chicago White Sox,Texas Rangers,Texas Rangers,1,True,Final,0.5503,0.4497,0.5503,1,1,10,0,All Years Model,,,,,,,,,,,,,,,,,
2026-07-21,823114,Seattle Mariners,Cincinnati Reds,Seattle Mariners,Cincinnati Reds,0,True,Final,0.5236,0.4764,0.5236,1,0,2,4,All Years Model,,,,,,,,,,,,,,,,,
2026-07-21,823437,Philadelphia Phillies,Los Angeles Dodgers,Philadelphia Phillies,Los Angeles Dodgers,0,True,Final,0.5387,0.4613,0.5387,1,0,1,2,All Years Model,,,,,,,,,,,,,,,,,
2026-07-21,823760,Milwaukee Brewers,New York Mets,Milwaukee Brewers,New York Mets,0,True,Final,0.5473,0.4527,0.5473,1,0,0,4,All Years Model,,,,,,,,,,,,,,,,,
2026-07-21,824005,Los Angeles Angels,St. Louis Cardinals,Los Angeles Angels,Los Angeles Angels,1,True,Final,0.5329,0.4671,0.5329,1,1,5,1,All Years Model,,,,,,,,,,,,,,,,,
2026-07-21,824085,Kansas City Royals,San Francisco Giants,San Francisco Giants,Kansas City Royals,0,True,Final,0.5197,0.4803,0.5197,0,1,3,2,All Years Model,,,,,,,,,,,,,,,,,
2026-07-21,824165,Houston Astros,Miami Marlins,Houston Astros,Houston Astros,1,True,Final,0.556,0.444,0.556,1,1,5,3,All Years Model,,,,,,,,,,,,,,,,,
2026-07-21,824329,Colorado Rockies,Washington Nationals,Colorado Rockies,Colorado Rockies,1,True,Final,0.5373,0.4627,0.5373,1,1,8,7,All Years Model,,,,,,,,,,,,,,,,,
2026-07-21,824409,Cleveland Guardians,Minnesota Twins,Cleveland Guardians,Cleveland Guardians,1,True,Final,0.5515,0.4485,0.5515,1,1,5,2,All Years Model,,,,,,,,,,,,,,,,,
2026-07-21,824652,Chicago Cubs,Detroit Tigers,Chicago Cubs,Chicago Cubs,1,True,Final,0.5206,0.4794,0.5206,1,1,11,2,All Years Model,,,,,,,,,,,,,,,,,
2026-07-21,824895,Atlanta Braves,San Diego Padres,Atlanta Braves,San Diego Padres,0,True,Final,0.5546,0.4454,0.5546,1,0,3,8,All Years Model,,,,,,,,,,,,,,,,,
2026-07-21,825056,Arizona Diamondbacks,Athletics,Arizona Diamondbacks,Arizona Diamondbacks,1,True,Final,0.5574,0.4426,0.5574,1,1,6,5,All Years Model,,,,,,,,,,,,,,,,,
2026-07-22,822784,Toronto Blue Jays,Tampa Bay Rays,Toronto Blue Jays,Tampa Bay Rays,0,True,Final,0.5316,0.4684,0.5316,1,0,2,4,All Years Model,,,,,,,,,,,,,,,,,
2026-07-22,822873,Texas Rangers,Chicago White Sox,Texas Rangers,Chicago White Sox,0,True,Final,0.5433,0.4567,0.5433,1,0,2,4,All Years Model,,,,,,,,,,,,,,,,,
2026-07-22,823110,Seattle Mariners,Cincinnati Reds,Seattle Mariners,Cincinnati Reds,0,True,Final,0.5325,0.4675,0.5325,1,0,3,5,All Years Model,,,,,,,,,,,,,,,,,
2026-07-22,823438,Philadelphia Phillies,Los Angeles Dodgers,Los Angeles Dodgers,Los Angeles Dodgers,1,True,Final,0.5199,0.4801,0.5199,0,0,5,9,All Years Model,,,,,,,,,,,,,,,,,
2026-07-22,823518,New York Yankees,Pittsburgh Pirates,New York Yankees,Pittsburgh Pirates,0,True,Final,0.5891,0.4109,0.5891,1,0,3,5,All Years Model,,,,,,,,,,,,,,,,,
2026-07-22,823519,New York Yankees,Pittsburgh Pirates,New York Yankees,New York Yankees,1,True,Final,0.588,0.412,0.588,1,1,2,0,All Years Model,,,,,,,,,,,,,,,,,
2026-07-22,823761,Milwaukee Brewers,New York Mets,Milwaukee Brewers,Milwaukee Brewers,1,True,Final,0.5659,0.4341,0.5659,1,1,4,3,All Years Model,,,,,,,,,,,,,,,,,
2026-07-22,824004,Los Angeles Angels,St. Louis Cardinals,St. Louis Cardinals,St. Louis Cardinals,1,True,Final,0.5101,0.4899,0.5101,0,0,0,1,All Years Model,,,,,,,,,,,,,,,,,
2026-07-22,824083,Kansas City Royals,San Francisco Giants,San Francisco Giants,Kansas City Royals,0,True,Final,0.5183,0.4817,0.5183,0,1,5,4,All Years Model,,,,,,,,,,,,,,,,,
2026-07-22,824166,Houston Astros,Miami Marlins,Houston Astros,Houston Astros,1,True,Final,0.5562,0.4438,0.5562,1,1,5,2,All Years Model,,,,,,,,,,,,,,,,,
2026-07-22,824327,Colorado Rockies,Washington Nationals,Colorado Rockies,Washington Nationals,0,True,Final,0.524,0.476,0.524,1,0,0,8,All Years Model,,,,,,,,,,,,,,,,,
2026-07-22,824408,Cleveland Guardians,Minnesota Twins,Cleveland Guardians,Minnesota Twins,0,True,Final,0.5525,0.4475,0.5525,1,0,6,10,All Years Model,,,,,,,,,,,,,,,,,
2026-07-22,824650,Chicago Cubs,Detroit Tigers,Chicago Cubs,Detroit Tigers,0,True,Final,0.5341,0.4659,0.5341,1,0,1,5,All Years Model,,,,,,,,,,,,,,,,,
2026-07-22,824732,Boston Red Sox,Baltimore Orioles,Boston Red Sox,Baltimore Orioles,0,True,Final,0.5901,0.4099,0.5901,1,0,1,5,All Years Model,,,,,,,,,,,,,,,,,
2026-07-22,824735,Boston Red Sox,Baltimore Orioles,Boston Red Sox,Boston Red Sox,1,True,Final,0.5849,0.4151,0.5849,1,1,6,3,All Years Model,,,,,,,,,,,,,,,,,
2026-07-22,824896,Atlanta Braves,San Diego Padres,Atlanta Braves,Atlanta Braves,1,True,Final,0.5482,0.4518,0.5482,1,1,7,6,All Years Model,,,,,,,,,,,,,,,,,
2026-07-22,825055,Arizona Diamondbacks,Athletics,Arizona Diamondbacks,Arizona Diamondbacks,1,True,Final,0.5806,0.4194,0.5806,1,1,15,5,All Years Model,,,,,,,,,,,,,,,,,
2026-07-23,822785,Toronto Blue Jays,Tampa Bay Rays,Toronto Blue Jays,Toronto Blue Jays,1,True,Final,0.5243,0.4757,0.5243,1,1,3,1,All Years Model,,,,,,,,,,,,,,,,,
2026-07-23,823042,St. Louis Cardinals,Arizona Diamondbacks,St. Louis Cardinals,Arizona Diamondbacks,0,True,Final,0.5534,0.4466,0.5534,1,0,6,10,All Years Model,,,,,,,,,,,,,,,,,
2026-07-23,824247,Detroit Tigers,Kansas City Royals,Detroit Tigers,Detroit Tigers,1,True,Final,0.5782,0.4218,0.5782,1,1,4,3,All Years Model,,,,,,,,,,,,,,,,,
2026-07-23,824406,Cleveland Guardians,Minnesota Twins,Cleveland Guardians,Minnesota Twins,0,True,Final,0.5891,0.4109,0.5891,1,0,1,3,All Years Model,,,,,,,,,,,,,,,,,
2026-07-23,824893,Atlanta Braves,San Diego Padres,Atlanta Braves,Atlanta Braves,1,True,Final,0.5819,0.4181,0.5819,1,1,6,5,All Years Model,,,,,,,,,,,,,,,,,
2026-07-24,822707,Washington Nationals,Arizona Diamondbacks,Washington Nationals,Arizona Diamondbacks,0,True,Final,0.5299,0.4701,0.5299,1,0,2,3,All Years Model,,,,,,,,,,,,,,,,,
2026-07-24,822872,Texas Rangers,Seattle Mariners,Seattle Mariners,Texas Rangers,0,True,Final,0.5166,0.4834,0.5166,0,1,5,4,All Years Model,,,,,,,,,,,,,,,,,
2026-07-24,822952,Tampa Bay Rays,Cleveland Guardians,Tampa Bay Rays,Tampa Bay Rays,1,True,Final,0.5256,0.4744,0.5256,1,1,11,3,All Years Model,,,,,,,,,,,,,,,,,
2026-07-24,823031,St. Louis Cardinals,Cincinnati Reds,St. Louis Cardinals,Cincinnati Reds,0,True,Final,0.5362,0.4638,0.5362,1,0,2,4,All Years Model,,,,,,,,,,,,,,,,,
2026-07-24,823196,San Francisco Giants,Los Angeles Angels,San Francisco Giants,San Francisco Giants,1,True,Final,0.5536,0.4464,0.5536,1,1,7,6,All Years Model,,,,,,,,,,,,,,,,,
2026-07-24,823352,Pittsburgh Pirates,Chicago Cubs,Chicago Cubs,Chicago Cubs,1,True,Final,0.4997,0.5003,0.5003,0,0,2,3,All Years Model,,,,,,,,,,,,,,,,,
2026-07-24,823434,Philadelphia Phillies,New York Yankees,New York Yankees,New York Yankees,1,True,Final,0.4961,0.5039,0.5039,0,0,0,1,All Years Model,,,,,,,,,,,,,,,,,
2026-07-24,823601,New York Mets,Los Angeles Dodgers,New York Mets,Los Angeles Dodgers,0,True,Final,0.5241,0.4759,0.5241,1,0,2,4,All Years Model,,,,,,,,,,,,,,,,,
2026-07-24,823680,Minnesota Twins,Athletics,Minnesota Twins,Athletics,0,True,Final,0.5471,0.4529,0.5471,1,0,0,2,All Years Model,,,,,,,,,,,,,,,,,
2026-07-24,823759,Milwaukee Brewers,Colorado Rockies,Milwaukee Brewers,Colorado Rockies,0,True,Final,0.6023,0.3977,0.6023,1,0,2,5,All Years Model,,,,,,,,,,,,,,,,,
2026-07-24,823843,Miami Marlins,San Diego Padres,San Diego Padres,San Diego Padres,1,True,Final,0.4842,0.5158,0.5158,0,0,2,4,All Years Model,,,,,,,,,,,,,,,,,
2026-07-24,824248,Detroit Tigers,Kansas City Royals,Detroit Tigers,Detroit Tigers,1,True,Final,0.552,0.448,0.552,1,1,2,1,All Years Model,,,,,,,,,,,,,,,,,
2026-07-24,824573,Chicago White Sox,Houston Astros,Chicago White Sox,Houston Astros,0,True,Final,0.5404,0.4596,0.5404,1,0,5,9,All Years Model,,,,,,,,,,,,,,,,,
2026-07-24,824733,Boston Red Sox,Toronto Blue Jays,Boston Red Sox,Boston Red Sox,1,True,Final,0.5553,0.4447,0.5553,1,1,6,4,All Years Model,,,,,,,,,,,,,,,,,
2026-07-24,824812,Baltimore Orioles,Atlanta Braves,Atlanta Braves,Atlanta Braves,1,True,Final,0.5026,0.4974,0.5026,0,0,6,7,All Years Model,,,,,,,,,,,,,,,,,
2026-07-25,822704,Washington Nationals,Arizona Diamondbacks,Washington Nationals,Washington Nationals,1,True,Final,0.5441,0.4559,0.5441,1,1,5,3,All Years Model,,,,,,,,,,,,,,,,,
2026-07-25,822869,Texas Rangers,Seattle Mariners,Seattle Mariners,Texas Rangers,0,True,Final,0.5198,0.4802,0.5198,0,1,7,1,All Years Model,,,,,,,,,,,,,,,,,
2026-07-25,822948,Tampa Bay Rays,Cleveland Guardians,Tampa Bay Rays,Tampa Bay Rays,1,True,Final,0.5228,0.4772,0.5228,1,1,3,0,All Years Model,,,,,,,,,,,,,,,,,
2026-07-25,823027,St. Louis Cardinals,Cincinnati Reds,St. Louis Cardinals,St. Louis Cardinals,1,True,Final,0.5339,0.4661,0.5339,1,1,7,0,All Years Model,,,,,,,,,,,,,,,,,
2026-07-25,823197,San Francisco Giants,Los Angeles Angels,San Francisco Giants,San Francisco Giants,1,True,Final,0.5684,0.4316,0.5684,1,1,9,2,All Years Model,,,,,,,,,,,,,,,,,
2026-07-25,823355,Pittsburgh Pirates,Chicago Cubs,Pittsburgh Pirates,Chicago Cubs,0,True,Final,0.5366,0.4634,0.5366,1,0,0,11,All Years Model,,,,,,,,,,,,,,,,,
2026-07-25,823435,Philadelphia Phillies,New York Yankees,Philadelphia Phillies,New York Yankees,0,True,Final,0.5239,0.4761,0.5239,1,0,1,3,All Years Model,,,,,,,,,,,,,,,,,
2026-07-25,823600,New York Mets,Los Angeles Dodgers,Los Angeles Dodgers,Los Angeles Dodgers,1,True,Final,0.5115,0.4885,0.5115,0,0,3,4,All Years Model,,,,,,,,,,,,,,,,,
2026-07-25,823679,Minnesota Twins,Athletics,Minnesota Twins,Minnesota Twins,1,True,Final,0.5614,0.4386,0.5614,1,1,2,0,All Years Model,,,,,,,,,,,,,,,,,
2026-07-25,823758,Milwaukee Brewers,Colorado Rockies,Milwaukee Brewers,Milwaukee Brewers,1,True,Final,0.6133,0.3867,0.6133,1,1,8,5,All Years Model,,,,,,,,,,,,,,,,,
2026-07-25,823841,Miami Marlins,San Diego Padres,San Diego Padres,San Diego Padres,1,True,Final,0.5136,0.4864,0.5136,0,0,2,7,All Years Model,,,,,,,,,,,,,,,,,
2026-07-25,824244,Detroit Tigers,Kansas City Royals,Detroit Tigers,Kansas City Royals,0,True,Final,0.5561,0.4439,0.5561,1,0,2,3,All Years Model,,,,,,,,,,,,,,,,,
2026-07-25,824571,Chicago White Sox,Houston Astros,Chicago White Sox,Houston Astros,0,True,Final,0.5314,0.4686,0.5314,1,0,1,4,All Years Model,,,,,,,,,,,,,,,,,
2026-07-25,824734,Boston Red Sox,Toronto Blue Jays,Boston Red Sox,Toronto Blue Jays,0,True,Final,0.5654,0.4346,0.5654,1,0,0,6,All Years Model,,,,,,,,,,,,,,,,,
2026-07-25,824811,Baltimore Orioles,Atlanta Braves,Baltimore Orioles,Baltimore Orioles,1,True,Final,0.5322,0.4678,0.5322,1,1,3,2,All Years Model,,,,,,,,,,,,,,,,,
2026-07-26,822706,Washington Nationals,Arizona Diamondbacks,Washington Nationals,Washington Nationals,1,True,Final,0.5441,0.4559,0.5441,1,1,10,7,All Years Model,,,,,,,,,,,,,,,,,
2026-07-26,822870,Texas Rangers,Seattle Mariners,Texas Rangers,Seattle Mariners,0,True,Final,0.5261,0.4739,0.5261,1,0,4,6,All Years Model,,,,,,,,,,,,,,,,,
2026-07-26,822950,Tampa Bay Rays,Cleveland Guardians,Tampa Bay Rays,Tampa Bay Rays,1,True,Final,0.5217,0.4783,0.5217,1,1,1,0,All Years Model,,,,,,,,,,,,,,,,,
2026-07-26,823028,St. Louis Cardinals,Cincinnati Reds,St. Louis Cardinals,Cincinnati Reds,0,True,Final,0.5485,0.4515,0.5485,1,0,3,5,All Years Model,,,,,,,,,,,,,,,,,
2026-07-26,823194,San Francisco Giants,Los Angeles Angels,San Francisco Giants,Los Angeles Angels,0,True,Final,0.5331,0.4669,0.5331,1,0,3,4,All Years Model,,,,,,,,,,,,,,,,,
2026-07-26,823354,Pittsburgh Pirates,Chicago Cubs,Pittsburgh Pirates,Pittsburgh Pirates,1,True,Final,0.5284,0.4716,0.5284,1,1,8,7,All Years Model,,,,,,,,,,,,,,,,,
2026-07-26,823433,Philadelphia Phillies,New York Yankees,Philadelphia Phillies,Philadelphia Phillies,1,True,Final,0.5367,0.4633,0.5367,1,1,11,4,All Years Model,,,,,,,,,,,,,,,,,
2026-07-26,823599,New York Mets,Los Angeles Dodgers,New York Mets,New York Mets,1,True,Final,0.5276,0.4724,0.5276,1,1,8,3,All Years Model,,,,,,,,,,,,,,,,,
2026-07-26,823678,Minnesota Twins,Athletics,Minnesota Twins,Minnesota Twins,1,True,Final,0.5525,0.4475,0.5525,1,1,11,8,All Years Model,,,,,,,,,,,,,,,,,
2026-07-26,823755,Milwaukee Brewers,Colorado Rockies,Milwaukee Brewers,Milwaukee Brewers,1,True,Final,0.6144,0.3856,0.6144,1,1,11,2,All Years Model,,,,,,,,,,,,,,,,,
2026-07-26,823840,Miami Marlins,San Diego Padres,San Diego Padres,San Diego Padres,1,True,Final,0.4873,0.5127,0.5127,0,0,3,5,All Years Model,,,,,,,,,,,,,,,,,
2026-07-26,824246,Detroit Tigers,Kansas City Royals,Detroit Tigers,Kansas City Royals,0,True,Final,0.5657,0.4343,0.5657,1,0,4,5,All Years Model,,,,,,,,,,,,,,,,,
2026-07-26,824572,Chicago White Sox,Houston Astros,Chicago White Sox,Chicago White Sox,1,True,Final,0.533,0.467,0.533,1,1,12,3,All Years Model,,,,,,,,,,,,,,,,,
2026-07-26,824730,Boston Red Sox,Toronto Blue Jays,Boston Red Sox,Boston Red Sox,1,True,Final,0.5729,0.4271,0.5729,1,1,6,1,All Years Model,,,,,,,,,,,,,,,,,
2026-07-26,824810,Baltimore Orioles,Atlanta Braves,Atlanta Braves,Atlanta Braves,1,True,Final,0.491,0.509,0.509,0,0,2,3,All Years Model,,,,,,,,,,,,,,,,,
2026-07-27,822705,Washington Nationals,Toronto Blue Jays,Washington Nationals,Toronto Blue Jays,0,True,Final,0.5407,0.4593,0.5407,1,0,2,3,All Years Model,,,,,,,,,,,,,,,,,
2026-07-27,822868,Texas Rangers,Seattle Mariners,Texas Rangers,Texas Rangers,1,True,Final,0.5203,0.4797,0.5203,1,1,7,3,All Years Model,,,,,,,,,,,,,,,,,
2026-07-27,823025,St. Louis Cardinals,Chicago Cubs,St. Louis Cardinals,Chicago Cubs,0,True,Final,0.5518,0.4482,0.5518,1,0,3,7,All Years Model,,,,,,,,,,,,,,,,,
2026-07-27,823195,San Francisco Giants,Milwaukee Brewers,San Francisco Giants,San Francisco Giants,1,True,Final,0.5384,0.4616,0.5384,1,1,3,0,All Years Model,,,,,,,,,,,,,,,,,
2026-07-27,823353,Pittsburgh Pirates,Arizona Diamondbacks,Arizona Diamondbacks,Pittsburgh Pirates,0,True,Final,0.5094,0.4906,0.5094,0,1,3,2,All Years Model,,,,,,,,,,,,,,,,,
2026-07-27,823597,New York Mets,Atlanta Braves,Atlanta Braves,New York Mets,0,True,Final,0.5103,0.4897,0.5103,0,1,14,3,All Years Model,,,,,,,,,,,,,,,,,
2026-07-27,823839,Miami Marlins,Philadelphia Phillies,Philadelphia Phillies,Miami Marlins,0,True,Final,0.5112,0.4888,0.5112,0,1,8,7,All Years Model,,,,,,,,,,,,,,,,,
2026-07-27,824001,Los Angeles Angels,Houston Astros,Los Angeles Angels,Houston Astros,0,True,Final,0.5529,0.4471,0.5529,1,0,4,6,All Years Model,,,,,,,,,,,,,,,,,
2026-07-27,824245,Detroit Tigers,Baltimore Orioles,Detroit Tigers,Baltimore Orioles,0,True,Final,0.5488,0.4512,0.5488,1,0,5,8,All Years Model,,,,,,,,,,,,,,,,,
2026-07-27,824570,Chicago White Sox,New York Yankees,New York Yankees,New York Yankees,1,True,Final,0.4796,0.5204,0.5204,0,0,5,9,All Years Model,,,,,,,,,,,,,,,,,
2026-07-27,824977,Athletics,Boston Red Sox,Boston Red Sox,Boston Red Sox,1,True,Final,0.4367,0.5633,0.5633,0,0,2,4,All Years Model,,,,,,,,,,,,,,,,,
2026-07-28,822703,Washington Nationals,Toronto Blue Jays,Washington Nationals,Washington Nationals,1,True,Final,0.5369,0.4631,0.5369,1,1,8,6,All Years Model,,,,,,,,,,,,,,,,,
2026-07-28,822949,Tampa Bay Rays,Texas Rangers,Tampa Bay Rays,Texas Rangers,0,True,Final,0.5716,0.4284,0.5716,1,0,1,4,All Years Model,,,,,,,,,,,,,,,,,
2026-07-28,823026,St. Louis Cardinals,Chicago Cubs,St. Louis Cardinals,Chicago Cubs,0,True,Final,0.5584,0.4416,0.5584,1,0,2,10,All Years Model,,,,,,,,,,,,,,,,,
2026-07-28,823193,San Francisco Giants,Milwaukee Brewers,Milwaukee Brewers,Milwaukee Brewers,1,True,Final,0.5183,0.4817,0.5183,0,0,2,8,All Years Model,,,,,,,,,,,,,,,,,
2026-07-28,823275,San Diego Padres,Colorado Rockies,San Diego Padres,San Diego Padres,1,True,Final,0.5812,0.4188,0.5812,1,1,8,7,All Years Model,,,,,,,,,,,,,,,,,
2026-07-28,823350,Pittsburgh Pirates,Arizona Diamondbacks,Pittsburgh Pirates,Arizona Diamondbacks,0,True,Final,0.5377,0.4623,0.5377,1,0,7,8,All Years Model,,,,,,,,,,,,,,,,,
2026-07-28,823676,Minnesota Twins,Kansas City Royals,Minnesota Twins,Minnesota Twins,1,True,Final,0.5392,0.4608,0.5392,1,1,3,2,All Years Model,,,,,,,,,,,,,,,,,
2026-07-28,823838,Miami Marlins,Philadelphia Phillies,Philadelphia Phillies,Miami Marlins,0,True,Final,0.5193,0.4807,0.5193,0,1,1,0,All Years Model,,,,,,,,,,,,,,,,,
2026-07-28,823923,Los Angeles Dodgers,Seattle Mariners,Los Angeles Dodgers,Seattle Mariners,0,True,Final,0.5503,0.4497,0.5503,1,0,6,7,All Years Model,,,,,,,,,,,,,,,,,
2026-07-28,824003,Los Angeles Angels,Houston Astros,Los Angeles Angels,Houston Astros,0,True,Final,0.54,0.46,0.54,1,0,2,3,All Years Model,,,,,,,,,,,,,,,,,
2026-07-28,824243,Detroit Tigers,Baltimore Orioles,Detroit Tigers,Detroit Tigers,1,True,Final,0.5741,0.4259,0.5741,1,1,14,0,All Years Model,,,,,,,,,,,,,,,,,
2026-07-28,824489,Cincinnati Reds,Cleveland Guardians,Cleveland Guardians,Cincinnati Reds,0,True,Final,0.5144,0.4856,0.5144,0,1,2,0,All Years Model,,,,,,,,,,,,,,,,,
2026-07-28,824490,Cincinnati Reds,Cleveland Guardians,Cincinnati Reds,Cleveland Guardians,0,True,Final,0.5266,0.4734,0.5266,1,0,5,6,All Years Model,,,,,,,,,,,,,,,,,
2026-07-28,824569,Chicago White Sox,New York Yankees,New York Yankees,New York Yankees,1,True,Final,0.5156,0.4844,0.5156,0,0,2,3,All Years Model,,,,,,,,,,,,,,,,,
2026-07-28,824976,Athletics,Boston Red Sox,Boston Red Sox,Athletics,0,True,Final,0.4358,0.5642,0.5642,0,1,4,3,All Years Model,,,,,,,,,,,,,,,,,
2026-07-31,822782,Toronto Blue Jays,St. Louis Cardinals,St. Louis Cardinals,Toronto Blue Jays,0,True,Final,0.5102,0.4898,0.5102,0,1,3,1,All Years Model,,,,,,,,,,,,,,,,,
2026-07-31,822945,Tampa Bay Rays,Chicago White Sox,Tampa Bay Rays,Chicago White Sox,0,True,Final,0.5439,0.4561,0.5439,1,0,1,6,All Years Model,,,,,,,,,,,,,,,,,
2026-07-31,823111,Seattle Mariners,Minnesota Twins,Seattle Mariners,Minnesota Twins,0,True,Final,0.566,0.434,0.566,1,0,3,5,All Years Model,,,,,,,,,,,,,,,,,
2026-07-31,823272,San Diego Padres,San Francisco Giants,San Diego Padres,San Diego Padres,1,True,Final,0.5483,0.4517,0.5483,1,1,7,0,All Years Model,,,,,,,,,,,,,,,,,
2026-07-31,823593,New York Mets,Miami Marlins,New York Mets,Miami Marlins,0,True,Final,0.5822,0.4178,0.5822,1,0,2,5,All Years Model,,,,,,,,,,,,,,,,,
2026-07-31,823922,Los Angeles Dodgers,Boston Red Sox,Los Angeles Dodgers,Boston Red Sox,0,True,Final,0.5253,0.4747,0.5253,1,0,4,9,All Years Model,,,,,,,,,,,,,,,,,
2026-07-31,823999,Los Angeles Angels,Milwaukee Brewers,Milwaukee Brewers,Milwaukee Brewers,1,True,Final,0.5048,0.4952,0.5048,0,0,2,6,All Years Model,,,,,,,,,,,,,,,,,
2026-07-31,824164,Houston Astros,Texas Rangers,Houston Astros,Houston Astros,1,True,Final,0.5506,0.4494,0.5506,1,1,11,2,All Years Model,,,,,,,,,,,,,,,,,
2026-07-31,824325,Colorado Rockies,Kansas City Royals,Colorado Rockies,Colorado Rockies,1,True,Final,0.5284,0.4716,0.5284,1,1,3,1,All Years Model,,,,,,,,,,,,,,,,,
2026-07-31,824407,Cleveland Guardians,Arizona Diamondbacks,Cleveland Guardians,Arizona Diamondbacks,0,True,Final,0.5279,0.4721,0.5279,1,0,1,4,All Years Model,,,,,,,,,,,,,,,,,
2026-07-31,824486,Cincinnati Reds,Pittsburgh Pirates,Cincinnati Reds,Cincinnati Reds,1,True,Final,0.5273,0.4727,0.5273,1,1,8,7,All Years Model,,,,,,,,,,,,,,,,,
2026-07-31,824651,Chicago Cubs,New York Yankees,New York Yankees,New York Yankees,1,True,Final,0.5188,0.4812,0.5188,0,0,0,2,All Years Model,,,,,,,,,,,,,,,,,
2026-07-31,824809,Baltimore Orioles,Philadelphia Phillies,Baltimore Orioles,Baltimore Orioles,1,True,Final,0.5464,0.4536,0.5464,1,1,6,4,All Years Model,,,,,,,,,,,,,,,,,
2026-07-31,824892,Atlanta Braves,Washington Nationals,Atlanta Braves,Atlanta Braves,1,True,Final,0.5437,0.4563,0.5437,1,1,6,2,All Years Model,,,,,,,,,,,,,,,,,
2026-07-31,824975,Athletics,Detroit Tigers,Detroit Tigers,Detroit Tigers,1,True,Final,0.5078,0.4922,0.5078,0,0,1,13,All Years Model,,,,,,,,,,,,,,,,,
2026-08-01,822781,Toronto Blue Jays,St. Louis Cardinals,St. Louis Cardinals,Toronto Blue Jays,0,True,Final,0.5179,0.4821,0.5179,0,1,5,1,All Years Model,,,,,,,,,,,,,,,,,
2026-08-01,822944,Tampa Bay Rays,Chicago White Sox,Tampa Bay Rays,Tampa Bay Rays,1,True,Final,0.5743,0.4257,0.5743,1,1,1,0,All Years Model,,,,,,,,,,,,,,,,,
2026-08-01,823109,Seattle Mariners,Minnesota Twins,Seattle Mariners,Seattle Mariners,1,True,Final,0.5593,0.4407,0.5593,1,1,4,3,All Years Model,,,,,,,,,,,,,,,,,
2026-08-01,823269,San Diego Padres,San Francisco Giants,San Diego Padres,San Diego Padres,1,True,Final,0.5317,0.4683,0.5317,1,1,6,5,All Years Model,,,,,,,,,,,,,,,,,
2026-08-01,823594,New York Mets,Miami Marlins,New York Mets,Miami Marlins,0,True,Final,0.5766,0.4234,0.5766,1,0,2,6,All Years Model,,,,,,,,,,,,,,,,,
2026-08-01,823920,Los Angeles Dodgers,Boston Red Sox,Los Angeles Dodgers,Boston Red Sox,0,True,Final,0.5363,0.4637,0.5363,1,0,2,3,All Years Model,,,,,,,,,,,,,,,,,
2026-08-01,824000,Los Angeles Angels,Milwaukee Brewers,Milwaukee Brewers,Milwaukee Brewers,1,True,Final,0.5161,0.4839,0.5161,0,0,1,3,All Years Model,,,,,,,,,,,,,,,,,
2026-08-01,824162,Houston Astros,Texas Rangers,Houston Astros,Houston Astros,1,True,Final,0.5355,0.4645,0.5355,1,1,5,4,All Years Model,,,,,,,,,,,,,,,,,
2026-08-01,824326,Colorado Rockies,Kansas City Royals,Kansas City Royals,Colorado Rockies,0,True,Final,0.5084,0.4916,0.5084,0,1,12,6,All Years Model,,,,,,,,,,,,,,,,,
2026-08-01,824405,Cleveland Guardians,Arizona Diamondbacks,Cleveland Guardians,Arizona Diamondbacks,0,True,Final,0.5215,0.4785,0.5215,1,0,8,12,All Years Model,,,,,,,,,,,,,,,,,
2026-08-01,824485,Cincinnati Reds,Pittsburgh Pirates,Cincinnati Reds,Pittsburgh Pirates,0,True,Final,0.5611,0.4389,0.5611,1,0,1,4,All Years Model,,,,,,,,,,,,,,,,,
2026-08-01,824649,Chicago Cubs,New York Yankees,New York Yankees,Chicago Cubs,0,True,Final,0.4948,0.5052,0.5052,0,1,5,2,All Years Model,,,,,,,,,,,,,,,,,
2026-08-01,824808,Baltimore Orioles,Philadelphia Phillies,Baltimore Orioles,Philadelphia Phillies,0,True,Final,0.5323,0.4677,0.5323,1,0,0,5,All Years Model,,,,,,,,,,,,,,,,,
2026-08-01,824890,Atlanta Braves,Washington Nationals,Atlanta Braves,Atlanta Braves,1,True,Final,0.5564,0.4436,0.5564,1,1,8,3,All Years Model,,,,,,,,,,,,,,,,,
2026-08-01,824972,Athletics,Detroit Tigers,Detroit Tigers,Detroit Tigers,1,True,Final,0.4863,0.5137,0.5137,0,0,6,8,All Years Model,,,,,,,,,,,,,,,,,
2026-08-02,822783,Toronto Blue Jays,St. Louis Cardinals,Toronto Blue Jays,St. Louis Cardinals,0,True,Final,0.5359,0.4641,0.5359,1,0,1,5,All Years Model,,,,,,,,,,,,,,,,,
2026-08-02,822943,Tampa Bay Rays,Chicago White Sox,Tampa Bay Rays,Chicago White Sox,0,True,Final,0.5649,0.4351,0.5649,1,0,1,9,All Years Model,,,,,,,,,,,,,,,,,
2026-08-02,823107,Seattle Mariners,Minnesota Twins,Seattle Mariners,Seattle Mariners,1,True,Final,0.5405,0.4595,0.5405,1,1,7,6,All Years Model,,,,,,,,,,,,,,,,,
2026-08-02,823270,San Diego Padres,San Francisco Giants,San Francisco Giants,San Diego Padres,0,True,Final,0.4905,0.5095,0.5095,0,1,5,4,All Years Model,,,,,,,,,,,,,,,,,
2026-08-02,823592,New York Mets,Miami Marlins,New York Mets,Miami Marlins,0,True,Final,0.5609,0.4391,0.5609,1,0,0,2,All Years Model,,,,,,,,,,,,,,,,,
2026-08-02,823919,Los Angeles Dodgers,Boston Red Sox,Boston Red Sox,Boston Red Sox,1,True,Final,0.5141,0.4859,0.5141,0,0,4,8,All Years Model,,,,,,,,,,,,,,,,,
2026-08-02,823996,Los Angeles Angels,Milwaukee Brewers,Los Angeles Angels,Los Angeles Angels,1,True,Final,0.5268,0.4732,0.5268,1,1,3,0,All Years Model,,,,,,,,,,,,,,,,,
2026-08-02,824163,Houston Astros,Texas Rangers,Houston Astros,Houston Astros,1,True,Final,0.5441,0.4559,0.5441,1,1,7,3,All Years Model,,,,,,,,,,,,,,,,,
2026-08-02,824323,Colorado Rockies,Kansas City Royals,Kansas City Royals,Colorado Rockies,0,True,Final,0.5171,0.4829,0.5171,0,1,8,1,All Years Model,,,,,,,,,,,,,,,,,
2026-08-02,824404,Cleveland Guardians,Arizona Diamondbacks,Cleveland Guardians,Cleveland Guardians,1,True,Final,0.52,0.48,0.52,1,1,5,0,All Years Model,,,,,,,,,,,,,,,,,
2026-08-02,824483,Cincinnati Reds,Pittsburgh Pirates,Cincinnati Reds,Cincinnati Reds,1,True,Final,0.5716,0.4284,0.5716,1,1,10,2,All Years Model,,,,,,,,,,,,,,,,,
2026-08-02,824648,Chicago Cubs,New York Yankees,New York Yankees,New York Yankees,1,True,Final,0.5073,0.4927,0.5073,0,0,1,2,All Years Model,,,,,,,,,,,,,,,,,
2026-08-02,824807,Baltimore Orioles,Philadelphia Phillies,Baltimore Orioles,Philadelphia Phillies,0,True,Final,0.5325,0.4675,0.5325,1,0,0,8,All Years Model,,,,,,,,,,,,,,,,,
2026-08-02,824891,Atlanta Braves,Washington Nationals,Atlanta Braves,Atlanta Braves,1,True,Final,0.5493,0.4507,0.5493,1,1,4,2,All Years Model,,,,,,,,,,,,,,,,,
2026-08-02,824971,Athletics,Detroit Tigers,Detroit Tigers,Detroit Tigers,1,True,Final,0.5022,0.4978,0.5022,0,0,0,11,All Years Model,,,,,,,,,,,,,,,,,
2026-08-03,822867,Texas Rangers,San Francisco Giants,San Francisco Giants,San Francisco Giants,1,True,Final,0.5146,0.4854,0.5146,0,0,1,5,All Years Model,,,,,,,,,,,,,,,,,
2026-08-03,823431,Philadelphia Phillies,Washington Nationals,Philadelphia Phillies,Philadelphia Phillies,1,True,Final,0.525,0.475,0.525,1,1,6,3,All Years Model,,,,,,,,,,,,,,,,,
2026-08-03,823520,New York Yankees,St. Louis Cardinals,New York Yankees,St. Louis Cardinals,0,True,Final,0.5628,0.4372,0.5628,1,0,7,13,All Years Model,,,,,,,,,,,,,,,,,
2026-08-03,823757,Milwaukee Brewers,Pittsburgh Pirates,Milwaukee Brewers,Pittsburgh Pirates,0,True,Final,0.5407,0.4593,0.5407,1,0,3,4,All Years Model,,,,,,,,,,,,,,,,,
2026-08-03,824160,Houston Astros,Toronto Blue Jays,Houston Astros,Toronto Blue Jays,0,True,Final,0.5355,0.4645,0.5355,1,0,1,3,All Years Model,,,,,,,,,,,,,,,,,
2026-08-03,824324,Colorado Rockies,Tampa Bay Rays,Tampa Bay Rays,Tampa Bay Rays,1,True,Final,0.4641,0.5359,0.5359,0,0,9,13,All Years Model,,,,,,,,,,,,,,,,,
2026-08-03,824647,Chicago Cubs,Los Angeles Dodgers,Los Angeles Dodgers,Chicago Cubs,0,True,Final,0.5038,0.4962,0.5038,0,1,10,5,All Years Model,,,,,,,,,,,,,,,,,
2026-08-03,825095,Arizona Diamondbacks,San Diego Padres,San Diego Padres,Arizona Diamondbacks,0,True,Final,0.5124,0.4876,0.5124,0,1,5,1,All Years Model,,,,,,,,,,,,,,,,,
2026-08-04,822865,Texas Rangers,San Francisco Giants,Texas Rangers,Texas Rangers,1,True,Final,0.5511,0.4489,0.5511,1,1,5,4,All Years Model,,,,,,,,,,,,,,,,,
2026-08-04,823108,Seattle Mariners,Detroit Tigers,Detroit Tigers,Detroit Tigers,1,True,Final,0.5091,0.4909,0.5091,0,0,0,8,All Years Model,,,,,,,,,,,,,,,,,
2026-08-04,823432,Philadelphia Phillies,Washington Nationals,Philadelphia Phillies,Philadelphia Phillies,1,True,Final,0.5669,0.4331,0.5669,1,1,5,0,All Years Model,,,,,,,,,,,,,,,,,
2026-08-04,823517,New York Yankees,St. Louis Cardinals,New York Yankees,New York Yankees,1,True,Final,0.5603,0.4397,0.5603,1,1,2,0,All Years Model,,,,,,,,,,,,,,,,,
2026-08-04,823756,Milwaukee Brewers,Pittsburgh Pirates,Milwaukee Brewers,Milwaukee Brewers,1,True,Final,0.5784,0.4216,0.5784,1,1,4,2,All Years Model,,,,,,,,,,,,,,,,,
2026-08-04,824084,Kansas City Royals,Minnesota Twins,Minnesota Twins,Kansas City Royals,0,True,Final,0.512,0.488,0.512,0,1,8,2,All Years Model,,,,,,,,,,,,,,,,,
2026-08-04,824161,Houston Astros,Toronto Blue Jays,Houston Astros,Houston Astros,1,True,Final,0.5381,0.4619,0.5381,1,1,7,2,All Years Model,,,,,,,,,,,,,,,,,
2026-08-04,824321,Colorado Rockies,Tampa Bay Rays,Tampa Bay Rays,Tampa Bay Rays,1,True,Final,0.5178,0.4822,0.5178,0,0,7,9,All Years Model,,,,,,,,,,,,,,,,,
2026-08-04,824403,Cleveland Guardians,New York Mets,Cleveland Guardians,New York Mets,0,True,Final,0.5428,0.4572,0.5428,1,0,2,6,All Years Model,,,,,,,,,,,,,,,,,
2026-08-04,824484,Cincinnati Reds,Athletics,Cincinnati Reds,Cincinnati Reds,1,True,Final,0.5757,0.4243,0.5757,1,1,5,4,All Years Model,,,,,,,,,,,,,,,,,
2026-08-04,824645,Chicago Cubs,Los Angeles Dodgers,Los Angeles Dodgers,Chicago Cubs,0,True,Final,0.5047,0.4953,0.5047,0,1,5,1,All Years Model,,,,,,,,,,,,,,,,,
2026-08-04,824731,Boston Red Sox,Chicago White Sox,Boston Red Sox,Boston Red Sox,1,True,Final,0.5598,0.4402,0.5598,1,1,14,2,All Years Model,,,,,,,,,,,,,,,,,
2026-08-04,824805,Baltimore Orioles,Los Angeles Angels,Baltimore Orioles,Baltimore Orioles,1,True,Final,0.5302,0.4698,0.5302,1,1,3,1,All Years Model,,,,,,,,,,,,,,,,,
2026-08-04,824888,Atlanta Braves,Miami Marlins,Atlanta Braves,Atlanta Braves,1,True,Final,0.6131,0.3869,0.6131,1,1,4,2,All Years Model,,,,,,,,,,,,,,,,,
2026-08-04,825054,Arizona Diamondbacks,San Diego Padres,Arizona Diamondbacks,San Diego Padres,0,True,Final,0.5218,0.4782,0.5218,1,0,4,9,All Years Model,,,,,,,,,,,,,,,,,
2026-08-05,822866,Texas Rangers,San Francisco Giants,Texas Rangers,Texas Rangers,1,True,Final,0.5245,0.4755,0.5245,1,1,6,0,All Years Model,,,,,,,,,,,,,,,,,
2026-08-05,823106,Seattle Mariners,Detroit Tigers,Seattle Mariners,Seattle Mariners,1,True,Final,0.5502,0.4498,0.5502,1,1,4,2,All Years Model,,,,,,,,,,,,,,,,,
2026-08-05,823429,Philadelphia Phillies,Washington Nationals,Philadelphia Phillies,Washington Nationals,0,True,Final,0.5389,0.4611,0.5389,1,0,4,10,All Years Model,,,,,,,,,,,,,,,,,
2026-08-05,823516,New York Yankees,St. Louis Cardinals,New York Yankees,St. Louis Cardinals,0,True,Final,0.5589,0.4411,0.5589,1,0,1,3,All Years Model,,,,,,,,,,,,,,,,,
2026-08-05,823753,Milwaukee Brewers,Pittsburgh Pirates,Milwaukee Brewers,Milwaukee Brewers,1,True,Final,0.5551,0.4449,0.5551,1,1,4,2,All Years Model,,,,,,,,,,,,,,,,,
2026-08-05,824082,Kansas City Royals,Minnesota Twins,Kansas City Royals,Kansas City Royals,1,True,Final,0.5257,0.4743,0.5257,1,1,2,1,All Years Model,,,,,,,,,,,,,,,,,
2026-08-05,824158,Houston Astros,Toronto Blue Jays,Houston Astros,Toronto Blue Jays,0,True,Final,0.5494,0.4506,0.5494,1,0,4,5,All Years Model,,,,,,,,,,,,,,,,,
2026-08-05,824322,Colorado Rockies,Tampa Bay Rays,Tampa Bay Rays,Tampa Bay Rays,1,True,Final,0.4872,0.5128,0.5128,0,0,0,4,All Years Model,,,,,,,,,,,,,,,,,
2026-08-05,824402,Cleveland Guardians,New York Mets,Cleveland Guardians,New York Mets,0,True,Final,0.5293,0.4707,0.5293,1,0,5,6,All Years Model,,,,,,,,,,,,,,,,,
2026-08-05,824482,Cincinnati Reds,Athletics,Cincinnati Reds,Cincinnati Reds,1,True,Final,0.5935,0.4065,0.5935,1,1,3,2,All Years Model,,,,,,,,,,,,,,,,,
2026-08-05,824646,Chicago Cubs,Los Angeles Dodgers,Chicago Cubs,Chicago Cubs,1,True,Final,0.5291,0.4709,0.5291,1,1,7,6,All Years Model,,,,,,,,,,,,,,,,,
2026-08-05,824728,Boston Red Sox,Chicago White Sox,Boston Red Sox,Boston Red Sox,1,True,Final,0.5624,0.4376,0.5624,1,1,4,0,All Years Model,,,,,,,,,,,,,,,,,
2026-08-05,824806,Baltimore Orioles,Los Angeles Angels,Baltimore Orioles,Baltimore Orioles,1,True,Final,0.5466,0.4534,0.5466,1,1,5,2,All Years Model,,,,,,,,,,,,,,,,,
2026-08-05,824889,Atlanta Braves,Miami Marlins,Atlanta Braves,Atlanta Braves,1,True,Final,0.5937,0.4063,0.5937,1,1,4,1,All Years Model,,,,,,,,,,,,,,,,,
2026-08-05,825052,Arizona Diamondbacks,San Diego Padres,Arizona Diamondbacks,Arizona Diamondbacks,1,True,Final,0.5268,0.4732,0.5268,1,1,10,4,All Years Model,,,,,,,,,,,,,,,,,
2026-08-06,823105,Seattle Mariners,Detroit Tigers,Detroit Tigers,Detroit Tigers,1,True,Final,0.5164,0.4836,0.5164,0,0,0,11,All Years Model,,,,,,,,,,,,,,,,,
2026-08-06,823430,Philadelphia Phillies,Washington Nationals,Philadelphia Phillies,Philadelphia Phillies,1,True,Final,0.5627,0.4373,0.5627,1,1,7,3,All Years Model,,,,,,,,,,,,,,,,,
2026-08-06,823754,Milwaukee Brewers,Pittsburgh Pirates,Milwaukee Brewers,Milwaukee Brewers,1,True,Final,0.5498,0.4502,0.5498,1,1,5,2,All Years Model,,,,,,,,,,,,,,,,,
2026-08-06,824080,Kansas City Royals,Minnesota Twins,Kansas City Royals,Minnesota Twins,0,True,Final,0.5271,0.4729,0.5271,1,0,3,4,All Years Model,,,,,,,,,,,,,,,,,
2026-08-06,824401,Cleveland Guardians,New York Mets,Cleveland Guardians,New York Mets,0,True,Final,0.5428,0.4572,0.5428,1,0,6,13,All Years Model,,,,,,,,,,,,,,,,,
2026-08-06,824481,Cincinnati Reds,Athletics,Cincinnati Reds,Cincinnati Reds,1,True,Final,0.5936,0.4064,0.5936,1,1,6,5,All Years Model,,,,,,,,,,,,,,,,,
2026-08-06,824664,Chicago Cubs,Toronto Blue Jays,Toronto Blue Jays,Chicago Cubs,0,True,Final,0.518,0.482,0.518,0,1,3,2,All Years Model,,,,,,,,,,,,,,,,,
2026-08-06,824729,Boston Red Sox,Chicago White Sox,Boston Red Sox,Boston Red Sox,1,True,Final,0.5687,0.4313,0.5687,1,1,12,11,All Years Model,,,,,,,,,,,,,,,,,
2026-08-06,824804,Baltimore Orioles,Los Angeles Angels,Baltimore Orioles,Los Angeles Angels,0,True,Final,0.5432,0.4568,0.5432,1,0,1,4,All Years Model,,,,,,,,,,,,,,,,,
2026-08-06,824885,Atlanta Braves,Miami Marlins,Atlanta Braves,Atlanta Braves,1,True,Final,0.6041,0.3959,0.6041,1,1,11,3,All Years Model,,,,,,,,,,,,,,,,,
2026-08-06,825053,Arizona Diamondbacks,San Diego Padres,Arizona Diamondbacks,San Diego Padres,0,True,Final,0.5241,0.4759,0.5241,1,0,1,5,All Years Model,,,,,,,,,,,,,,,,,
2026-08-07,822699,Washington Nationals,Cincinnati Reds,Washington Nationals,Washington Nationals,1,True,Final,0.5409,0.4591,0.5409,1,1,5,3,All Years Model,,,,,,,,,,,,,,,,,
2026-08-07,822863,Texas Rangers,Baltimore Orioles,Texas Rangers,Texas Rangers,1,True,Final,0.532,0.468,0.532,1,1,2,1,All Years Model,,,,,,,,,,,,,,,,,
2026-08-07,823024,St. Louis Cardinals,Colorado Rockies,St. Louis Cardinals,St. Louis Cardinals,1,True,Final,0.6004,0.3996,0.6004,1,1,3,2,All Years Model,,,,,,,,,,,,,,,,,
2026-08-07,823103,Seattle Mariners,Tampa Bay Rays,Tampa Bay Rays,Tampa Bay Rays,1,True,Final,0.506,0.494,0.506,0,0,1,2,All Years Model,,,,,,,,,,,,,,,,,
2026-08-07,823191,San Francisco Giants,Detroit Tigers,San Francisco Giants,San Francisco Giants,1,True,Final,0.543,0.457,0.543,1,1,5,2,All Years Model,,,,,,,,,,,,,,,,,
2026-08-07,823266,San Diego Padres,Houston Astros,Houston Astros,Houston Astros,1,True,Final,0.5041,0.4959,0.5041,0,0,3,6,All Years Model,,,,,,,,,,,,,,,,,
2026-08-07,823349,Pittsburgh Pirates,New York Mets,New York Mets,New York Mets,1,True,Final,0.5022,0.4978,0.5022,0,0,4,6,All Years Model,,,,,,,,,,,,,,,,,
2026-08-07,823428,Philadelphia Phillies,Toronto Blue Jays,Philadelphia Phillies,Toronto Blue Jays,0,True,Final,0.5247,0.4753,0.5247,1,0,4,5,All Years Model,,,,,,,,,,,,,,,,,
2026-08-07,823515,New York Yankees,Atlanta Braves,New York Yankees,New York Yankees,1,True,Final,0.5426,0.4574,0.5426,1,1,3,2,All Years Model,,,,,,,,,,,,,,,,,
2026-08-07,823750,Milwaukee Brewers,Minnesota Twins,Milwaukee Brewers,Minnesota Twins,0,True,Final,0.5517,0.4483,0.5517,1,0,6,8,All Years Model,,,,,,,,,,,,,,,,,
2026-08-07,823836,Miami Marlins,Los Angeles Angels,Miami Marlins,Los Angeles Angels,0,True,Final,0.551,0.449,0.551,1,0,3,4,All Years Model,,,,,,,,,,,,,,,,,
2026-08-07,824081,Kansas City Royals,Chicago Cubs,Kansas City Royals,Chicago Cubs,0,True,Final,0.5351,0.4649,0.5351,1,0,4,6,All Years Model,,,,,,,,,,,,,,,,,
2026-08-07,824566,Chicago White Sox,Cleveland Guardians,Cleveland Guardians,Cleveland Guardians,1,True,Final,0.5001,0.4999,0.5001,0,0,2,8,All Years Model,,,,,,,,,,,,,,,,,
2026-08-07,824727,Boston Red Sox,Athletics,Boston Red Sox,Boston Red Sox,1,True,Final,0.6209,0.3791,0.6209,1,1,13,1,All Years Model,,,,,,,,,,,,,,,,,
2026-08-07,825051,Arizona Diamondbacks,Los Angeles Dodgers,Arizona Diamondbacks,Arizona Diamondbacks,1,True,Final,0.5396,0.4604,0.5396,1,1,4,3,All Years Model,,,,,,,,,,,,,,,,,
2026-08-08,822701,Washington Nationals,Cincinnati Reds,Cincinnati Reds,Washington Nationals,0,True,Final,0.5035,0.4965,0.5035,0,1,8,2,All Years Model,,,,,,,,,,,,,,,,,
2026-08-08,822864,Texas Rangers,Baltimore Orioles,Texas Rangers,Texas Rangers,1,True,Final,0.5371,0.4629,0.5371,1,1,5,1,All Years Model,,,,,,,,,,,,,,,,,
2026-08-08,823021,St. Louis Cardinals,Colorado Rockies,St. Louis Cardinals,Colorado Rockies,0,True,Final,0.5827,0.4173,0.5827,1,0,6,8,All Years Model,,,,,,,,,,,,,,,,,
2026-08-08,823102,Seattle Mariners,Tampa Bay Rays,Tampa Bay Rays,Tampa Bay Rays,1,True,Final,0.5113,0.4887,0.5113,0,0,2,3,All Years Model,,,,,,,,,,,,,,,,,
2026-08-08,823188,San Francisco Giants,Detroit Tigers,San Francisco Giants,Detroit Tigers,0,True,Final,0.5408,0.4592,0.5408,1,0,0,8,All Years Model,,,,,,,,,,,,,,,,,
2026-08-08,823267,San Diego Padres,Houston Astros,San Diego Padres,San Diego Padres,1,True,Final,0.5285,0.4715,0.5285,1,1,3,2,All Years Model,,,,,,,,,,,,,,,,,
2026-08-08,823348,Pittsburgh Pirates,New York Mets,Pittsburgh Pirates,Pittsburgh Pirates,1,True,Final,0.5249,0.4751,0.5249,1,1,9,0,All Years Model,,,,,,,,,,,,,,,,,
2026-08-08,823426,Philadelphia Phillies,Toronto Blue Jays,Philadelphia Phillies,Toronto Blue Jays,0,True,Final,0.5219,0.4781,0.5219,1,0,5,7,All Years Model,,,,,,,,,,,,,,,,,
2026-08-08,823514,New York Yankees,Atlanta Braves,Atlanta Braves,New York Yankees,0,True,Final,0.5185,0.4815,0.5185,0,1,5,4,All Years Model,,,,,,,,,,,,,,,,,
2026-08-08,823752,Milwaukee Brewers,Minnesota Twins,Milwaukee Brewers,Milwaukee Brewers,1,True,Final,0.5597,0.4403,0.5597,1,1,4,3,All Years Model,,,,,,,,,,,,,,,,,
2026-08-08,823834,Miami Marlins,Los Angeles Angels,Miami Marlins,Miami Marlins,1,True,Final,0.5205,0.4795,0.5205,1,1,7,0,All Years Model,,,,,,,,,,,,,,,,,
2026-08-08,824079,Kansas City Royals,Chicago Cubs,Chicago Cubs,Kansas City Royals,0,True,Final,0.5061,0.4939,0.5061,0,1,6,3,All Years Model,,,,,,,,,,,,,,,,,
2026-08-08,824565,Chicago White Sox,Cleveland Guardians,Chicago White Sox,Chicago White Sox,1,True,Final,0.5297,0.4703,0.5297,1,1,6,3,All Years Model,,,,,,,,,,,,,,,,,
2026-08-08,824726,Boston Red Sox,Athletics,Boston Red Sox,Athletics,0,True,Final,0.6263,0.3737,0.6263,1,0,3,7,All Years Model,,,,,,,,,,,,,,,,,
2026-08-08,825049,Arizona Diamondbacks,Los Angeles Dodgers,Los Angeles Dodgers,Los Angeles Dodgers,1,True,Final,0.5054,0.4946,0.5054,0,0,1,2,All Years Model,,,,,,,,,,,,,,,,,
2026-08-09,822700,Washington Nationals,Cincinnati Reds,Cincinnati Reds,Washington Nationals,0,True,Final,0.5126,0.4874,0.5126,0,1,7,1,All Years Model,,,,,,,,,,,,,,,,,
2026-08-09,822862,Texas Rangers,Baltimore Orioles,Texas Rangers,Baltimore Orioles,0,True,Final,0.5355,0.4645,0.5355,1,0,5,10,All Years Model,,,,,,,,,,,,,,,,,
2026-08-09,823020,St. Louis Cardinals,Colorado Rockies,St. Louis Cardinals,St. Louis Cardinals,1,True,Final,0.5953,0.4047,0.5953,1,1,7,4,All Years Model,,,,,,,,,,,,,,,,,
2026-08-09,823104,Seattle Mariners,Tampa Bay Rays,Tampa Bay Rays,Tampa Bay Rays,1,True,Final,0.497,0.503,0.503,0,0,1,4,All Years Model,,,,,,,,,,,,,,,,,
2026-08-09,823190,San Francisco Giants,Detroit Tigers,San Francisco Giants,Detroit Tigers,0,True,Final,0.5304,0.4696,0.5304,1,0,1,3,All Years Model,,,,,,,,,,,,,,,,,
2026-08-09,823268,San Diego Padres,Houston Astros,Houston Astros,San Diego Padres,0,True,Final,0.5112,0.4888,0.5112,0,1,7,2,All Years Model,,,,,,,,,,,,,,,,,
2026-08-09,823345,Pittsburgh Pirates,New York Mets,New York Mets,New York Mets,1,True,Final,0.5024,0.4976,0.5024,0,0,1,11,All Years Model,,,,,,,,,,,,,,,,,
2026-08-09,823425,Philadelphia Phillies,Toronto Blue Jays,Philadelphia Phillies,Philadelphia Phillies,1,True,Final,0.5218,0.4782,0.5218,1,1,7,6,All Years Model,,,,,,,,,,,,,,,,,
2026-08-09,823513,New York Yankees,Atlanta Braves,New York Yankees,Atlanta Braves,0,True,Final,0.5483,0.4517,0.5483,1,0,1,2,All Years Model,,,,,,,,,,,,,,,,,
2026-08-09,823751,Milwaukee Brewers,Minnesota Twins,Milwaukee Brewers,Milwaukee Brewers,1,True,Final,0.5649,0.4351,0.5649,1,1,4,3,All Years Model,,,,,,,,,,,,,,,,,
2026-08-09,823835,Miami Marlins,Los Angeles Angels,Los Angeles Angels,Miami Marlins,0,True,Final,0.5151,0.4849,0.5151,0,1,12,3,All Years Model,,,,,,,,,,,,,,,,,
2026-08-09,824078,Kansas City Royals,Chicago Cubs,Chicago Cubs,Chicago Cubs,1,True,Final,0.5099,0.4901,0.5099,0,0,2,10,All Years Model,,,,,,,,,,,,,,,,,
2026-08-09,824564,Chicago White Sox,Cleveland Guardians,Chicago White Sox,Chicago White Sox,1,True,Final,0.5339,0.4661,0.5339,1,1,5,3,All Years Model,,,,,,,,,,,,,,,,,
2026-08-09,824724,Boston Red Sox,Athletics,Boston Red Sox,Athletics,0,True,Final,0.6032,0.3968,0.6032,1,0,3,4,All Years Model,,,,,,,,,,,,,,,,,
2026-08-09,825050,Arizona Diamondbacks,Los Angeles Dodgers,Los Angeles Dodgers,Arizona Diamondbacks,0,True,Final,0.5199,0.4801,0.5199,0,1,4,2,All Years Model,,,,,,,,,,,,,,,,,
2026-08-10,822780,Toronto Blue Jays,Boston Red Sox,Boston Red Sox,Toronto Blue Jays,0,True,Final,0.5014,0.4986,0.5014,0,1,2,1,All Years Model,,,,,,,,,,,,,,,,,
2026-08-10,823018,St. Louis Cardinals,Philadelphia Phillies,St. Louis Cardinals,Philadelphia Phillies,0,True,Final,0.5796,0.4204,0.5796,1,0,5,6,All Years Model,,,,,,,,,,,,,,,,,
2026-08-10,823189,San Francisco Giants,Houston Astros,San Francisco Giants,Houston Astros,0,True,Final,0.5229,0.4771,0.5229,1,0,3,6,All Years Model,,,,,,,,,,,,,,,,,
2026-08-10,823265,San Diego Padres,Milwaukee Brewers,Milwaukee Brewers,San Diego Padres,0,True,Final,0.5193,0.4807,0.5193,0,1,3,2,All Years Model,,,,,,,,,,,,,,,,,
2026-08-10,823675,Minnesota Twins,Baltimore Orioles,Minnesota Twins,Minnesota Twins,1,True,Final,0.53,0.47,0.53,1,1,9,5,All Years Model,,,,,,,,,,,,,,,,,
2026-08-10,823918,Los Angeles Dodgers,Kansas City Royals,Los Angeles Dodgers,Los Angeles Dodgers,1,True,Final,0.6026,0.3974,0.6026,1,1,6,5,All Years Model,,,,,,,,,,,,,,,,,
2026-08-10,823998,Los Angeles Angels,Texas Rangers,Los Angeles Angels,Texas Rangers,0,True,Final,0.53,0.47,0.53,1,0,1,4,All Years Model,,,,,,,,,,,,,,,,,
2026-08-10,824887,Atlanta Braves,New York Mets,Atlanta Braves,New York Mets,0,True,Final,0.5407,0.4593,0.5407,1,0,5,8,All Years Model,,,,,,,,,,,,,,,,,
2026-08-10,824969,Athletics,Tampa Bay Rays,Tampa Bay Rays,Tampa Bay Rays,1,True,Final,0.4845,0.5155,0.5155,0,0,6,10,All Years Model,,,,,,,,,,,,,,,,,
2026-08-10,825048,Arizona Diamondbacks,Colorado Rockies,Arizona Diamondbacks,Arizona Diamondbacks,1,True,Final,0.5558,0.4442,0.5558,1,1,9,0,All Years Model,,,,,,,,,,,,,,,,,
2026-08-11,822697,Washington Nationals,Chicago Cubs,Washington Nationals,Chicago Cubs,0,True,Final,0.5256,0.4744,0.5256,1,0,6,8,All Years Model,,,,,,,,,,,,,,,,,
2026-08-11,822778,Toronto Blue Jays,Boston Red Sox,Boston Red Sox,Toronto Blue Jays,0,True,Final,0.5011,0.4989,0.5011,0,1,5,3,All Years Model,,,,,,,,,,,,,,,,,
2026-08-11,823019,St. Louis Cardinals,Philadelphia Phillies,St. Louis Cardinals,St. Louis Cardinals,1,True,Final,0.5553,0.4447,0.5553,1,1,2,0,All Years Model,,,,,,,,,,,,,,,,,
2026-08-11,823186,San Francisco Giants,Houston Astros,Houston Astros,San Francisco Giants,0,True,Final,0.5083,0.4917,0.5083,0,1,4,1,All Years Model,,,,,,,,,,,,,,,,,
2026-08-11,823264,San Diego Padres,Milwaukee Brewers,San Diego Padres,San Diego Padres,1,True,Final,0.5385,0.4615,0.5385,1,1,11,2,All Years Model,,,,,,,,,,,,,,,,,
2026-08-11,823512,New York Yankees,Seattle Mariners,New York Yankees,New York Yankees,1,True,Final,0.5704,0.4296,0.5704,1,1,4,1,All Years Model,,,,,,,,,,,,,,,,,
2026-08-11,823673,Minnesota Twins,Baltimore Orioles,Minnesota Twins,Baltimore Orioles,0,True,Final,0.5439,0.4561,0.5439,1,0,2,5,All Years Model,,,,,,,,,,,,,,,,,
2026-08-11,823832,Miami Marlins,Pittsburgh Pirates,Miami Marlins,Miami Marlins,1,True,Final,0.5222,0.4778,0.5222,1,1,2,0,All Years Model,,,,,,,,,,,,,,,,,
2026-08-11,823917,Los Angeles Dodgers,Kansas City Royals,Los Angeles Dodgers,Los Angeles Dodgers,1,True,Final,0.6092,0.3908,0.6092,1,1,5,4,All Years Model,,,,,,,,,,,,,,,,,
2026-08-11,823997,Los Angeles Angels,Texas Rangers,Los Angeles Angels,Los Angeles Angels,1,True,Final,0.5281,0.4719,0.5281,1,1,3,2,All Years Model,,,,,,,,,,,,,,,,,
2026-08-11,824240,Detroit Tigers,Cleveland Guardians,Cleveland Guardians,Detroit Tigers,0,True,Final,0.5113,0.4887,0.5113,0,1,6,4,All Years Model,,,,,,,,,,,,,,,,,
2026-08-11,824563,Chicago White Sox,Cincinnati Reds,Chicago White Sox,Cincinnati Reds,0,True,Final,0.5468,0.4532,0.5468,1,0,4,5,All Years Model,,,,,,,,,,,,,,,,,
2026-08-11,824886,Atlanta Braves,New York Mets,Atlanta Braves,Atlanta Braves,1,True,Final,0.5467,0.4533,0.5467,1,1,4,0,All Years Model,,,,,,,,,,,,,,,,,
2026-08-11,824970,Athletics,Tampa Bay Rays,Tampa Bay Rays,Tampa Bay Rays,1,True,Final,0.4375,0.5625,0.5625,0,0,4,12,All Years Model,,,,,,,,,,,,,,,,,
2026-08-11,825046,Arizona Diamondbacks,Colorado Rockies,Arizona Diamondbacks,Colorado Rockies,0,True,Final,0.5989,0.4011,0.5989,1,0,2,3,All Years Model,,,,,,,,,,,,,,,,,
2026-08-12,822698,Washington Nationals,Chicago Cubs,Washington Nationals,Chicago Cubs,0,True,Final,0.5295,0.4705,0.5295,1,0,6,12,All Years Model,,,,,,,,,,,,,,,,,
2026-08-12,822779,Toronto Blue Jays,Boston Red Sox,Boston Red Sox,Toronto Blue Jays,0,True,Final,0.4927,0.5073,0.5073,0,1,6,4,All Years Model,,,,,,,,,,,,,,,,,
2026-08-12,823017,St. Louis Cardinals,Philadelphia Phillies,St. Louis Cardinals,St. Louis Cardinals,1,True,Final,0.5575,0.4425,0.5575,1,1,7,1,All Years Model,,,,,,,,,,,,,,,,,
2026-08-12,823187,San Francisco Giants,Houston Astros,Houston Astros,Houston Astros,1,True,Final,0.5182,0.4818,0.5182,0,0,1,2,All Years Model,,,,,,,,,,,,,,,,,
2026-08-12,823263,San Diego Padres,Milwaukee Brewers,San Diego Padres,San Diego Padres,1,True,Final,0.5264,0.4736,0.5264,1,1,4,3,All Years Model,,,,,,,,,,,,,,,,,
2026-08-12,823511,New York Yankees,Seattle Mariners,New York Yankees,New York Yankees,1,True,Final,0.5658,0.4342,0.5658,1,1,10,5,All Years Model,,,,,,,,,,,,,,,,,
2026-08-12,823672,Minnesota Twins,Baltimore Orioles,Minnesota Twins,Minnesota Twins,1,True,Final,0.5226,0.4774,0.5226,1,1,7,5,All Years Model,,,,,,,,,,,,,,,,,
2026-08-12,823833,Miami Marlins,Pittsburgh Pirates,Miami Marlins,Miami Marlins,1,True,Final,0.5299,0.4701,0.5299,1,1,8,2,All Years Model,,,,,,,,,,,,,,,,,
2026-08-12,823916,Los Angeles Dodgers,Kansas City Royals,Los Angeles Dodgers,Los Angeles Dodgers,1,True,Final,0.6005,0.3995,0.6005,1,1,4,2,All Years Model,,,,,,,,,,,,,,,,,
2026-08-12,823994,Los Angeles Angels,Texas Rangers,Los Angeles Angels,Los Angeles Angels,1,True,Final,0.5217,0.4783,0.5217,1,1,5,2,All Years Model,,,,,,,,,,,,,,,,,
2026-08-12,824241,Detroit Tigers,Cleveland Guardians,Detroit Tigers,Cleveland Guardians,0,True,Final,0.5283,0.4717,0.5283,1,0,4,6,All Years Model,,,,,,,,,,,,,,,,,
2026-08-12,824562,Chicago White Sox,Cincinnati Reds,Chicago White Sox,Chicago White Sox,1,True,Final,0.5406,0.4594,0.5406,1,1,5,0,All Years Model,,,,,,,,,,,,,,,,,
2026-08-12,824883,Atlanta Braves,New York Mets,Atlanta Braves,Atlanta Braves,1,True,Final,0.5469,0.4531,0.5469,1,1,6,3,All Years Model,,,,,,,,,,,,,,,,,
2026-08-12,824967,Athletics,Tampa Bay Rays,Tampa Bay Rays,Tampa Bay Rays,1,True,Final,0.447,0.553,0.553,0,0,4,8,All Years Model,,,,,,,,,,,,,,,,,
2026-08-12,825047,Arizona Diamondbacks,Colorado Rockies,Arizona Diamondbacks,Colorado Rockies,0,True,Final,0.5882,0.4118,0.5882,1,0,4,6,All Years Model,,,,,,,,,,,,,,,,,
2026-08-13,822696,Washington Nationals,Chicago Cubs,Washington Nationals,Washington Nationals,1,True,Final,0.5419,0.4581,0.5419,1,1,7,0,All Years Model,,,,,,,,,,,,,,,,,
2026-08-13,822776,Toronto Blue Jays,Boston Red Sox,Toronto Blue Jays,Boston Red Sox,0,True,Final,0.5283,0.4717,0.5283,1,0,0,7,All Years Model,,,,,,,,,,,,,,,,,
2026-08-13,823508,New York Yankees,Seattle Mariners,New York Yankees,Seattle Mariners,0,True,Final,0.5879,0.4121,0.5879,1,0,0,1,All Years Model,,,,,,,,,,,,,,,,,
2026-08-13,823669,Minnesota Twins,Philadelphia Phillies,Minnesota Twins,Philadelphia Phillies,0,True,Final,0.5448,0.4552,0.5448,1,0,1,7,All Years Model,,,,,,,,,,,,,,,,,
2026-08-13,823829,Miami Marlins,Pittsburgh Pirates,Miami Marlins,Pittsburgh Pirates,0,True,Final,0.5448,0.4552,0.5448,1,0,1,13,All Years Model,,,,,,,,,,,,,,,,,
2026-08-13,823915,Los Angeles Dodgers,Milwaukee Brewers,Los Angeles Dodgers,Milwaukee Brewers,0,True,Final,0.5353,0.4647,0.5353,1,0,4,5,All Years Model,,,,,,,,,,,,,,,,,
2026-08-13,823995,Los Angeles Angels,Texas Rangers,Los Angeles Angels,Los Angeles Angels,1,True,Final,0.5219,0.4781,0.5219,1,1,7,0,All Years Model,,,,,,,,,,,,,,,,,
2026-08-13,824238,Detroit Tigers,Cleveland Guardians,Detroit Tigers,Detroit Tigers,1,True,Final,0.5325,0.4675,0.5325,1,1,3,0,All Years Model,,,,,,,,,,,,,,,,,
2026-08-13,824561,Chicago White Sox,Cincinnati Reds,Chicago White Sox,Cincinnati Reds,0,True,Final,0.5377,0.4623,0.5377,1,0,8,9,All Years Model,,,,,,,,,,,,,,,,,
2026-08-14,822777,Toronto Blue Jays,New York Yankees,Toronto Blue Jays,Toronto Blue Jays,1,True,Final,0.5237,0.4763,0.5237,1,1,3,1,All Years Model,,,,,,,,,,,,,,,,,
2026-08-14,822942,Tampa Bay Rays,Baltimore Orioles,Tampa Bay Rays,Baltimore Orioles,0,True,Final,0.5772,0.4228,0.5772,1,0,5,6,All Years Model,,,,,,,,,,,,,,,,,
2026-08-14,823185,San Francisco Giants,Colorado Rockies,San Francisco Giants,Colorado Rockies,0,True,Final,0.6029,0.3971,0.6029,1,0,2,5,All Years Model,,,,,,,,,,,,,,,,,
2026-08-14,823346,Pittsburgh Pirates,Boston Red Sox,Boston Red Sox,Pittsburgh Pirates,0,True,Final,0.4748,0.5252,0.5252,0,1,8,4,All Years Model,,,,,,,,,,,,,,,,,
2026-08-14,823591,New York Mets,Washington Nationals,New York Mets,New York Mets,1,True,Final,0.5395,0.4605,0.5395,1,1,4,1,All Years Model,,,,,,,,,,,,,,,,,
2026-08-14,823913,Los Angeles Dodgers,Milwaukee Brewers,Los Angeles Dodgers,Los Angeles Dodgers,1,True,Final,0.5434,0.4566,0.5434,1,1,3,1,All Years Model,,,,,,,,,,,,,,,,,
2026-08-14,823993,Los Angeles Angels,Kansas City Royals,Los Angeles Angels,Kansas City Royals,0,True,Final,0.543,0.457,0.543,1,0,6,7,All Years Model,,,,,,,,,,,,,,,,,
2026-08-14,824159,Houston Astros,Seattle Mariners,Houston Astros,Houston Astros,1,True,Final,0.5434,0.4566,0.5434,1,1,10,7,All Years Model,,,,,,,,,,,,,,,,,
2026-08-14,824237,Detroit Tigers,Chicago White Sox,Detroit Tigers,Chicago White Sox,0,True,Final,0.5324,0.4676,0.5324,1,0,5,9,All Years Model,,,,,,,,,,,,,,,,,
2026-08-14,824399,Cleveland Guardians,San Diego Padres,Cleveland Guardians,San Diego Padres,0,True,Final,0.5429,0.4571,0.5429,1,0,5,7,All Years Model,,,,,,,,,,,,,,,,,
2026-08-14,824479,Cincinnati Reds,Miami Marlins,Cincinnati Reds,Cincinnati Reds,1,True,Final,0.559,0.441,0.559,1,1,1,0,All Years Model,,,,,,,,,,,,,,,,,
2026-08-14,824643,Chicago Cubs,St. Louis Cardinals,Chicago Cubs,Chicago Cubs,1,True,Final,0.5242,0.4758,0.5242,1,1,3,0,All Years Model,,,,,,,,,,,,,,,,,
2026-08-14,824882,Atlanta Braves,Arizona Diamondbacks,Atlanta Braves,Arizona Diamondbacks,0,True,Final,0.5656,0.4344,0.5656,1,0,0,2,All Years Model,,,,,,,,,,,,,,,,,
2026-08-14,824968,Athletics,Texas Rangers,Texas Rangers,Athletics,0,True,Final,0.4631,0.5369,0.5369,0,1,8,3,All Years Model,,,,,,,,,,,,,,,,,
2026-08-15,822775,Toronto Blue Jays,New York Yankees,New York Yankees,Toronto Blue Jays,0,True,Final,0.5103,0.4897,0.5103,0,1,4,1,All Years Model,,,,,,,,,,,,,,,,,
2026-08-15,822941,Tampa Bay Rays,Baltimore Orioles,Tampa Bay Rays,Baltimore Orioles,0,True,Final,0.5816,0.4184,0.5816,1,0,3,4,All Years Model,,,,,,,,,,,,,,,,,
2026-08-15,823184,San Francisco Giants,Colorado Rockies,San Francisco Giants,San Francisco Giants,1,True,Final,0.5984,0.4016,0.5984,1,1,7,1,All Years Model,,,,,,,,,,,,,,,,,
2026-08-15,823347,Pittsburgh Pirates,Boston Red Sox,Boston Red Sox,Boston Red Sox,1,True,Final,0.454,0.546,0.546,0,0,0,4,All Years Model,,,,,,,,,,,,,,,,,
2026-08-15,823588,New York Mets,Washington Nationals,New York Mets,New York Mets,1,True,Final,0.5626,0.4374,0.5626,1,1,5,4,All Years Model,,,,,,,,,,,,,,,,,
2026-08-15,823671,Minnesota Twins,Philadelphia Phillies,Minnesota Twins,Philadelphia Phillies,0,True,Final,0.523,0.477,0.523,1,0,1,9,All Years Model,,,,,,,,,,,,,,,,,
2026-08-15,823914,Los Angeles Dodgers,Milwaukee Brewers,Los Angeles Dodgers,Milwaukee Brewers,0,True,Final,0.5266,0.4734,0.5266,1,0,1,4,All Years Model,,,,,,,,,,,,,,,,,
2026-08-15,823990,Los Angeles Angels,Kansas City Royals,Los Angeles Angels,Los Angeles Angels,1,True,Final,0.5488,0.4512,0.5488,1,1,1,0,All Years Model,,,,,,,,,,,,,,,,,
2026-08-15,824157,Houston Astros,Seattle Mariners,Houston Astros,Seattle Mariners,0,True,Final,0.551,0.449,0.551,1,0,5,10,All Years Model,,,,,,,,,,,,,,,,,
2026-08-15,824239,Detroit Tigers,Chicago White Sox,Detroit Tigers,Chicago White Sox,0,True,Final,0.5606,0.4394,0.5606,1,0,3,4,All Years Model,,,,,,,,,,,,,,,,,
2026-08-15,824400,Cleveland Guardians,San Diego Padres,Cleveland Guardians,Cleveland Guardians,1,True,Final,0.5512,0.4488,0.5512,1,1,6,1,All Years Model,,,,,,,,,,,,,,,,,
2026-08-15,824480,Cincinnati Reds,Miami Marlins,Cincinnati Reds,Miami Marlins,0,True,Final,0.5619,0.4381,0.5619,1,0,4,8,All Years Model,,,,,,,,,,,,,,,,,
2026-08-15,824644,Chicago Cubs,St. Louis Cardinals,St. Louis Cardinals,St. Louis Cardinals,1,True,Final,0.5095,0.4905,0.5095,0,0,4,8,All Years Model,,,,,,,,,,,,,,,,,
2026-08-15,824884,Atlanta Braves,Arizona Diamondbacks,Atlanta Braves,Arizona Diamondbacks,0,True,Final,0.5509,0.4491,0.5509,1,0,3,10,All Years Model,,,,,,,,,,,,,,,,,
2026-08-15,824966,Athletics,Texas Rangers,Texas Rangers,Texas Rangers,1,True,Final,0.5004,0.4996,0.5004,0,0,3,5,All Years Model,,,,,,,,,,,,,,,,,
2026-08-16,822774,Toronto Blue Jays,New York Yankees,Toronto Blue Jays,New York Yankees,0,True,Final,0.5442,0.4558,0.5442,1,0,3,4,All Years Model,,,,,,,,,,,,,,,,,
2026-08-16,822940,Tampa Bay Rays,Baltimore Orioles,Tampa Bay Rays,Baltimore Orioles,0,True,Final,0.6019,0.3981,0.6019,1,0,2,10,All Years Model,,,,,,,,,,,,,,,,,
2026-08-16,823182,San Francisco Giants,Colorado Rockies,San Francisco Giants,Colorado Rockies,0,True,Final,0.562,0.438,0.562,1,0,7,13,All Years Model,,,,,,,,,,,,,,,,,
2026-08-16,823344,Pittsburgh Pirates,Boston Red Sox,Boston Red Sox,Pittsburgh Pirates,0,True,Final,0.4984,0.5016,0.5016,0,1,8,3,All Years Model,,,,,,,,,,,,,,,,,
2026-08-16,823590,New York Mets,Washington Nationals,New York Mets,New York Mets,1,True,Final,0.5524,0.4476,0.5524,1,1,4,3,All Years Model,,,,,,,,,,,,,,,,,
2026-08-16,823670,Minnesota Twins,Philadelphia Phillies,Minnesota Twins,Philadelphia Phillies,0,True,Final,0.5456,0.4544,0.5456,1,0,5,7,All Years Model,,,,,,,,,,,,,,,,,
2026-08-16,823912,Los Angeles Dodgers,Milwaukee Brewers,Los Angeles Dodgers,Milwaukee Brewers,0,True,Final,0.5446,0.4554,0.5446,1,0,2,6,All Years Model,,,,,,,,,,,,,,,,,
2026-08-16,823991,Los Angeles Angels,Kansas City Royals,Los Angeles Angels,Kansas City Royals,0,True,Final,0.5359,0.4641,0.5359,1,0,0,3,All Years Model,,,,,,,,,,,,,,,,,
2026-08-16,824156,Houston Astros,Seattle Mariners,Houston Astros,Seattle Mariners,0,True,Final,0.5468,0.4532,0.5468,1,0,2,3,All Years Model,,,,,,,,,,,,,,,,,
2026-08-16,824236,Detroit Tigers,Chicago White Sox,Detroit Tigers,Chicago White Sox,0,True,Final,0.5437,0.4563,0.5437,1,0,5,7,All Years Model,,,,,,,,,,,,,,,,,
2026-08-16,824397,Cleveland Guardians,San Diego Padres,Cleveland Guardians,San Diego Padres,0,True,Final,0.5559,0.4441,0.5559,1,0,0,5,All Years Model,,,,,,,,,,,,,,,,,
2026-08-16,824477,Cincinnati Reds,Miami Marlins,Cincinnati Reds,Miami Marlins,0,True,Final,0.5443,0.4557,0.5443,1,0,1,7,All Years Model,,,,,,,,,,,,,,,,,
2026-08-16,824642,Chicago Cubs,St. Louis Cardinals,St. Louis Cardinals,St. Louis Cardinals,1,True,Final,0.5073,0.4927,0.5073,0,0,4,11,All Years Model,,,,,,,,,,,,,,,,,
2026-08-16,824880,Atlanta Braves,Arizona Diamondbacks,Atlanta Braves,Atlanta Braves,1,True,Final,0.5467,0.4533,0.5467,1,1,5,3,All Years Model,,,,,,,,,,,,,,,,,
2026-08-16,824965,Athletics,Texas Rangers,Texas Rangers,Athletics,0,True,Final,0.4849,0.5151,0.5151,0,1,5,2,All Years Model,,,,,,,,,,,,,,,,,
2026-08-17,822939,Tampa Bay Rays,Baltimore Orioles,Tampa Bay Rays,Tampa Bay Rays,1,True,Final,0.622,0.378,0.622,1,1,7,6,All Years Model,,,,,,,,,,,,,,,,,
2026-08-17,823343,Pittsburgh Pirates,Detroit Tigers,Pittsburgh Pirates,Detroit Tigers,0,True,Final,0.5201,0.4799,0.5201,1,0,5,8,All Years Model,,,,,,,,,,,,,,,,,
2026-08-17,823427,Philadelphia Phillies,Miami Marlins,Philadelphia Phillies,Philadelphia Phillies,1,True,Final,0.5518,0.4482,0.5518,1,1,6,5,All Years Model,,,,,,,,,,,,,,,,,
2026-08-17,823589,New York Mets,San Diego Padres,New York Mets,New York Mets,1,True,Final,0.5604,0.4396,0.5604,1,1,2,1,All Years Model,,,,,,,,,,,,,,,,,
2026-08-17,823668,Minnesota Twins,Atlanta Braves,Atlanta Braves,Minnesota Twins,0,True,Final,0.4806,0.5194,0.5194,0,1,4,2,All Years Model,,,,,,,,,,,,,,,,,
2026-08-17,824077,Kansas City Royals,Athletics,Kansas City Royals,Kansas City Royals,1,True,Final,0.5803,0.4197,0.5803,1,1,9,5,All Years Model,,,,,,,,,,,,,,,,,
2026-08-17,824320,Colorado Rockies,Los Angeles Dodgers,Los Angeles Dodgers,Los Angeles Dodgers,1,True,Final,0.4692,0.5308,0.5308,0,0,5,11,All Years Model,,,,,,,,,,,,,,,,,
2026-08-17,824478,Cincinnati Reds,St. Louis Cardinals,St. Louis Cardinals,Cincinnati Reds,0,True,Final,0.5111,0.4889,0.5111,0,1,6,5,All Years Model,,,,,,,,,,,,,,,,,
2026-08-17,824514,Cincinnati Reds,St. Louis Cardinals,St. Louis Cardinals,St. Louis Cardinals,1,True,Final,0.5037,0.4963,0.5037,0,0,1,2,All Years Model,,,,,,,,,,,,,,,,,
2026-08-17,824641,Chicago Cubs,Chicago White Sox,Chicago Cubs,Chicago Cubs,1,True,Final,0.5542,0.4458,0.5542,1,1,7,5,All Years Model,,,,,,,,,,,,,,,,,
2026-08-17,824725,Boston Red Sox,Arizona Diamondbacks,Boston Red Sox,Boston Red Sox,1,True,Final,0.5619,0.4381,0.5619,1,1,11,1,All Years Model,,,,,,,,,,,,,,,,,
2026-08-18,822859,Texas Rangers,Washington Nationals,Texas Rangers,Texas Rangers,1,True,Final,0.5206,0.4794,0.5206,1,1,5,0,All Years Model,,,,,,,,,,,,,,,,,
2026-08-18,822938,Tampa Bay Rays,Toronto Blue Jays,Tampa Bay Rays,Toronto Blue Jays,0,True,Final,0.5415,0.4585,0.5415,1,0,5,10,All Years Model,,,,,,,,,,,,,,,,,
2026-08-18,823341,Pittsburgh Pirates,Detroit Tigers,Detroit Tigers,Pittsburgh Pirates,0,True,Final,0.5165,0.4835,0.5165,0,1,4,1,All Years Model,,,,,,,,,,,,,,,,,
2026-08-18,823423,Philadelphia Phillies,Miami Marlins,Philadelphia Phillies,Philadelphia Phillies,1,True,Final,0.5371,0.4629,0.5371,1,1,6,4,All Years Model,,,,,,,,,,,,,,,,,
2026-08-18,823586,New York Mets,San Diego Padres,New York Mets,San Diego Padres,0,True,Final,0.5315,0.4685,0.5315,1,0,2,5,All Years Model,,,,,,,,,,,,,,,,,
2026-08-18,823667,Minnesota Twins,Atlanta Braves,Atlanta Braves,Minnesota Twins,0,True,Final,0.4978,0.5022,0.5022,0,1,4,1,All Years Model,,,,,,,,,,,,,,,,,
2026-08-18,823749,Milwaukee Brewers,Seattle Mariners,Milwaukee Brewers,Milwaukee Brewers,1,True,Final,0.5511,0.4489,0.5511,1,1,22,0,All Years Model,,,,,,,,,,,,,,,,,
2026-08-18,824075,Kansas City Royals,Athletics,Kansas City Royals,Kansas City Royals,1,True,Final,0.5494,0.4506,0.5494,1,1,4,3,All Years Model,,,,,,,,,,,,,,,,,
2026-08-18,824154,Houston Astros,Los Angeles Angels,Houston Astros,Los Angeles Angels,0,True,Final,0.5551,0.4449,0.5551,1,0,1,3,All Years Model,,,,,,,,,,,,,,,,,
2026-08-18,824319,Colorado Rockies,Los Angeles Dodgers,Los Angeles Dodgers,Los Angeles Dodgers,1,True,Final,0.4931,0.5069,0.5069,0,0,6,7,All Years Model,,,,,,,,,,,,,,,,,
2026-08-18,824398,Cleveland Guardians,San Francisco Giants,Cleveland Guardians,Cleveland Guardians,1,True,Final,0.5569,0.4431,0.5569,1,1,8,1,All Years Model,,,,,,,,,,,,,,,,,
2026-08-18,824475,Cincinnati Reds,St. Louis Cardinals,St. Louis Cardinals,St. Louis Cardinals,1,True,Final,0.4916,0.5084,0.5084,0,0,0,3,All Years Model,,,,,,,,,,,,,,,,,
2026-08-18,824639,Chicago Cubs,Chicago White Sox,Chicago Cubs,Chicago Cubs,1,True,Final,0.5447,0.4553,0.5447,1,1,4,3,All Years Model,,,,,,,,,,,,,,,,,
2026-08-18,824723,Boston Red Sox,Arizona Diamondbacks,Boston Red Sox,Boston Red Sox,1,True,Final,0.572,0.428,0.572,1,1,9,4,All Years Model,,,,,,,,,,,,,,,,,
2026-08-18,824803,Baltimore Orioles,New York Yankees,New York Yankees,New York Yankees,1,True,Final,0.4885,0.5115,0.5115,0,0,1,3,All Years Model,,,,,,,,,,,,,,,,,
2026-08-19,822860,Texas Rangers,Washington Nationals,Washington Nationals,Washington Nationals,1,True,Final,0.518,0.482,0.518,0,0,0,6,All Years Model,,,,,,,,,,,,,,,,,
2026-08-19,822937,Tampa Bay Rays,Toronto Blue Jays,Tampa Bay Rays,Tampa Bay Rays,1,True,Final,0.5465,0.4535,0.5465,1,1,7,6,All Years Model,,,,,,,,,,,,,,,,,
2026-08-19,823342,Pittsburgh Pirates,Detroit Tigers,Pittsburgh Pirates,Pittsburgh Pirates,1,True,Final,0.5489,0.4511,0.5489,1,1,4,3,All Years Model,,,,,,,,,,,,,,,,,
2026-08-19,823424,Philadelphia Phillies,Miami Marlins,Philadelphia Phillies,Philadelphia Phillies,1,True,Final,0.5476,0.4524,0.5476,1,1,4,1,All Years Model,,,,,,,,,,,,,,,,,
2026-08-19,823587,New York Mets,San Diego Padres,New York Mets,New York Mets,1,True,Final,0.5416,0.4584,0.5416,1,1,4,2,All Years Model,,,,,,,,,,,,,,,,,
2026-08-19,823664,Minnesota Twins,Atlanta Braves,Atlanta Braves,Minnesota Twins,0,True,Final,0.5072,0.4928,0.5072,0,1,6,4,All Years Model,,,,,,,,,,,,,,,,,
2026-08-19,823748,Milwaukee Brewers,Seattle Mariners,Milwaukee Brewers,Seattle Mariners,0,True,Final,0.5393,0.4607,0.5393,1,0,5,7,All Years Model,,,,,,,,,,,,,,,,,
2026-08-19,824076,Kansas City Royals,Athletics,Kansas City Royals,Kansas City Royals,1,True,Final,0.5651,0.4349,0.5651,1,1,9,7,All Years Model,,,,,,,,,,,,,,,,,
2026-08-19,824155,Houston Astros,Los Angeles Angels,Houston Astros,Houston Astros,1,True,Final,0.5329,0.4671,0.5329,1,1,3,2,All Years Model,,,,,,,,,,,,,,,,,
2026-08-19,824318,Colorado Rockies,Los Angeles Dodgers,Los Angeles Dodgers,Los Angeles Dodgers,1,True,Final,0.4959,0.5041,0.5041,0,0,4,6,All Years Model,,,,,,,,,,,,,,,,,
2026-08-19,824394,Cleveland Guardians,San Francisco Giants,Cleveland Guardians,San Francisco Giants,0,True,Final,0.5244,0.4756,0.5244,1,0,0,1,All Years Model,,,,,,,,,,,,,,,,,
2026-08-19,824476,Cincinnati Reds,St. Louis Cardinals,Cincinnati Reds,Cincinnati Reds,1,True,Final,0.5224,0.4776,0.5224,1,1,5,4,All Years Model,,,,,,,,,,,,,,,,,
2026-08-19,824640,Chicago Cubs,Chicago White Sox,Chicago Cubs,Chicago White Sox,0,True,Final,0.5359,0.4641,0.5359,1,0,0,3,All Years Model,,,,,,,,,,,,,,,,,
2026-08-19,824722,Boston Red Sox,Arizona Diamondbacks,Boston Red Sox,Arizona Diamondbacks,0,True,Final,0.5772,0.4228,0.5772,1,0,6,7,All Years Model,,,,,,,,,,,,,,,,,
2026-08-19,824801,Baltimore Orioles,New York Yankees,New York Yankees,New York Yankees,1,True,Final,0.514,0.486,0.514,0,0,3,5,All Years Model,,,,,,,,,,,,,,,,,
2026-08-20,822861,Texas Rangers,Washington Nationals,Texas Rangers,Texas Rangers,1,True,Final,0.5317,0.4683,0.5317,1,1,2,0,All Years Model,,,,,,,,,,,,,,,,,
2026-08-20,822934,Tampa Bay Rays,Toronto Blue Jays,Tampa Bay Rays,Toronto Blue Jays,0,True,Final,0.5398,0.4602,0.5398,1,0,1,5,All Years Model,,,,,,,,,,,,,,,,,
2026-08-20,823747,Milwaukee Brewers,Seattle Mariners,Milwaukee Brewers,Milwaukee Brewers,1,True,Final,0.5516,0.4484,0.5516,1,1,7,4,All Years Model,,,,,,,,,,,,,,,,,
2026-08-20,824074,Kansas City Royals,Athletics,Kansas City Royals,Kansas City Royals,1,True,Final,0.5875,0.4125,0.5875,1,1,6,2,All Years Model,,,,,,,,,,,,,,,,,
2026-08-20,824153,Houston Astros,Los Angeles Angels,Houston Astros,Los Angeles Angels,0,True,Final,0.5344,0.4656,0.5344,1,0,3,18,All Years Model,,,,,,,,,,,,,,,,,
2026-08-20,824395,Cleveland Guardians,San Francisco Giants,Cleveland Guardians,Cleveland Guardians,1,True,Final,0.5232,0.4768,0.5232,1,1,5,2,All Years Model,,,,,,,,,,,,,,,,,
2026-08-20,824474,Cincinnati Reds,St. Louis Cardinals,St. Louis Cardinals,St. Louis Cardinals,1,True,Final,0.4962,0.5038,0.5038,0,0,9,10,All Years Model,,,,,,,,,,,,,,,,,
2026-08-20,824589,Chicago White Sox,Atlanta Braves,Atlanta Braves,Atlanta Braves,1,True,Final,0.4988,0.5012,0.5012,0,0,0,2,All Years Model,,,,,,,,,,,,,,,,,
2026-08-20,824802,Baltimore Orioles,New York Yankees,New York Yankees,New York Yankees,1,True,Final,0.5067,0.4933,0.5067,0,0,1,6,All Years Model,,,,,,,,,,,,,,,,,
2026-08-21,822857,Texas Rangers,Los Angeles Angels,Texas Rangers,Texas Rangers,1,True,Final,0.5302,0.4698,0.5302,1,1,2,1,All Years Model,,,,,,,,,,,,,,,,,
2026-08-21,823101,Seattle Mariners,Chicago Cubs,Seattle Mariners,Seattle Mariners,1,True,Final,0.5371,0.4629,0.5371,1,1,6,5,All Years Model,,,,,,,,,,,,,,,,,
2026-08-21,823262,San Diego Padres,Minnesota Twins,San Diego Padres,San Diego Padres,1,True,Final,0.5524,0.4476,0.5524,1,1,6,2,All Years Model,,,,,,,,,,,,,,,,,
2026-08-21,823420,Philadelphia Phillies,St. Louis Cardinals,St. Louis Cardinals,Philadelphia Phillies,0,True,Final,0.5171,0.4829,0.5171,0,1,7,6,All Years Model,,,,,,,,,,,,,,,,,
2026-08-21,823510,New York Yankees,Toronto Blue Jays,New York Yankees,New York Yankees,1,True,Final,0.5621,0.4379,0.5621,1,1,3,1,All Years Model,,,,,,,,,,,,,,,,,
2026-08-21,823746,Milwaukee Brewers,Atlanta Braves,Atlanta Braves,Milwaukee Brewers,0,True,Final,0.5179,0.4821,0.5179,0,1,2,1,All Years Model,,,,,,,,,,,,,,,,,
2026-08-21,823830,Miami Marlins,Washington Nationals,Washington Nationals,Miami Marlins,0,True,Final,0.4842,0.5158,0.5158,0,1,3,2,All Years Model,,,,,,,,,,,,,,,,,
2026-08-21,823911,Los Angeles Dodgers,Pittsburgh Pirates,Los Angeles Dodgers,Los Angeles Dodgers,1,True,Final,0.5764,0.4236,0.5764,1,1,5,4,All Years Model,,,,,,,,,,,,,,,,,
2026-08-21,824072,Kansas City Royals,Detroit Tigers,Detroit Tigers,Kansas City Royals,0,True,Final,0.4984,0.5016,0.5016,0,1,5,2,All Years Model,,,,,,,,,,,,,,,,,
2026-08-21,824152,Houston Astros,Athletics,Houston Astros,Houston Astros,1,True,Final,0.5782,0.4218,0.5782,1,1,4,0,All Years Model,,,,,,,,,,,,,,,,,
2026-08-21,824317,Colorado Rockies,Cleveland Guardians,Cleveland Guardians,Cleveland Guardians,1,True,Final,0.5002,0.4998,0.5002,0,0,1,9,All Years Model,,,,,,,,,,,,,,,,,
2026-08-21,824559,Chicago White Sox,New York Mets,Chicago White Sox,Chicago White Sox,1,True,Final,0.525,0.475,0.525,1,1,6,4,All Years Model,,,,,,,,,,,,,,,,,
2026-08-21,824721,Boston Red Sox,San Francisco Giants,Boston Red Sox,Boston Red Sox,1,True,Final,0.5586,0.4414,0.5586,1,1,6,4,All Years Model,,,,,,,,,,,,,,,,,
2026-08-21,824800,Baltimore Orioles,Tampa Bay Rays,Tampa Bay Rays,Baltimore Orioles,0,True,Final,0.5045,0.4955,0.5045,0,1,5,3,All Years Model,,,,,,,,,,,,,,,,,
2026-08-21,825045,Arizona Diamondbacks,Cincinnati Reds,Arizona Diamondbacks,Arizona Diamondbacks,1,True,Final,0.5476,0.4524,0.5476,1,1,9,0,All Years Model,,,,,,,,,,,,,,,,,
2026-08-22,822858,Texas Rangers,Los Angeles Angels,Texas Rangers,Los Angeles Angels,0,True,Final,0.5521,0.4479,0.5521,1,0,0,3,All Years Model,,,,,,,,,,,,,,,,not_placed,
2026-08-22,823100,Seattle Mariners,Chicago Cubs,Seattle Mariners,Seattle Mariners,1,True,Final,0.5329,0.4671,0.5329,1,1,5,4,All Years Model,,,,,,,,,,,,,,,,not_placed,
2026-08-22,823261,San Diego Padres,Minnesota Twins,San Diego Padres,San Diego Padres,1,True,Final,0.539,0.461,0.539,1,1,7,5,All Years Model,,,,,,,,,,,,,,,,not_placed,
2026-08-22,823422,Philadelphia Phillies,St. Louis Cardinals,Philadelphia Phillies,Philadelphia Phillies,1,True,Final,0.5201,0.4799,0.5201,1,1,12,3,All Years Model,,,,,,,,,,,,,,,,not_placed,
2026-08-22,823509,New York Yankees,Toronto Blue Jays,New York Yankees,Toronto Blue Jays,0,True,Final,0.5242,0.4758,0.5242,1,0,3,4,All Years Model,,,,,,,,,,,,,,,,not_placed,
2026-08-22,823743,Milwaukee Brewers,Atlanta Braves,Milwaukee Brewers,Milwaukee Brewers,1,True,Final,0.5235,0.4765,0.5235,1,1,4,1,All Years Model,,,,,,,,,,,,,,,,not_placed,
2026-08-22,823831,Miami Marlins,Washington Nationals,Washington Nationals,Miami Marlins,0,True,Final,0.5154,0.4846,0.5154,0,1,4,2,All Years Model,,,,,,,,,,,,,,,,not_placed,
2026-08-22,823910,Los Angeles Dodgers,Pittsburgh Pirates,Los Angeles Dodgers,Los Angeles Dodgers,1,True,Final,0.5893,0.4107,0.5893,1,1,4,3,All Years Model,,,,,,,,,,,,,,,,not_placed,
2026-08-22,824073,Kansas City Royals,Detroit Tigers,Detroit Tigers,Kansas City Royals,0,True,Final,0.5167,0.4833,0.5167,0,1,3,1,All Years Model,,,,,,,,,,,,,,,,not_placed,
2026-08-22,824151,Houston Astros,Athletics,Houston Astros,Athletics,0,True,Final,0.6054,0.3946,0.6054,1,0,3,4,All Years Model,,,,,,,,,,,,,,,,not_placed,
2026-08-22,824316,Colorado Rockies,Cleveland Guardians,Cleveland Guardians,Cleveland Guardians,1,True,Final,0.5157,0.4843,0.5157,0,0,3,4,All Years Model,,,,,,,,,,,,,,,,not_placed,
2026-08-22,824560,Chicago White Sox,New York Mets,New York Mets,New York Mets,1,True,Final,0.5171,0.4829,0.5171,0,0,5,10,All Years Model,,,,,,,,,,,,,,,,not_placed,
2026-08-22,824718,Boston Red Sox,San Francisco Giants,Boston Red Sox,Boston Red Sox,1,True,Final,0.5787,0.4213,0.5787,1,1,3,2,All Years Model,,,,,,,,,,,,,,,,not_placed,
2026-08-22,824798,Baltimore Orioles,Tampa Bay Rays,Tampa Bay Rays,Baltimore Orioles,0,True,Final,0.498,0.502,0.502,0,1,3,2,All Years Model,,,,,,,,,,,,,,,,not_placed,
2026-08-22,825044,Arizona Diamondbacks,Cincinnati Reds,Arizona Diamondbacks,Cincinnati Reds,0,True,Final,0.5493,0.4507,0.5493,1,0,5,11,All Years Model,,,,,,,,,,,,,,,,not_placed,
2026-08-23,822856,Texas Rangers,Los Angeles Angels,Los Angeles Angels,Texas Rangers,0,True,Final,0.5174,0.4826,0.5174,0,1,5,3,All Years Model,2026-08-23T18:35:00Z,,,,,,,,,,,,,,,not_placed,
2026-08-23,823099,Seattle Mariners,Chicago Cubs,Seattle Mariners,Chicago Cubs,0,True,Final,0.5354,0.4646,0.5354,1,0,2,19,All Years Model,2026-08-23T20:10:00Z,,,,,,,,,,,,,,,not_placed,
2026-08-23,823258,San Diego Padres,Minnesota Twins,San Diego Padres,San Diego Padres,1,True,Final,0.544,0.456,0.544,1,1,8,1,All Years Model,2026-08-23T20:10:00Z,,,,,,,,,,,,,,,not_placed,
2026-08-23,823421,Philadelphia Phillies,St. Louis Cardinals,Philadelphia Phillies,Philadelphia Phillies,1,True,Final,0.522,0.478,0.522,1,1,6,4,All Years Model,2026-08-23T17:35:00Z,,,,,,,,,,,,,,,not_placed,
2026-08-23,823507,New York Yankees,Toronto Blue Jays,New York Yankees,New York Yankees,1,True,Final,0.552,0.448,0.552,1,1,8,3,All Years Model,2026-08-23T17:35:00Z,,,,,,,,,,,,,,,not_placed,
2026-08-23,823745,Milwaukee Brewers,Atlanta Braves,Atlanta Braves,Atlanta Braves,1,True,Final,0.514,0.486,0.514,0,0,2,4,All Years Model,2026-08-23T23:10:00Z,,,,,,,,,,,,,,,not_placed,
2026-08-23,823827,Miami Marlins,Washington Nationals,Washington Nationals,Miami Marlins,0,True,Final,0.4976,0.5024,0.5024,0,1,6,2,All Years Model,2026-08-23T17:40:00Z,,,,,,,,,,,,,,,not_placed,
2026-08-23,823909,Los Angeles Dodgers,Pittsburgh Pirates,Los Angeles Dodgers,Los Angeles Dodgers,1,True,Final,0.5773,0.4227,0.5773,1,1,4,0,All Years Model,2026-08-23T20:10:00Z,,,,,,,,,,,,,,,not_placed,
2026-08-23,824071,Kansas City Royals,Detroit Tigers,Kansas City Royals,Kansas City Royals,1,True,Final,0.5494,0.4506,0.5494,1,1,11,7,All Years Model,2026-08-23T18:10:00Z,,,,,,,,,,,,,,,not_placed,
2026-08-23,824150,Houston Astros,Athletics,Houston Astros,Athletics,0,True,Final,0.5709,0.4291,0.5709,1,0,6,7,All Years Model,2026-08-23T18:10:00Z,,,,,,,,,,,,,,,not_placed,
2026-08-23,824315,Colorado Rockies,Cleveland Guardians,Cleveland Guardians,Cleveland Guardians,1,True,Final,0.4809,0.5191,0.5191,0,0,2,7,All Years Model,2026-08-23T19:10:00Z,,,,,,,,,,,,,,,not_placed,
2026-08-23,824558,Chicago White Sox,New York Mets,New York Mets,Chicago White Sox,0,True,Final,0.5132,0.4868,0.5132,0,1,2,1,All Years Model,2026-08-23T18:10:00Z,,,,,,,,,,,,,,,not_placed,
2026-08-23,824720,Boston Red Sox,San Francisco Giants,Boston Red Sox,Boston Red Sox,1,True,Final,0.5411,0.4589,0.5411,1,1,5,4,All Years Model,2026-08-23T19:15:00Z,,,,,,,,,,,,,,,not_placed,
2026-08-23,824799,Baltimore Orioles,Tampa Bay Rays,Tampa Bay Rays,Tampa Bay Rays,1,True,Final,0.4894,0.5106,0.5106,0,0,1,3,All Years Model,2026-08-23T17:35:00Z,,,,,,,,,,,,,,,not_placed,
2026-08-23,825043,Arizona Diamondbacks,Cincinnati Reds,Arizona Diamondbacks,Arizona Diamondbacks,1,True,Final,0.5664,0.4336,0.5664,1,1,5,3,All Years Model,2026-08-23T20:15:00Z,,,,,,,,,,,,,,,not_placed,
2026-08-24,822695,Washington Nationals,Colorado Rockies,Washington Nationals,Washington Nationals,1,True,Final,0.5875,0.4125,0.5875,1,1,13,3,All Years Model,2026-08-24T22:45:00Z,FanDuel,-144.0,122.0,2026-08-25T03:59:39Z,2026-08-25T04:00:16.404023Z,,,,,,,,,,not_placed,
2026-08-24,823097,Seattle Mariners,Philadelphia Phillies,Philadelphia Phillies,Seattle Mariners,0,True,Final,0.5146,0.4854,0.5146,0,1,9,2,All Years Model,2026-08-25T01:40:00Z,FanDuel,-118.0,100.0,2026-08-25T03:59:39Z,2026-08-25T04:00:16.404023Z,102.0,-112.0,2026-08-24T23:58:28Z,2026-08-24T23:59:03.099744Z,100.0,Philadelphia Phillies,-112.0,FanDuel,2026-08-24T23:59:04.407669Z,lost,-100.0
2026-08-24,823183,San Francisco Giants,Cincinnati Reds,San Francisco Giants,San Francisco Giants,1,True,Final,0.5363,0.4637,0.5363,1,1,5,0,All Years Model,2026-08-25T01:45:00Z,FanDuel,-112.0,-104.0,2026-08-25T03:59:39Z,2026-08-25T04:00:16.404023Z,150.0,-164.0,2026-08-24T23:58:28Z,2026-08-24T23:59:03.099744Z,100.0,San Francisco Giants,150.0,FanDuel,2026-08-24T23:59:04.536684Z,won,150.0
2026-08-24,823260,San Diego Padres,Pittsburgh Pirates,San Diego Padres,Pittsburgh Pirates,0,True,Final,0.5551,0.4449,0.5551,1,0,2,3,All Years Model,2026-08-25T01:40:00Z,FanDuel,210.0,-240.0,2026-08-25T03:59:39Z,2026-08-25T04:00:16.404023Z,-112.0,102.0,2026-08-24T23:58:28Z,2026-08-24T23:59:03.099744Z,100.0,San Diego Padres,-112.0,FanDuel,2026-08-24T23:59:04.114136Z,lost,-100.0
2026-08-24,823828,Miami Marlins,Boston Red Sox,Boston Red Sox,Boston Red Sox,1,True,Final,0.4745,0.5255,0.5255,0,0,2,4,All Years Model,2026-08-24T22:40:00Z,FanDuel,134.0,-158.0,2026-08-25T03:59:39Z,2026-08-25T04:00:16.404023Z,,,,,,,,,,not_placed,
2026-08-24,823992,Los Angeles Angels,Cleveland Guardians,Cleveland Guardians,Cleveland Guardians,1,True,Final,0.5014,0.4986,0.5014,0,0,2,4,All Years Model,2026-08-25T01:38:00Z,FanDuel,120.0,-142.0,2026-08-25T03:59:39Z,2026-08-25T04:00:16.404023Z,146.0,-158.0,2026-08-24T23:58:28Z,2026-08-24T23:59:03.099744Z,100.0,Cleveland Guardians,-158.0,FanDuel,2026-08-24T23:59:03.870046Z,won,63.29
2026-08-24,824235,Detroit Tigers,Tampa Bay Rays,Tampa Bay Rays,Tampa Bay Rays,1,True,Final,0.487,0.513,0.513,0,0,1,4,All Years Model,2026-08-24T22:40:00Z,FanDuel,108.0,-126.0,2026-08-25T03:59:39Z,2026-08-25T04:00:16.404023Z,,,,,,,,,,not_placed,
2026-08-24,824557,Chicago White Sox,Texas Rangers,Chicago White Sox,Texas Rangers,0,True,Final,0.5435,0.4565,0.5435,1,0,2,11,All Years Model,2026-08-24T23:40:00Z,FanDuel,102.0,-120.0,2026-08-25T03:59:39Z,2026-08-25T04:00:16.404023Z,,,,,,,,,,not_placed,
2026-08-24,824964,Athletics,Minnesota Twins,Athletics,Minnesota Twins,0,True,Final,0.5209,0.4791,0.5209,1,0,6,9,All Years Model,2026-08-25T01:40:00Z,FanDuel,126.0,-148.0,2026-08-25T03:59:39Z,2026-08-25T04:00:16.404023Z,130.0,-140.0,2026-08-24T23:58:28Z,2026-08-24T23:59:03.099744Z,100.0,Athletics,130.0,FanDuel,2026-08-24T23:59:04.262157Z,lost,-100.0
2026-08-24,825041,Arizona Diamondbacks,Chicago Cubs,Arizona Diamondbacks,Chicago Cubs,0,True,Final,0.5548,0.4452,0.5548,1,0,0,7,All Years Model,2026-08-25T01:40:00Z,FanDuel,-108.0,-108.0,2026-08-25T03:59:39Z,2026-08-25T04:00:16.404023Z,126.0,-138.0,2026-08-24T23:58:28Z,2026-08-24T23:59:03.099744Z,100.0,Arizona Diamondbacks,126.0,FanDuel,2026-08-24T23:59:03.996621Z,lost,-100.0
2026-08-25,822693,Washington Nationals,Colorado Rockies,Washington Nationals,Colorado Rockies,0,True,Final,0.5771,0.4229,0.5771,1,0,1,3,All Years Model,2026-08-25T22:45:00Z,FanDuel,-120.0,102.0,2026-08-26T04:07:14Z,2026-08-26T04:07:21.582497Z,-164.0,150.0,2026-08-25T22:05:25Z,2026-08-25T22:05:26.364005Z,100.0,Washington Nationals,-144.0,FanDuel,2026-08-25T05:00:24.344231Z,lost,-100.0
2026-08-25,822773,Toronto Blue Jays,Kansas City Royals,Toronto Blue Jays,Kansas City Royals,0,True,Final,0.5457,0.4543,0.5457,1,0,3,5,All Years Model,2026-08-25T23:07:00Z,FanDuel,-132.0,112.0,2026-08-26T04:07:14Z,2026-08-26T04:07:21.582497Z,-126.0,116.0,2026-08-25T22:05:25Z,2026-08-25T22:05:26.364005Z,100.0,Toronto Blue Jays,-122.0,FanDuel,2026-08-25T05:00:24.631763Z,lost,-100.0
2026-08-25,823016,St. Louis Cardinals,Baltimore Orioles,St. Louis Cardinals,Baltimore Orioles,0,True,Final,0.5427,0.4573,0.5427,1,0,1,13,All Years Model,2026-08-25T23:45:00Z,FanDuel,-108.0,-108.0,2026-08-26T04:07:14Z,2026-08-26T04:07:21.582497Z,-128.0,120.0,2026-08-25T22:05:25Z,2026-08-25T22:05:26.364005Z,100.0,St. Louis Cardinals,-132.0,FanDuel,2026-08-25T05:00:25.221830Z,lost,-100.0
2026-08-25,823098,Seattle Mariners,Philadelphia Phillies,Seattle Mariners,Seattle Mariners,1,True,Final,0.5227,0.4773,0.5227,1,1,4,1,All Years Model,2026-08-26T01:40:00Z,FanDuel,108.0,-126.0,2026-08-26T04:07:14Z,2026-08-26T04:07:21.582497Z,-112.0,102.0,2026-08-26T00:05:37Z,2026-08-26T00:06:21.086334Z,100.0,Seattle Mariners,-118.0,FanDuel,2026-08-25T05:00:25.978267Z,won,84.75
2026-08-25,823181,San Francisco Giants,Cincinnati Reds,San Francisco Giants,San Francisco Giants,1,True,Final,0.5519,0.4481,0.5519,1,1,3,1,All Years Model,2026-08-26T01:45:00Z,FanDuel,-112.0,-104.0,2026-08-26T04:07:14Z,2026-08-26T04:07:21.582497Z,-106.0,-102.0,2026-08-26T00:05:37Z,2026-08-26T00:06:21.086334Z,100.0,San Francisco Giants,-112.0,FanDuel,2026-08-25T05:00:26.114776Z,won,89.29
2026-08-25,823259,San Diego Padres,Pittsburgh Pirates,San Diego Padres,Pittsburgh Pirates,0,True,Final,0.5492,0.4508,0.5492,1,0,0,1,All Years Model,2026-08-26T01:40:00Z,FanDuel,850.0,-1050.0,2026-08-26T04:04:01Z,2026-08-26T04:07:21.582497Z,-128.0,120.0,2026-08-26T00:05:37Z,2026-08-26T00:06:21.086334Z,100.0,San Diego Padres,-112.0,FanDuel,2026-08-25T05:00:25.683738Z,lost,-100.0
2026-08-25,823505,New York Yankees,Houston Astros,New York Yankees,Houston Astros,0,True,Final,0.5513,0.4487,0.5513,1,0,7,9,All Years Model,2026-08-25T23:05:00Z,FanDuel,470.0,-600.0,2026-08-26T02:04:46Z,2026-08-26T02:06:30.974011Z,-138.0,128.0,2026-08-25T22:05:25Z,2026-08-25T22:05:26.364005Z,100.0,New York Yankees,-142.0,FanDuel,2026-08-25T05:00:24.487253Z,lost,-100.0
2026-08-25,823585,New York Mets,Milwaukee Brewers,New York Mets,New York Mets,1,True,Final,0.5338,0.4662,0.5338,1,1,3,2,All Years Model,2026-08-25T23:10:00Z,FanDuel,130.0,-154.0,2026-08-26T04:07:14Z,2026-08-26T04:07:21.582497Z,144.0,-156.0,2026-08-25T22:05:25Z,2026-08-25T22:05:26.364005Z,100.0,New York Mets,136.0,FanDuel,2026-08-25T05:00:24.784780Z,won,136.0
2026-08-25,823826,Miami Marlins,Boston Red Sox,Boston Red Sox,Boston Red Sox,1,True,Final,0.4667,0.5333,0.5333,0,0,3,7,All Years Model,2026-08-25T22:40:00Z,FanDuel,130.0,-154.0,2026-08-26T04:07:14Z,2026-08-26T04:07:21.582497Z,132.0,-142.0,2026-08-25T22:05:25Z,2026-08-25T22:05:26.364005Z,100.0,Boston Red Sox,-158.0,FanDuel,2026-08-25T05:00:24.201720Z,won,63.29
2026-08-25,823989,Los Angeles Angels,Cleveland Guardians,Los Angeles Angels,Cleveland Guardians,0,True,Final,0.537,0.463,0.537,1,0,6,8,All Years Model,2026-08-26T01:38:00Z,FanDuel,-280.0,240.0,2026-08-26T04:07:14Z,2026-08-26T04:07:21.582497Z,130.0,-140.0,2026-08-26T00:05:37Z,2026-08-26T00:06:21.086334Z,100.0,Los Angeles Angels,120.0,FanDuel,2026-08-25T05:00:25.365849Z,lost,-100.0
2026-08-25,824233,Detroit Tigers,Tampa Bay Rays,Tampa Bay Rays,Detroit Tigers,0,True,Final,0.5004,0.4996,0.5004,0,1,4,1,All Years Model,2026-08-25T22:40:00Z,FanDuel,-120.0,102.0,2026-08-26T04:07:14Z,2026-08-26T04:07:21.582497Z,116.0,-126.0,2026-08-25T22:05:25Z,2026-08-25T22:05:26.364005Z,100.0,Tampa Bay Rays,-126.0,FanDuel,2026-08-25T05:00:24.049139Z,lost,-100.0
2026-08-25,824556,Chicago White Sox,Texas Rangers,Chicago White Sox,Chicago White Sox,1,True,Final,0.5278,0.4722,0.5278,1,1,11,7,All Years Model,2026-08-25T23:40:00Z,FanDuel,-130.0,110.0,2026-08-26T04:07:14Z,2026-08-26T04:07:21.582497Z,100.0,-110.0,2026-08-25T22:05:25Z,2026-08-25T22:05:26.364005Z,100.0,Chicago White Sox,102.0,FanDuel,2026-08-25T05:00:25.067316Z,won,102.0
2026-08-25,824881,Atlanta Braves,Los Angeles Dodgers,Los Angeles Dodgers,Atlanta Braves,0,True,Final,0.5116,0.4884,0.5116,0,1,4,3,All Years Model,2026-08-25T23:15:00Z,FanDuel,110.0,-130.0,2026-08-26T04:07:14Z,2026-08-26T04:07:21.582497Z,138.0,-148.0,2026-08-25T22:05:25Z,2026-08-25T22:05:26.364005Z,100.0,Los Angeles Dodgers,-148.0,FanDuel,2026-08-25T05:00:24.927293Z,lost,-100.0
2026-08-25,824962,Athletics,Minnesota Twins,Minnesota Twins,Athletics,0,True,Final,0.4891,0.5109,0.5109,0,1,4,2,All Years Model,2026-08-26T01:40:00Z,FanDuel,-20000.0,8000.0,2026-08-26T04:07:14Z,2026-08-26T04:07:21.582497Z,134.0,-144.0,2026-08-26T00:05:37Z,2026-08-26T00:06:21.086334Z,100.0,Minnesota Twins,-148.0,FanDuel,2026-08-25T05:00:25.831250Z,lost,-100.0
2026-08-25,825042,Arizona Diamondbacks,Chicago Cubs,Arizona Diamondbacks,Arizona Diamondbacks,1,True,Final,0.5489,0.4511,0.5489,1,1,5,4,All Years Model,2026-08-26T01:40:00Z,FanDuel,480.0,-600.0,2026-08-26T04:07:14Z,2026-08-26T04:07:21.582497Z,-102.0,-106.0,2026-08-26T00:05:37Z,2026-08-26T00:06:21.086334Z,100.0,Arizona Diamondbacks,-108.0,FanDuel,2026-08-25T05:00:25.526361Z,won,92.59
2026-08-26,822692,Washington Nationals,Colorado Rockies,Washington Nationals,Colorado Rockies,0,True,Final,0.5909,0.4091,0.5909,1,0,1,13,All Years Model,2026-08-26T22:45:00Z,FanDuel,-118.0,100.0,2026-08-27T04:12:09Z,2026-08-27T04:12:27.533835Z,-132.0,122.0,2026-08-26T22:09:03Z,2026-08-26T22:09:31.426112Z,100.0,Washington Nationals,-120.0,FanDuel,2026-08-26T05:00:20.315978Z,lost,-100.0
2026-08-26,822772,Toronto Blue Jays,Kansas City Royals,Toronto Blue Jays,Toronto Blue Jays,1,True,Final,0.5608,0.4392,0.5608,1,1,3,0,All Years Model,2026-08-26T23:07:00Z,FanDuel,-106.0,-110.0,2026-08-27T04:12:09Z,2026-08-27T04:12:27.533835Z,-148.0,138.0,2026-08-26T22:09:03Z,2026-08-26T22:09:31.426112Z,100.0,Toronto Blue Jays,-132.0,FanDuel,2026-08-26T05:00:20.626395Z,won,75.76
2026-08-26,823015,St. Louis Cardinals,Baltimore Orioles,St. Louis Cardinals,Baltimore Orioles,0,True,Final,0.5464,0.4536,0.5464,1,0,7,8,All Years Model,2026-08-26T23:45:00Z,FanDuel,100.0,-118.0,2026-08-27T04:12:09Z,2026-08-27T04:12:27.533835Z,100.0,-108.0,2026-08-26T22:09:04Z,2026-08-26T22:09:31.426112Z,100.0,St. Louis Cardinals,-108.0,FanDuel,2026-08-26T05:00:21.208829Z,lost,-100.0
2026-08-26,823096,Seattle Mariners,Philadelphia Phillies,Seattle Mariners,Philadelphia Phillies,0,True,Final,0.5221,0.4779,0.5221,1,0,0,6,All Years Model,2026-08-26T20:10:00Z,FanDuel,120.0,-130.0,2026-08-26T20:09:04Z,2026-08-26T20:09:30.556784Z,116.0,-126.0,2026-08-26T18:09:15Z,2026-08-26T18:09:29.020219Z,100.0,Seattle Mariners,108.0,FanDuel,2026-08-26T05:00:20.002355Z,lost,-100.0
2026-08-26,823180,San Francisco Giants,Cincinnati Reds,San Francisco Giants,Cincinnati Reds,0,True,Final,0.5649,0.4351,0.5649,1,0,9,10,All Years Model,2026-08-26T19:45:00Z,FanDuel,-2400.0,1800.0,2026-08-26T22:09:03Z,2026-08-26T22:09:31.426112Z,-118.0,110.0,2026-08-26T18:09:15Z,2026-08-26T18:09:29.020219Z,100.0,San Francisco Giants,-112.0,FanDuel,2026-08-26T05:00:19.574809Z,lost,-100.0
2026-08-26,823255,San Diego Padres,Pittsburgh Pirates,San Diego Padres,San Diego Padres,1,True,Final,0.5534,0.4466,0.5534,1,1,3,0,All Years Model,2026-08-26T20:10:00Z,FanDuel,-280.0,240.0,2026-08-26T22:09:03Z,2026-08-26T22:09:31.426112Z,-130.0,120.0,2026-08-26T18:09:15Z,2026-08-26T18:09:29.020219Z,100.0,San Diego Padres,-126.0,FanDuel,2026-08-26T05:00:19.854337Z,won,79.37
2026-08-26,823506,New York Yankees,Houston Astros,New York Yankees,New York Yankees,1,True,Final,0.5639,0.4361,0.5639,1,1,9,3,All Years Model,2026-08-26T23:05:00Z,FanDuel,-152.0,128.0,2026-08-27T04:12:09Z,2026-08-27T04:12:27.533835Z,-118.0,110.0,2026-08-26T22:09:03Z,2026-08-26T22:09:31.426112Z,100.0,New York Yankees,-130.0,FanDuel,2026-08-26T06:07:27.236671Z,won,76.92
2026-08-26,823584,New York Mets,Milwaukee Brewers,New York Mets,Milwaukee Brewers,0,True,Final,0.5316,0.4684,0.5316,1,0,1,8,All Years Model,2026-08-26T23:10:00Z,FanDuel,180.0,-215.0,2026-08-27T04:12:09Z,2026-08-27T04:12:27.533835Z,138.0,-148.0,2026-08-26T22:09:03Z,2026-08-26T22:09:31.426112Z,100.0,New York Mets,130.0,FanDuel,2026-08-26T05:00:20.783904Z,lost,-100.0
2026-08-26,823825,Miami Marlins,Boston Red Sox,Boston Red Sox,Miami Marlins,0,True,Final,0.4504,0.5496,0.5496,0,1,4,0,All Years Model,2026-08-26T22:40:00Z,FanDuel,-380.0,320.0,2026-08-27T00:10:13Z,2026-08-27T00:10:32.529784Z,116.0,-126.0,2026-08-26T22:09:03Z,2026-08-26T22:09:31.426112Z,100.0,Boston Red Sox,-154.0,FanDuel,2026-08-26T05:00:20.154865Z,lost,-100.0
2026-08-26,823988,Los Angeles Angels,Cleveland Guardians,Cleveland Guardians,Cleveland Guardians,1,True,Final,0.5014,0.4986,0.5014,0,0,3,4,All Years Model,2026-08-26T20:07:00Z,FanDuel,-370.0,320.0,2026-08-26T22:09:04Z,2026-08-26T22:09:31.426112Z,124.0,-134.0,2026-08-26T18:09:15Z,2026-08-26T18:09:29.020219Z,100.0,Cleveland Guardians,-136.0,FanDuel,2026-08-26T05:00:19.714828Z,won,73.53
2026-08-26,824234,Detroit Tigers,Tampa Bay Rays,Detroit Tigers,Tampa Bay Rays,0,True,Final,0.5259,0.4741,0.5259,1,0,0,3,All Years Model,2026-08-26T17:10:00Z,FanDuel,270.0,-310.0,2026-08-26T18:09:15Z,2026-08-26T18:09:29.020219Z,-114.0,104.0,2026-08-26T16:09:05Z,2026-08-26T16:09:23.051321Z,100.0,Detroit Tigers,-120.0,FanDuel,2026-08-26T05:00:19.274281Z,lost,-100.0
2026-08-26,824555,Chicago White Sox,Texas Rangers,Chicago White Sox,Chicago White Sox,1,True,Final,0.5462,0.4538,0.5462,1,1,10,4,All Years Model,2026-08-26T23:40:00Z,FanDuel,-6000.0,4100.0,2026-08-27T02:11:14Z,2026-08-27T02:11:30.927259Z,-120.0,110.0,2026-08-26T22:09:03Z,2026-08-26T22:09:31.426112Z,100.0,Chicago White Sox,-130.0,FanDuel,2026-08-26T05:00:21.067807Z,won,76.92
2026-08-26,824878,Atlanta Braves,Los Angeles Dodgers,Atlanta Braves,Atlanta Braves,1,True,Final,0.5352,0.4648,0.5352,1,1,6,5,All Years Model,2026-08-26T23:15:00Z,FanDuel,-118.0,100.0,2026-08-27T04:12:09Z,2026-08-27T04:12:27.533835Z,112.0,-122.0,2026-08-26T22:09:03Z,2026-08-26T22:09:31.426112Z,100.0,Atlanta Braves,110.0,FanDuel,2026-08-26T05:00:20.916417Z,won,110.0
2026-08-26,824963,Athletics,Minnesota Twins,Athletics,Athletics,1,True,Final,0.5273,0.4727,0.5273,1,1,7,4,All Years Model,2026-08-27T01:05:00Z,FanDuel,165.0,-185.0,2026-08-27T02:11:14Z,2026-08-27T02:11:30.927259Z,122.0,-130.0,2026-08-27T00:10:13Z,2026-08-27T00:10:32.529784Z,100.0,Athletics,120.0,FanDuel,2026-08-26T05:00:21.364346Z,won,120.0
2026-08-26,825039,Arizona Diamondbacks,Chicago Cubs,Arizona Diamondbacks,Arizona Diamondbacks,1,True,Final,0.5619,0.4381,0.5619,1,1,2,0,All Years Model,2026-08-26T19:40:00Z,FanDuel,-120.0,105.0,2026-08-26T20:09:04Z,2026-08-26T20:09:30.556784Z,100.0,-110.0,2026-08-26T18:09:15Z,2026-08-26T18:09:29.020219Z,100.0,Arizona Diamondbacks,-108.0,FanDuel,2026-08-26T05:00:19.417298Z,won,92.59
2026-08-27,822694,Washington Nationals,Colorado Rockies,Washington Nationals,Washington Nationals,1,True,Final,0.5631,0.4369,0.5631,1,1,7,1,All Years Model,2026-08-27T17:05:00Z,FanDuel,-270.0,230.0,2026-08-27T18:17:07Z,2026-08-27T18:17:17.776213Z,-138.0,126.0,2026-08-27T16:16:45Z,2026-08-27T16:17:16.831325Z,100.0,Washington Nationals,-118.0,FanDuel,2026-08-27T05:00:30.388404Z,won,84.75
2026-08-27,822771,Toronto Blue Jays,Kansas City Royals,Kansas City Royals,Kansas City Royals,1,True,Final,0.5198,0.4802,0.5198,0,0,2,13,All Years Model,2026-08-27T23:07:00Z,FanDuel,700.0,-900.0,2026-08-28T00:17:53Z,2026-08-28T00:18:22.382048Z,-102.0,-106.0,2026-08-27T22:17:20Z,2026-08-27T22:17:30.518121Z,100.0,Toronto Blue Jays,-106.0,FanDuel,2026-08-27T05:00:30.822964Z,lost,-100.0
2026-08-27,823014,St. Louis Cardinals,Baltimore Orioles,St. Louis Cardinals,St. Louis Cardinals,1,True,Final,0.5694,0.4306,0.5694,1,1,7,5,All Years Model,2026-08-27T18:15:00Z,FanDuel,-650.0,500.0,2026-08-27T20:16:52Z,2026-08-27T20:17:29.020047Z,116.0,-126.0,2026-08-27T16:16:45Z,2026-08-27T16:17:16.831325Z,100.0,St. Louis Cardinals,100.0,FanDuel,2026-08-27T05:00:30.527426Z,won,100.0
2026-08-27,823179,San Francisco Giants,Arizona Diamondbacks,San Francisco Giants,San Francisco Giants,1,True,Final,0.529,0.471,0.529,1,1,6,1,All Years Model,2026-08-28T01:45:00Z,FanDuel,-4000.0,3000.0,2026-08-28T04:19:08Z,2026-08-28T04:19:21.669871Z,110.0,-118.0,2026-08-28T00:17:53Z,2026-08-28T00:18:22.382048Z,100.0,Arizona Diamondbacks,-116.0,FanDuel,2026-08-27T05:00:31.264009Z,lost,-100.0
2026-08-27,823503,New York Yankees,Houston Astros,New York Yankees,Houston Astros,0,True,Final,0.583,0.417,0.583,1,0,1,5,All Years Model,2026-08-27T23:05:00Z,FanDuel,105.0,-120.0,2026-08-28T00:17:53Z,2026-08-28T00:18:22.382048Z,-150.0,140.0,2026-08-27T22:17:20Z,2026-08-27T22:17:30.518121Z,100.0,New York Yankees,-152.0,FanDuel,2026-08-27T05:00:30.678940Z,lost,-100.0
2026-08-27,823581,New York Mets,Milwaukee Brewers,New York Mets,Milwaukee Brewers,0,True,Final,0.5356,0.4644,0.5356,1,0,2,8,All Years Model,2026-08-27T23:10:00Z,FanDuel,1900.0,-2400.0,2026-08-28T00:17:53Z,2026-08-28T00:18:22.382048Z,174.0,-186.0,2026-08-27T22:17:20Z,2026-08-27T22:17:30.518121Z,100.0,New York Mets,180.0,FanDuel,2026-08-27T05:00:30.957479Z,lost,-100.0
2026-08-27,824879,Atlanta Braves,Los Angeles Dodgers,Los Angeles Dodgers,Atlanta Braves,0,True,Final,0.5171,0.4829,0.5171,0,1,1,0,All Years Model,2026-08-27T23:15:00Z,FanDuel,-230.0,200.0,2026-08-28T00:17:53Z,2026-08-28T00:18:22.382048Z,-114.0,104.0,2026-08-27T22:17:20Z,2026-08-27T22:17:30.518121Z,100.0,Atlanta Braves,-118.0,FanDuel,2026-08-27T05:00:31.106500Z,won,84.75
2026-08-28,822691,Washington Nationals,Miami Marlins,Miami Marlins,Washington Nationals,0,True,Final,0.499,0.501,0.501,0,1,9,2,All Years Model,2026-08-28T22:45:00Z,FanDuel,-112.0,-104.0,2026-08-29T03:14:15Z,2026-08-29T03:14:37.687796Z,122.0,-132.0,2026-08-28T21:12:42Z,2026-08-28T21:12:55.751263Z,100.0,Washington Nationals,132.0,FanDuel,2026-08-28T05:00:26.476967Z,won,132.0
2026-08-28,822769,Toronto Blue Jays,Seattle Mariners,Toronto Blue Jays,Toronto Blue Jays,1,True,Final,0.5453,0.4547,0.5453,1,1,8,1,All Years Model,2026-08-28T23:15:00Z,FanDuel,-126.0,108.0,2026-08-29T03:14:15Z,2026-08-29T03:14:37.687796Z,-138.0,128.0,2026-08-28T21:12:42Z,2026-08-28T21:12:55.751263Z,100.0,Toronto Blue Jays,-138.0,FanDuel,2026-08-28T21:12:56.967821Z,won,72.46
2026-08-28,822935,Tampa Bay Rays,San Diego Padres,Tampa Bay Rays,Tampa Bay Rays,1,True,Final,0.5379,0.4621,0.5379,1,1,9,4,All Years Model,2026-08-28T23:10:00Z,FanDuel,-130.0,110.0,2026-08-29T03:14:15Z,2026-08-29T03:14:37.687796Z,-122.0,112.0,2026-08-28T21:12:43Z,2026-08-28T21:12:55.751263Z,100.0,Tampa Bay Rays,-134.0,FanDuel,2026-08-28T05:00:26.925442Z,won,74.63
2026-08-28,823013,St. Louis Cardinals,Pittsburgh Pirates,St. Louis Cardinals,St. Louis Cardinals,1,True,Final,0.5703,0.4297,0.5703,1,1,4,1,All Years Model,2026-08-29T00:15:00Z,FanDuel,-310.0,280.0,2026-08-29T01:13:18Z,2026-08-29T01:14:29.289758Z,104.0,-112.0,2026-08-28T23:13:31Z,2026-08-28T23:13:34.566849Z,100.0,St. Louis Cardinals,-102.0,FanDuel,2026-08-28T05:00:27.785045Z,won,98.04
2026-08-28,823178,San Francisco Giants,Arizona Diamondbacks,Arizona Diamondbacks,Arizona Diamondbacks,1,True,Final,0.5008,0.4992,0.5008,0,0,6,10,All Years Model,2026-08-29T02:15:00Z,FanDuel,500.0,-650.0,2026-08-29T03:14:15Z,2026-08-29T03:14:37.687796Z,104.0,-114.0,2026-08-29T01:13:46Z,2026-08-29T01:14:29.289758Z,100.0,San Francisco Giants,-4000.0,FanDuel,2026-08-28T05:00:28.229891Z,lost,-100.0
2026-08-28,823504,New York Yankees,Boston Red Sox,New York Yankees,New York Yankees,1,True,Final,0.5492,0.4508,0.5492,1,1,1,0,All Years Model,2026-08-28T23:15:00Z,FanDuel,-120.0,102.0,2026-08-29T03:14:15Z,2026-08-29T03:14:37.687796Z,-148.0,138.0,2026-08-28T21:12:42Z,2026-08-28T21:12:55.751263Z,100.0,New York Yankees,-174.0,FanDuel,2026-08-28T05:00:27.339466Z,won,57.47
2026-08-28,823583,New York Mets,Houston Astros,Houston Astros,Houston Astros,1,True,Final,0.5177,0.4823,0.5177,0,0,1,3,All Years Model,2026-08-28T23:10:00Z,FanDuel,-144.0,122.0,2026-08-29T03:14:15Z,2026-08-29T03:14:37.687796Z,-104.0,-104.0,2026-08-28T21:12:43Z,2026-08-28T21:12:55.751263Z,100.0,New York Mets,108.0,FanDuel,2026-08-28T05:00:26.785926Z,lost,-100.0
2026-08-28,823666,Minnesota Twins,Chicago White Sox,Chicago White Sox,Chicago White Sox,1,True,Final,0.4953,0.5047,0.5047,0,0,4,7,All Years Model,2026-08-29T00:10:00Z,FanDuel,850.0,-1050.0,2026-08-29T03:14:15Z,2026-08-29T03:14:37.687796Z,-126.0,116.0,2026-08-28T23:13:31Z,2026-08-28T23:13:34.566849Z,100.0,Chicago White Sox,100.0,FanDuel,2026-08-28T05:00:27.645023Z,won,100.0
2026-08-28,823744,Milwaukee Brewers,Texas Rangers,Milwaukee Brewers,Milwaukee Brewers,1,True,Final,0.5916,0.4084,0.5916,1,1,6,1,All Years Model,2026-08-28T23:40:00Z,FanDuel,-162.0,136.0,2026-08-29T03:14:15Z,2026-08-29T03:14:37.687796Z,-205.0,186.0,2026-08-28T23:13:31Z,2026-08-28T23:13:34.566849Z,100.0,Milwaukee Brewers,-184.0,FanDuel,2026-08-28T05:00:27.502494Z,won,54.35
2026-08-28,823985,Los Angeles Angels,Philadelphia Phillies,Philadelphia Phillies,Philadelphia Phillies,1,True,Final,0.516,0.484,0.516,0,0,3,5,All Years Model,2026-08-29T01:38:00Z,FanDuel,-650.0,500.0,2026-08-29T03:14:15Z,2026-08-29T03:14:37.687796Z,108.0,-116.0,2026-08-28T23:13:31Z,2026-08-28T23:13:34.566849Z,100.0,Los Angeles Angels,114.0,FanDuel,2026-08-28T05:00:27.925554Z,lost,-100.0
2026-08-28,824231,Detroit Tigers,Los Angeles Dodgers,Los Angeles Dodgers,Los Angeles Dodgers,1,True,Final,0.4766,0.5234,0.5234,0,0,1,2,All Years Model,2026-08-28T22:40:00Z,FanDuel,152.0,-180.0,2026-08-29T03:14:15Z,2026-08-29T03:14:37.687796Z,162.0,-174.0,2026-08-28T21:12:43Z,2026-08-28T21:12:55.751263Z,100.0,Los Angeles Dodgers,-215.0,FanDuel,2026-08-28T05:00:26.328938Z,won,46.51
2026-08-28,824396,Cleveland Guardians,Kansas City Royals,Cleveland Guardians,Kansas City Royals,0,True,Final,0.5669,0.4331,0.5669,1,0,0,3,All Years Model,2026-08-28T23:10:00Z,FanDuel,-152.0,128.0,2026-08-29T03:14:15Z,2026-08-29T03:14:37.687796Z,-134.0,124.0,2026-08-28T21:12:42Z,2026-08-28T21:12:55.751263Z,100.0,Cleveland Guardians,-138.0,FanDuel,2026-08-28T05:00:26.645217Z,lost,-100.0
2026-08-28,824638,Chicago Cubs,Cincinnati Reds,Chicago Cubs,Cincinnati Reds,0,True,Final,0.5747,0.4253,0.5747,1,0,8,10,All Years Model,2026-08-28T18:20:00Z,FanDuel,-188.0,158.0,2026-08-29T03:14:15Z,2026-08-29T03:14:37.687796Z,-196.0,164.0,2026-08-28T06:19:14Z,2026-08-28T06:19:22.594330Z,100.0,Chicago Cubs,-196.0,FanDuel,2026-08-28T05:00:26.192418Z,lost,-100.0
2026-08-28,824877,Atlanta Braves,Colorado Rockies,Atlanta Braves,Atlanta Braves,1,True,Final,0.6136,0.3864,0.6136,1,1,6,4,All Years Model,2026-08-28T23:15:00Z,FanDuel,-205.0,172.0,2026-08-29T03:14:15Z,2026-08-29T03:14:37.687796Z,-220.0,200.0,2026-08-28T21:12:42Z,2026-08-28T21:12:55.751263Z,100.0,Atlanta Braves,-220.0,FanDuel,2026-08-28T05:00:27.196952Z,won,45.45
2026-08-28,824960,Athletics,Baltimore Orioles,Baltimore Orioles,Baltimore Orioles,1,True,Final,0.4734,0.5266,0.5266,0,0,3,4,All Years Model,2026-08-29T01:40:00Z,FanDuel,350.0,-410.0,2026-08-29T03:14:15Z,2026-08-29T03:14:37.687796Z,100.0,-108.0,2026-08-29T01:13:46Z,2026-08-29T01:14:29.289758Z,100.0,Baltimore Orioles,-108.0,FanDuel,2026-08-28T21:12:58.090459Z,won,92.59
2026-08-29,822690,Washington Nationals,Miami Marlins,Miami Marlins,Washington Nationals,0,True,Final,0.4973,0.5027,0.5027,0,1,5,4,All Years Model,2026-08-29T20:05:00Z,FanDuel,-102.0,-116.0,2026-08-30T03:21:28Z,2026-08-30T03:21:35.166747Z,-104.0,-104.0,2026-08-29T19:19:53Z,2026-08-29T19:20:18.296318Z,100.0,Miami Marlins,-104.0,FanDuel,2026-08-29T05:00:37.132486Z,lost,-100.0
2026-08-29,822770,Toronto Blue Jays,Seattle Mariners,Toronto Blue Jays,Toronto Blue Jays,1,True,Final,0.5336,0.4664,0.5336,1,1,4,3,All Years Model,2026-08-29T19:07:00Z,FanDuel,118.0,-138.0,2026-08-30T03:21:28Z,2026-08-30T03:21:35.166747Z,-108.0,100.0,2026-08-29T17:19:02Z,2026-08-29T17:19:19.786671Z,100.0,Toronto Blue Jays,-126.0,FanDuel,2026-08-29T05:00:36.773305Z,won,79.37
2026-08-29,822936,Tampa Bay Rays,San Diego Padres,Tampa Bay Rays,Tampa Bay Rays,1,True,Final,0.5562,0.4438,0.5562,1,1,7,6,All Years Model,2026-08-29T20:10:00Z,FanDuel,-164.0,138.0,2026-08-30T03:21:28Z,2026-08-30T03:21:35.166747Z,-126.0,116.0,2026-08-29T19:19:53Z,2026-08-29T19:20:18.296318Z,100.0,Tampa Bay Rays,-130.0,FanDuel,2026-08-29T05:00:37.683073Z,won,76.92
2026-08-29,823011,St. Louis Cardinals,Pittsburgh Pirates,St. Louis Cardinals,Pittsburgh Pirates,0,True,Final,0.5336,0.4664,0.5336,1,0,2,6,All Years Model,2026-08-29T18:15:00Z,FanDuel,102.0,-120.0,2026-08-30T03:21:28Z,2026-08-30T03:21:35.166747Z,-120.0,110.0,2026-08-29T17:19:02Z,2026-08-29T17:19:19.786671Z,100.0,St. Louis Cardinals,-130.0,FanDuel,2026-08-29T05:15:24.115783Z,lost,-100.0
2026-08-29,823176,San Francisco Giants,Arizona Diamondbacks,Arizona Diamondbacks,San Francisco Giants,0,True,Final,0.5079,0.4921,0.5079,0,1,7,2,All Years Model,2026-08-30T02:05:00Z,FanDuel,-185.0,165.0,2026-08-30T03:21:28Z,2026-08-30T03:21:35.166747Z,114.0,-124.0,2026-08-30T01:21:12Z,2026-08-30T01:21:25.067910Z,100.0,Arizona Diamondbacks,-650.0,FanDuel,2026-08-29T05:00:38.387911Z,lost,-100.0
2026-08-29,823177,San Francisco Giants,Arizona Diamondbacks,San Francisco Giants,Arizona Diamondbacks,0,True,Final,0.5403,0.4597,0.5403,1,0,1,7,All Years Model,2026-08-29T20:05:00Z,FanDuel,-185.0,165.0,2026-08-30T03:21:28Z,2026-08-30T03:21:35.166747Z,-102.0,-106.0,2026-08-29T19:19:53Z,2026-08-29T19:20:18.296318Z,100.0,Arizona Diamondbacks,-650.0,FanDuel,2026-08-29T05:00:36.951149Z,won,15.38
2026-08-29,823501,New York Yankees,Boston Red Sox,Boston Red Sox,New York Yankees,0,True,Final,0.5177,0.4823,0.5177,0,1,9,2,All Years Model,2026-08-29T23:15:00Z,FanDuel,100.0,-118.0,2026-08-30T03:21:28Z,2026-08-30T03:21:35.166747Z,-138.0,126.0,2026-08-29T21:21:10Z,2026-08-29T21:21:18.659378Z,100.0,New York Yankees,-120.0,FanDuel,2026-08-29T05:00:38.045757Z,won,83.33
2026-08-29,823539,New York Yankees,Boston Red Sox,New York Yankees,Boston Red Sox,0,True,Final,0.5375,0.4625,0.5375,1,0,0,6,All Years Model,2026-08-29T17:05:00Z,FanDuel,100.0,-118.0,2026-08-30T03:21:28Z,2026-08-30T03:21:35.166747Z,-114.0,104.0,2026-08-29T15:18:14Z,2026-08-29T15:18:34.992713Z,100.0,New York Yankees,-120.0,FanDuel,2026-08-29T05:00:35.854132Z,lost,-100.0
2026-08-29,823582,New York Mets,Houston Astros,New York Mets,New York Mets,1,True,Final,0.5272,0.4728,0.5272,1,1,6,2,All Years Model,2026-08-29T20:10:00Z,FanDuel,-120.0,102.0,2026-08-30T03:21:28Z,2026-08-30T03:21:35.166747Z,-150.0,140.0,2026-08-29T19:19:53Z,2026-08-29T19:20:18.296318Z,100.0,New York Mets,-144.0,FanDuel,2026-08-29T05:00:37.484163Z,won,69.44
2026-08-29,823665,Minnesota Twins,Chicago White Sox,Chicago White Sox,Chicago White Sox,1,True,Final,0.4936,0.5064,0.5064,0,0,2,3,All Years Model,2026-08-29T18:10:00Z,FanDuel,-122.0,104.0,2026-08-30T03:21:28Z,2026-08-30T03:21:35.166747Z,-110.0,100.0,2026-08-29T17:19:02Z,2026-08-29T17:19:19.786671Z,100.0,Chicago White Sox,102.0,FanDuel,2026-08-29T05:00:36.219254Z,won,102.0
2026-08-29,823741,Milwaukee Brewers,Texas Rangers,Milwaukee Brewers,Milwaukee Brewers,1,True,Final,0.5686,0.4314,0.5686,1,1,5,3,All Years Model,2026-08-29T23:15:00Z,FanDuel,-162.0,136.0,2026-08-30T03:21:28Z,2026-08-30T03:21:35.166747Z,-160.0,148.0,2026-08-29T21:21:10Z,2026-08-29T21:21:18.659378Z,100.0,Milwaukee Brewers,-162.0,FanDuel,2026-08-29T05:00:38.221090Z,won,61.73
2026-08-29,823986,Los Angeles Angels,Philadelphia Phillies,Philadelphia Phillies,Philadelphia Phillies,1,True,Final,0.4424,0.5576,0.5576,0,0,2,4,All Years Model,2026-08-30T02:07:00Z,FanDuel,300.0,-370.0,2026-08-30T03:21:28Z,2026-08-30T03:21:35.166747Z,210.0,-230.0,2026-08-30T01:21:12Z,2026-08-30T01:21:25.067910Z,100.0,Philadelphia Phillies,-245.0,FanDuel,2026-08-29T05:00:38.725605Z,won,40.82
2026-08-29,824230,Detroit Tigers,Los Angeles Dodgers,Los Angeles Dodgers,Detroit Tigers,0,True,Final,0.4922,0.5078,0.5078,0,1,2,1,All Years Model,2026-08-29T17:10:00Z,FanDuel,136.0,-162.0,2026-08-30T03:21:28Z,2026-08-30T03:21:35.166747Z,162.0,-178.0,2026-08-29T15:18:14Z,2026-08-29T15:18:34.992713Z,100.0,Los Angeles Dodgers,-180.0,FanDuel,2026-08-29T05:00:36.027930Z,lost,-100.0
2026-08-29,824392,Cleveland Guardians,Kansas City Royals,Cleveland Guardians,Kansas City Royals,0,True,Final,0.5649,0.4351,0.5649,1,0,3,8,All Years Model,2026-08-29T20:10:00Z,FanDuel,-205.0,172.0,2026-08-30T03:21:28Z,2026-08-30T03:21:35.166747Z,-158.0,146.0,2026-08-29T19:19:53Z,2026-08-29T19:20:18.296318Z,100.0,Cleveland Guardians,-152.0,FanDuel,2026-08-29T05:00:37.309330Z,lost,-100.0
2026-08-29,824637,Chicago Cubs,Cincinnati Reds,Chicago Cubs,Chicago Cubs,1,True,Final,0.563,0.437,0.563,1,1,17,5,All Years Model,2026-08-29T18:20:00Z,FanDuel,-142.0,120.0,2026-08-30T03:21:28Z,2026-08-30T03:21:35.166747Z,-205.0,190.0,2026-08-29T17:19:02Z,2026-08-29T17:19:19.786671Z,100.0,Chicago Cubs,-188.0,FanDuel,2026-08-29T05:00:36.582447Z,won,53.19
2026-08-29,824874,Atlanta Braves,Colorado Rockies,Atlanta Braves,Atlanta Braves,1,True,Final,0.6359,0.3641,0.6359,1,1,2,1,All Years Model,2026-08-29T20:10:00Z,FanDuel,-230.0,190.0,2026-08-30T03:21:28Z,2026-08-30T03:21:35.166747Z,-230.0,210.0,2026-08-29T19:19:53Z,2026-08-29T19:20:18.296318Z,100.0,Atlanta Braves,-205.0,FanDuel,2026-08-29T05:00:37.864407Z,won,48.78
2026-08-29,824961,Athletics,Baltimore Orioles,Baltimore Orioles,Baltimore Orioles,1,True,Final,0.4355,0.5645,0.5645,0,0,3,5,All Years Model,2026-08-30T02:05:00Z,FanDuel,330.0,-390.0,2026-08-30T03:21:28Z,2026-08-30T03:21:35.166747Z,130.0,-140.0,2026-08-30T01:21:12Z,2026-08-30T01:21:25.067910Z,100.0,Baltimore Orioles,-410.0,FanDuel,2026-08-29T05:00:38.554259Z,won,24.39
2026-08-30,822688,Washington Nationals,Miami Marlins,Washington Nationals,Miami Marlins,0,True,Final,0.5251,0.4749,0.5251,1,0,2,6,All Years Model,2026-08-30T16:15:00Z,FanDuel,102.0,-120.0,2026-08-31T03:28:09Z,2026-08-31T03:28:26.283998Z,-114.0,104.0,2026-08-30T15:25:28Z,2026-08-30T15:25:33.670856Z,100.0,Miami Marlins,-116.0,FanDuel,2026-08-30T05:00:28.719482Z,won,86.21
2026-08-30,822766,Toronto Blue Jays,Seattle Mariners,Toronto Blue Jays,Toronto Blue Jays,1,True,Final,0.5474,0.4526,0.5474,1,1,7,0,All Years Model,2026-08-30T17:37:00Z,FanDuel,-6000.0,4300.0,2026-08-30T19:26:27Z,2026-08-30T19:26:33.699574Z,122.0,-132.0,2026-08-30T15:25:28Z,2026-08-30T15:25:33.670856Z,100.0,Seattle Mariners,-138.0,FanDuel,2026-08-30T05:00:29.179032Z,lost,-100.0
2026-08-30,822933,Tampa Bay Rays,San Diego Padres,Tampa Bay Rays,Tampa Bay Rays,1,True,Final,0.5575,0.4425,0.5575,1,1,5,4,All Years Model,2026-08-30T17:40:00Z,FanDuel,250.0,-290.0,2026-08-30T19:26:27Z,2026-08-30T19:26:33.699574Z,-164.0,150.0,2026-08-30T15:25:28Z,2026-08-30T15:25:33.670856Z,100.0,Tampa Bay Rays,-164.0,FanDuel,2026-08-30T05:00:29.622078Z,won,60.98
2026-08-30,823010,St. Louis Cardinals,Pittsburgh Pirates,St. Louis Cardinals,Pittsburgh Pirates,0,True,Final,0.5364,0.4636,0.5364,1,0,4,5,All Years Model,2026-08-30T18:15:00Z,FanDuel,550.0,-700.0,2026-08-30T19:26:27Z,2026-08-30T19:26:33.699574Z,110.0,-120.0,2026-08-30T17:26:26Z,2026-08-30T17:26:31.505155Z,100.0,St. Louis Cardinals,102.0,FanDuel,2026-08-30T05:00:30.059627Z,lost,-100.0
2026-08-30,823502,New York Yankees,Boston Red Sox,New York Yankees,New York Yankees,1,True,Final,0.5436,0.4564,0.5436,1,1,16,1,All Years Model,2026-08-30T17:35:00Z,FanDuel,-4000.0,3100.0,2026-08-30T19:26:27Z,2026-08-30T19:26:33.699574Z,122.0,-130.0,2026-08-30T15:25:28Z,2026-08-30T15:25:33.670856Z,100.0,New York Yankees,100.0,FanDuel,2026-08-30T05:00:29.035521Z,won,100.0
2026-08-30,823580,New York Mets,Houston Astros,New York Mets,Houston Astros,0,True,Final,0.569,0.431,0.569,1,0,3,6,All Years Model,2026-08-30T19:10:00Z,FanDuel,1100.0,-1450.0,2026-08-30T21:27:20Z,2026-08-30T21:27:28.087071Z,-120.0,110.0,2026-08-30T17:26:26Z,2026-08-30T17:26:31.505155Z,100.0,New York Mets,-120.0,FanDuel,2026-08-30T05:00:30.207140Z,lost,-100.0
2026-08-30,823662,Minnesota Twins,Chicago White Sox,Chicago White Sox,Minnesota Twins,0,True,Final,0.4886,0.5114,0.5114,0,1,5,1,All Years Model,2026-08-30T18:10:00Z,FanDuel,-2000.0,1400.0,2026-08-30T19:26:27Z,2026-08-30T19:26:33.699574Z,-114.0,104.0,2026-08-30T17:26:26Z,2026-08-30T17:26:31.505155Z,100.0,Chicago White Sox,104.0,FanDuel,2026-08-30T05:00:29.773095Z,lost,-100.0
2026-08-30,823740,Milwaukee Brewers,Texas Rangers,Milwaukee Brewers,Texas Rangers,0,True,Final,0.556,0.444,0.556,1,0,4,7,All Years Model,2026-08-30T18:10:00Z,FanDuel,2400.0,-3000.0,2026-08-30T21:27:20Z,2026-08-30T21:27:28.087071Z,-154.0,142.0,2026-08-30T17:26:26Z,2026-08-30T17:26:31.505155Z,100.0,Milwaukee Brewers,-162.0,FanDuel,2026-08-30T05:00:29.919610Z,lost,-100.0
2026-08-30,823987,Los Angeles Angels,Philadelphia Phillies,Philadelphia Phillies,Philadelphia Phillies,1,True,Final,0.4958,0.5042,0.5042,0,0,2,5,All Years Model,2026-08-30T20:07:00Z,FanDuel,155.0,-175.0,2026-08-30T21:27:20Z,2026-08-30T21:27:28.087071Z,148.0,-160.0,2026-08-30T19:26:27Z,2026-08-30T19:26:33.699574Z,100.0,Philadelphia Phillies,-188.0,FanDuel,2026-08-30T05:00:30.497671Z,won,53.19
2026-08-30,824232,Detroit Tigers,Los Angeles Dodgers,Los Angeles Dodgers,Los Angeles Dodgers,1,True,Final,0.4393,0.5607,0.5607,0,0,1,6,All Years Model,2026-08-30T17:40:00Z,FanDuel,130.0,-145.0,2026-08-30T19:26:27Z,2026-08-30T19:26:33.699574Z,140.0,-150.0,2026-08-30T15:25:28Z,2026-08-30T15:25:33.670856Z,100.0,Los Angeles Dodgers,-162.0,FanDuel,2026-08-30T05:00:29.474564Z,won,61.73
2026-08-30,824393,Cleveland Guardians,Kansas City Royals,Cleveland Guardians,Cleveland Guardians,1,True,Final,0.6483,0.3517,0.6483,1,1,11,1,All Years Model,2026-08-30T17:40:00Z,FanDuel,-178.0,164.0,2026-08-30T17:26:26Z,2026-08-30T17:26:31.505155Z,-178.0,164.0,2026-08-30T15:25:28Z,2026-08-30T15:25:33.670856Z,100.0,Cleveland Guardians,-205.0,FanDuel,2026-08-30T05:00:29.332053Z,won,48.78
2026-08-30,824636,Chicago Cubs,Cincinnati Reds,Chicago Cubs,Cincinnati Reds,0,True,Final,0.5468,0.4532,0.5468,1,0,5,7,All Years Model,2026-08-30T23:20:00Z,FanDuel,290.0,-340.0,2026-08-31T01:28:01Z,2026-08-31T01:28:25.017615Z,-150.0,140.0,2026-08-30T21:27:20Z,2026-08-30T21:27:28.087071Z,100.0,Chicago Cubs,-142.0,FanDuel,2026-08-30T05:00:30.641692Z,lost,-100.0
2026-08-30,824876,Atlanta Braves,Colorado Rockies,Atlanta Braves,Atlanta Braves,1,True,Final,0.5935,0.4065,0.5935,1,1,3,2,All Years Model,2026-08-30T17:35:00Z,FanDuel,-1000.0,800.0,2026-08-30T19:26:27Z,2026-08-30T19:26:33.699574Z,-235.0,215.0,2026-08-30T15:25:28Z,2026-08-30T15:25:33.670856Z,100.0,Atlanta Braves,-230.0,FanDuel,2026-08-30T05:00:28.890501Z,won,43.48
2026-08-30,824959,Athletics,Baltimore Orioles,Baltimore Orioles,Baltimore Orioles,1,True,Final,0.4752,0.5248,0.5248,0,0,5,8,All Years Model,2026-08-30T20:05:00Z,FanDuel,-155.0,135.0,2026-08-30T21:27:20Z,2026-08-30T21:27:28.087071Z,134.0,-144.0,2026-08-30T19:26:27Z,2026-08-30T19:26:33.699574Z,100.0,Baltimore Orioles,-154.0,FanDuel,2026-08-30T05:00:30.349160Z,won,64.94
2026-08-31,822689,Washington Nationals,Miami Marlins,Miami Marlins,Washington Nationals,0,True,Final,0.5193,0.4807,0.5193,0,1,6,3,All Years Model,2026-08-31T22:45:00Z,FanDuel,-110.0,-105.0,2026-08-31T23:34:53Z,2026-08-31T23:35:25.645035Z,106.0,-114.0,2026-08-31T21:34:26Z,2026-08-31T21:34:31.324005Z,100.0,Miami Marlins,-120.0,FanDuel,2026-08-31T05:00:33.913339Z,lost,-100.0
2026-08-31,822855,Texas Rangers,Athletics,Texas Rangers,Texas Rangers,1,True,Final,0.5879,0.4121,0.5879,1,1,8,1,All Years Model,2026-09-01T00:05:00Z,FanDuel,-188.0,158.0,2026-09-01T03:36:19Z,2026-09-01T03:36:22.450231Z,-210.0,194.0,2026-08-31T23:34:53Z,2026-08-31T23:35:25.645035Z,100.0,Texas Rangers,-215.0,FanDuel,2026-08-31T05:00:34.364896Z,won,46.51
2026-08-31,822932,Tampa Bay Rays,New York Mets,Tampa Bay Rays,New York Mets,0,True,Final,0.5727,0.4273,0.5727,1,0,2,3,All Years Model,2026-08-31T22:40:00Z,FanDuel,-124.0,106.0,2026-09-01T03:36:19Z,2026-09-01T03:36:22.450231Z,-184.0,170.0,2026-08-31T21:34:26Z,2026-08-31T21:34:31.324005Z,100.0,Tampa Bay Rays,-162.0,FanDuel,2026-08-31T05:00:33.631805Z,lost,-100.0
2026-08-31,823663,Minnesota Twins,Detroit Tigers,Minnesota Twins,Minnesota Twins,1,True,Final,0.5335,0.4665,0.5335,1,1,11,1,All Years Model,2026-08-31T23:40:00Z,FanDuel,-104.0,-112.0,2026-09-01T03:36:19Z,2026-09-01T03:36:22.450231Z,-118.0,110.0,2026-08-31T21:34:26Z,2026-08-31T21:34:31.324005Z,100.0,Minnesota Twins,-134.0,FanDuel,2026-08-31T05:00:34.078852Z,won,74.63
2026-08-31,823982,Los Angeles Angels,New York Yankees,Los Angeles Angels,Los Angeles Angels,1,True,Final,0.5293,0.4707,0.5293,1,1,10,1,All Years Model,2026-09-01T01:38:00Z,FanDuel,-10000.0,6000.0,2026-09-01T03:36:19Z,2026-09-01T03:36:22.450231Z,110.0,-120.0,2026-08-31T23:34:53Z,2026-08-31T23:35:25.645035Z,100.0,Los Angeles Angels,118.0,FanDuel,2026-08-31T05:00:34.793945Z,won,118.0
2026-08-31,824149,Houston Astros,Chicago White Sox,Chicago White Sox,Houston Astros,0,True,Final,0.4977,0.5023,0.5023,0,1,6,3,All Years Model,2026-09-01T00:10:00Z,FanDuel,-230.0,200.0,2026-09-01T01:36:12Z,2026-09-01T01:36:17.187921Z,-126.0,118.0,2026-08-31T23:34:53Z,2026-08-31T23:35:25.645035Z,100.0,Chicago White Sox,116.0,FanDuel,2026-08-31T05:00:34.505919Z,lost,-100.0
2026-08-31,824314,Colorado Rockies,Baltimore Orioles,Baltimore Orioles,Baltimore Orioles,1,True,Final,0.4684,0.5316,0.5316,0,0,1,2,All Years Model,2026-09-01T00:40:00Z,FanDuel,105.0,-120.0,2026-09-01T03:36:19Z,2026-09-01T03:36:22.450231Z,108.0,-118.0,2026-08-31T23:34:53Z,2026-08-31T23:35:25.645035Z,100.0,Baltimore Orioles,-136.0,FanDuel,2026-08-31T05:00:34.649430Z,won,73.53
2026-08-31,824473,Cincinnati Reds,San Diego Padres,San Diego Padres,San Diego Padres,1,True,Final,0.4784,0.5216,0.5216,0,0,0,5,All Years Model,2026-08-31T22:40:00Z,FanDuel,114.0,-134.0,2026-09-01T03:36:19Z,2026-09-01T03:36:22.450231Z,134.0,-144.0,2026-08-31T21:34:26Z,2026-08-31T21:34:31.324005Z,100.0,San Diego Padres,-148.0,FanDuel,2026-08-31T05:00:33.491788Z,won,67.57
2026-08-31,824635,Chicago Cubs,Milwaukee Brewers,Chicago Cubs,Chicago Cubs,1,True,Final,0.5286,0.4714,0.5286,1,1,17,3,All Years Model,2026-08-31T23:40:00Z,FanDuel,-126.0,108.0,2026-09-01T03:36:19Z,2026-09-01T03:36:22.450231Z,-108.0,100.0,2026-08-31T21:34:26Z,2026-08-31T21:34:31.324005Z,100.0,Chicago Cubs,-112.0,FanDuel,2026-08-31T05:00:34.219383Z,won,89.29
2026-08-31,824719,Boston Red Sox,Seattle Mariners,Boston Red Sox,Boston Red Sox,1,True,Final,0.5838,0.4162,0.5838,1,1,9,8,All Years Model,2026-08-31T22:45:00Z,FanDuel,-124.0,106.0,2026-09-01T03:36:19Z,2026-09-01T03:36:22.450231Z,-154.0,142.0,2026-08-31T21:34:26Z,2026-08-31T21:34:31.324005Z,100.0,Boston Red Sox,-166.0,FanDuel,2026-08-31T05:00:33.773317Z,won,60.24
2026-08-31,824911,Atlanta Braves,San Francisco Giants,Atlanta Braves,San Francisco Giants,0,True,Final,0.5698,0.4302,0.5698,1,0,3,7,All Years Model,2026-08-31T22:05:00Z,FanDuel,185.0,-210.0,2026-08-31T23:34:53Z,2026-08-31T23:35:25.645035Z,-205.0,190.0,2026-08-31T21:34:26Z,2026-08-31T21:34:31.324005Z,100.0,Atlanta Braves,-154.0,FanDuel,2026-08-31T05:00:33.355273Z,lost,-100.0
2026-08-31,825040,Arizona Diamondbacks,Philadelphia Phillies,Arizona Diamondbacks,Philadelphia Phillies,0,True,Final,0.5448,0.4552,0.5448,1,0,1,2,All Years Model,2026-09-01T01:40:00Z,FanDuel,250.0,-290.0,2026-09-01T03:36:19Z,2026-09-01T03:36:22.450231Z,102.0,-112.0,2026-08-31T23:34:53Z,2026-08-31T23:35:25.645035Z,100.0,Arizona Diamondbacks,100.0,FanDuel,2026-08-31T05:00:34.935964Z,lost,-100.0
2026-09-01,822687,Washington Nationals,Atlanta Braves,Atlanta Braves,Washington Nationals,0,True,Final,0.5009,0.4991,0.5009,0,1,9,5,All Years Model,2026-09-01T22:45:00Z,FanDuel,130.0,-154.0,2026-09-02T03:42:23Z,2026-09-02T03:42:28.762190Z,126.0,-148.0,2026-09-01T21:40:03Z,2026-09-01T21:40:34.424038Z,100.0,Atlanta Braves,-164.0,FanDuel,2026-09-01T05:00:23.438291Z,lost,-100.0
2026-09-01,822854,Texas Rangers,Athletics,Texas Rangers,Texas Rangers,1,True,Final,0.5555,0.4445,0.5555,1,1,8,5,All Years Model,2026-09-02T00:05:00Z,FanDuel,-154.0,130.0,2026-09-02T03:42:23Z,2026-09-02T03:42:28.762190Z,-210.0,176.0,2026-09-01T23:41:11Z,2026-09-01T23:41:24.556519Z,100.0,Texas Rangers,-188.0,FanDuel,2026-09-01T05:00:24.014363Z,won,53.19
2026-09-01,822929,Tampa Bay Rays,New York Mets,Tampa Bay Rays,Tampa Bay Rays,1,True,Final,0.5565,0.4435,0.5565,1,1,6,2,All Years Model,2026-09-01T22:40:00Z,FanDuel,-162.0,136.0,2026-09-02T03:42:23Z,2026-09-02T03:42:28.762190Z,-136.0,116.0,2026-09-01T21:40:03Z,2026-09-01T21:40:34.424038Z,100.0,Tampa Bay Rays,-124.0,FanDuel,2026-09-01T05:00:22.984240Z,won,80.65
2026-09-01,823340,Pittsburgh Pirates,San Francisco Giants,San Francisco Giants,Pittsburgh Pirates,0,True,Final,0.5039,0.4961,0.5039,0,1,13,12,All Years Model,2026-09-01T22:40:00Z,FanDuel,-154.0,130.0,2026-09-02T03:42:23Z,2026-09-02T03:42:28.762190Z,-168.0,142.0,2026-09-01T21:40:03Z,2026-09-01T21:40:34.424038Z,100.0,San Francisco Giants,136.0,FanDuel,2026-09-01T05:00:22.844222Z,lost,-100.0
2026-09-01,823661,Minnesota Twins,Detroit Tigers,Minnesota Twins,Minnesota Twins,1,True,Final,0.5237,0.4763,0.5237,1,1,15,2,All Years Model,2026-09-01T23:40:00Z,FanDuel,-112.0,-104.0,2026-09-02T03:42:23Z,2026-09-02T03:42:28.762190Z,-108.0,-108.0,2026-09-01T21:40:03Z,2026-09-01T21:40:34.424038Z,100.0,Minnesota Twins,-104.0,FanDuel,2026-09-01T05:00:23.591307Z,won,96.15
2026-09-01,823908,Los Angeles Dodgers,St. Louis Cardinals,Los Angeles Dodgers,St. Louis Cardinals,0,True,Final,0.5544,0.4456,0.5544,1,0,8,13,All Years Model,2026-09-02T02:10:00Z,FanDuel,1100.0,-4000.0,2026-09-02T03:42:23Z,2026-09-02T03:42:28.762190Z,-196.0,164.0,2026-09-02T01:41:55Z,2026-09-02T01:42:27.298309Z,100.0,Los Angeles Dodgers,-178.0,FanDuel,2026-09-01T05:00:24.748495Z,lost,-100.0
2026-09-01,823984,Los Angeles Angels,New York Yankees,New York Yankees,New York Yankees,1,True,Final,0.4505,0.5495,0.5495,0,0,3,7,All Years Model,2026-09-02T01:38:00Z,FanDuel,310.0,-440.0,2026-09-02T03:42:23Z,2026-09-02T03:42:28.762190Z,158.0,-188.0,2026-09-01T23:41:11Z,2026-09-01T23:41:24.556519Z,100.0,New York Yankees,-178.0,FanDuel,2026-09-01T05:00:24.441399Z,won,56.18
2026-09-01,824070,Kansas City Royals,Miami Marlins,Kansas City Royals,Miami Marlins,0,True,Final,0.5238,0.4762,0.5238,1,0,3,6,All Years Model,2026-09-01T23:40:00Z,FanDuel,-112.0,-104.0,2026-09-02T03:42:23Z,2026-09-02T03:42:28.762190Z,-120.0,102.0,2026-09-01T21:40:03Z,2026-09-01T21:40:34.424038Z,100.0,Kansas City Royals,-118.0,FanDuel,2026-09-01T05:00:23.730817Z,lost,-100.0
2026-09-01,824148,Houston Astros,Chicago White Sox,Chicago White Sox,Chicago White Sox,1,True,Final,0.508,0.492,0.508,0,0,1,5,All Years Model,2026-09-02T00:10:00Z,FanDuel,-132.0,112.0,2026-09-02T03:42:23Z,2026-09-02T03:42:28.762190Z,-104.0,-112.0,2026-09-01T23:41:11Z,2026-09-01T23:41:24.556519Z,100.0,Chicago White Sox,-112.0,FanDuel,2026-09-01T05:37:21.940865Z,won,89.29
2026-09-01,824313,Colorado Rockies,Baltimore Orioles,Baltimore Orioles,Colorado Rockies,0,True,Final,0.4976,0.5024,0.5024,0,1,4,2,All Years Model,2026-09-02T00:40:00Z,FanDuel,-10000.0,1800.0,2026-09-02T03:31:12Z,2026-09-02T03:42:28.762190Z,124.0,-146.0,2026-09-01T23:41:11Z,2026-09-01T23:41:24.556519Z,100.0,Baltimore Orioles,-142.0,FanDuel,2026-09-01T05:00:24.301890Z,lost,-100.0
2026-09-01,824391,Cleveland Guardians,Toronto Blue Jays,Cleveland Guardians,Cleveland Guardians,1,True,Final,0.5457,0.4543,0.5457,1,1,6,1,All Years Model,2026-09-01T22:40:00Z,FanDuel,106.0,-124.0,2026-09-02T03:42:23Z,2026-09-02T03:42:28.762190Z,-184.0,154.0,2026-09-01T21:40:03Z,2026-09-01T21:40:34.424038Z,100.0,Cleveland Guardians,-180.0,FanDuel,2026-09-01T05:00:23.129750Z,won,55.56
2026-09-01,824472,Cincinnati Reds,San Diego Padres,San Diego Padres,Cincinnati Reds,0,True,Final,0.4995,0.5005,0.5005,0,1,4,3,All Years Model,2026-09-01T22:40:00Z,FanDuel,122.0,-144.0,2026-09-02T03:42:23Z,2026-09-02T03:42:28.762190Z,116.0,-136.0,2026-09-01T21:40:03Z,2026-09-01T21:40:34.424038Z,100.0,San Diego Padres,-134.0,FanDuel,2026-09-01T05:00:22.700713Z,lost,-100.0
2026-09-01,824633,Chicago Cubs,Milwaukee Brewers,Chicago Cubs,Milwaukee Brewers,0,True,Final,0.5438,0.4562,0.5438,1,0,4,9,All Years Model,2026-09-01T23:40:00Z,FanDuel,136.0,-162.0,2026-09-02T03:42:23Z,2026-09-02T03:42:28.762190Z,-126.0,108.0,2026-09-01T21:40:03Z,2026-09-01T21:40:34.424038Z,100.0,Chicago Cubs,-126.0,FanDuel,2026-09-01T05:00:23.874346Z,lost,-100.0
2026-09-01,824716,Boston Red Sox,Seattle Mariners,Boston Red Sox,Seattle Mariners,0,True,Final,0.5606,0.4394,0.5606,1,0,6,9,All Years Model,2026-09-01T22:45:00Z,FanDuel,-134.0,116.0,2026-09-02T03:42:23Z,2026-09-02T03:42:28.762190Z,-118.0,100.0,2026-09-01T21:40:03Z,2026-09-01T21:40:34.424038Z,100.0,Boston Red Sox,-124.0,FanDuel,2026-09-01T05:00:23.281265Z,lost,-100.0
2026-09-01,825038,Arizona Diamondbacks,Philadelphia Phillies,Arizona Diamondbacks,Philadelphia Phillies,0,True,Final,0.5221,0.4779,0.5221,1,0,1,7,All Years Model,2026-09-02T01:40:00Z,FanDuel,500.0,-850.0,2026-09-02T03:42:23Z,2026-09-02T03:42:28.762190Z,114.0,-134.0,2026-09-01T23:41:11Z,2026-09-01T23:41:24.556519Z,100.0,Arizona Diamondbacks,116.0,FanDuel,2026-09-01T05:00:24.581913Z,lost,-100.0
2026-09-02,822686,Washington Nationals,Atlanta Braves,Atlanta Braves,Atlanta Braves,1,True,Final,0.5035,0.4965,0.5035,0,0,0,9,All Years Model,2026-09-02T17:05:00Z,FanDuel,120.0,-154.0,2026-09-02T17:45:19Z,2026-09-02T17:45:29.620496Z,124.0,-146.0,2026-09-02T15:44:45Z,2026-09-02T15:45:27.591792Z,100.0,Atlanta Braves,-154.0,FanDuel,2026-09-02T05:00:25.436744Z,won,64.94
2026-09-02,822851,Texas Rangers,Athletics,Texas Rangers,Athletics,0,True,Final,0.5762,0.4238,0.5762,1,0,2,9,All Years Model,2026-09-02T18:35:00Z,FanDuel,-162.0,136.0,2026-09-02T17:45:19Z,2026-09-02T17:45:29.620496Z,-162.0,136.0,2026-09-02T17:45:19Z,2026-09-02T17:45:29.620496Z,100.0,Texas Rangers,-154.0,FanDuel,2026-09-02T05:00:25.579256Z,lost,-100.0
2026-09-02,822931,Tampa Bay Rays,New York Mets,Tampa Bay Rays,New York Mets,0,True,Final,0.5451,0.4549,0.5451,1,0,4,10,All Years Model,2026-09-02T22:40:00Z,FanDuel,230.0,-310.0,2026-09-02T23:22:51Z,2026-09-02T23:23:19.025578Z,-178.0,150.0,2026-09-02T17:45:19Z,2026-09-02T17:45:29.620496Z,100.0,Tampa Bay Rays,-162.0,FanDuel,2026-09-02T05:00:26.307352Z,lost,-100.0
2026-09-02,823339,Pittsburgh Pirates,San Francisco Giants,San Francisco Giants,San Francisco Giants,1,True,Final,0.5172,0.4828,0.5172,0,0,4,5,All Years Model,2026-09-02T22:40:00Z,FanDuel,-152.0,128.0,2026-09-03T03:24:04Z,2026-09-03T03:24:21.040875Z,-152.0,128.0,2026-09-02T17:45:19Z,2026-09-02T17:45:29.620496Z,100.0,San Francisco Giants,130.0,FanDuel,2026-09-02T05:00:26.163316Z,won,130.0
2026-09-02,823660,Minnesota Twins,Detroit Tigers,Detroit Tigers,Detroit Tigers,1,True,Final,0.518,0.482,0.518,0,0,6,11,All Years Model,2026-09-02T23:40:00Z,FanDuel,-520.0,350.0,2026-09-03T03:24:04Z,2026-09-03T03:24:21.040875Z,-112.0,-104.0,2026-09-02T17:45:19Z,2026-09-02T17:45:29.620496Z,100.0,Detroit Tigers,-104.0,FanDuel,2026-09-02T05:00:26.585372Z,won,96.15
2026-09-02,823906,Los Angeles Dodgers,St. Louis Cardinals,Los Angeles Dodgers,St. Louis Cardinals,0,True,Final,0.5629,0.4371,0.5629,1,0,6,8,All Years Model,2026-09-03T02:10:00Z,FanDuel,-5000.0,1300.0,2026-09-03T03:24:04Z,2026-09-03T03:24:21.040875Z,-290.0,235.0,2026-09-03T01:23:05Z,2026-09-03T01:23:19.797201Z,100.0,Los Angeles Dodgers,-240.0,FanDuel,2026-09-02T05:00:27.301456Z,lost,-100.0
2026-09-02,823983,Los Angeles Angels,New York Yankees,New York Yankees,New York Yankees,1,True,Final,0.474,0.526,0.526,0,0,3,6,All Years Model,2026-09-03T01:38:00Z,FanDuel,265.0,-370.0,2026-09-03T03:24:04Z,2026-09-03T03:24:21.040875Z,136.0,-162.0,2026-09-02T23:22:51Z,2026-09-02T23:23:19.025578Z,100.0,New York Yankees,-162.0,FanDuel,2026-09-02T05:00:27.154434Z,won,61.73
2026-09-02,824068,Kansas City Royals,Miami Marlins,Miami Marlins,Miami Marlins,1,True,Final,0.4998,0.5002,0.5002,0,0,6,9,All Years Model,2026-09-02T23:40:00Z,FanDuel,-102.0,-116.0,2026-09-03T03:24:04Z,2026-09-03T03:24:21.040875Z,-112.0,-104.0,2026-09-02T17:45:19Z,2026-09-02T17:45:29.620496Z,100.0,Miami Marlins,-104.0,FanDuel,2026-09-02T05:00:26.726391Z,won,96.15
2026-09-02,824147,Houston Astros,Chicago White Sox,Houston Astros,Houston Astros,1,True,Final,0.5277,0.4723,0.5277,1,1,2,0,All Years Model,2026-09-03T00:10:00Z,FanDuel,-164.0,138.0,2026-09-03T03:24:04Z,2026-09-03T03:24:21.040875Z,-142.0,120.0,2026-09-02T23:22:51Z,2026-09-02T23:23:19.025578Z,100.0,Houston Astros,-132.0,FanDuel,2026-09-02T05:00:27.017924Z,won,75.76
2026-09-02,824312,Colorado Rockies,Baltimore Orioles,Baltimore Orioles,Colorado Rockies,0,True,Final,0.5039,0.4961,0.5039,0,1,6,5,All Years Model,2026-09-02T19:10:00Z,FanDuel,136.0,-162.0,2026-09-02T17:45:19Z,2026-09-02T17:45:29.620496Z,136.0,-162.0,2026-09-02T17:45:19Z,2026-09-02T17:45:29.620496Z,100.0,Baltimore Orioles,-162.0,FanDuel,2026-09-02T05:00:25.713275Z,lost,-100.0
2026-09-02,824390,Cleveland Guardians,Toronto Blue Jays,Cleveland Guardians,Toronto Blue Jays,0,True,Final,0.5413,0.4587,0.5413,1,0,0,11,All Years Model,2026-09-02T22:40:00Z,FanDuel,-108.0,-108.0,2026-09-03T03:24:04Z,2026-09-03T03:24:21.040875Z,112.0,-132.0,2026-09-02T17:45:19Z,2026-09-02T17:45:29.620496Z,100.0,Cleveland Guardians,106.0,FanDuel,2026-09-02T05:00:26.448862Z,lost,-100.0
2026-09-02,824470,Cincinnati Reds,San Diego Padres,San Diego Padres,Cincinnati Reds,0,True,Final,0.499,0.501,0.501,0,1,7,3,All Years Model,2026-09-02T16:40:00Z,FanDuel,-150.0,118.0,2026-09-02T17:45:19Z,2026-09-02T17:45:29.620496Z,130.0,-154.0,2026-09-02T15:44:45Z,2026-09-02T15:45:27.591792Z,100.0,San Diego Padres,-144.0,FanDuel,2026-09-02T05:00:25.291725Z,lost,-100.0
2026-09-02,824634,Chicago Cubs,Milwaukee Brewers,Chicago Cubs,Milwaukee Brewers,0,True,Final,0.5424,0.4576,0.5424,1,0,5,9,All Years Model,2026-09-02T23:40:00Z,FanDuel,-108.0,-108.0,2026-09-03T03:24:04Z,2026-09-03T03:24:21.040875Z,136.0,-162.0,2026-09-02T17:45:19Z,2026-09-02T17:45:29.620496Z,100.0,Chicago Cubs,136.0,FanDuel,2026-09-02T05:00:26.869901Z,lost,-100.0
2026-09-02,824717,Boston Red Sox,Seattle Mariners,Boston Red Sox,Seattle Mariners,0,True,Final,0.5684,0.4316,0.5684,1,0,3,8,All Years Model,2026-09-02T20:10:00Z,FanDuel,-138.0,118.0,2026-09-02T17:45:19Z,2026-09-02T17:45:29.620496Z,-138.0,118.0,2026-09-02T17:45:19Z,2026-09-02T17:45:29.620496Z,100.0,Boston Red Sox,-134.0,FanDuel,2026-09-02T05:00:26.019806Z,lost,-100.0
2026-09-02,825037,Arizona Diamondbacks,Philadelphia Phillies,Arizona Diamondbacks,Arizona Diamondbacks,1,True,Final,0.5208,0.4792,0.5208,1,1,1,0,All Years Model,2026-09-02T19:40:00Z,FanDuel,110.0,-130.0,2026-09-02T17:45:19Z,2026-09-02T17:45:29.620496Z,110.0,-130.0,2026-09-02T17:45:19Z,2026-09-02T17:45:29.620496Z,100.0,Philadelphia Phillies,-850.0,FanDuel,2026-09-02T05:00:25.856785Z,lost,-100.0
