model_name,date,game_pk,home_team,away_team,predicted_winner,actual_winner,correct,is_final,game_status,home_win_probability,away_win_probability,prediction_confidence,predicted_home_win,actual_home_win,actual_home_score,actual_away_score,game_start_time,moneyline_bookmaker,current_home_moneyline,current_away_moneyline,current_moneyline_last_update,current_moneyline_captured_at,pregame_home_moneyline,pregame_away_moneyline,pregame_moneyline_last_update,pregame_moneyline_captured_at,simulated_bet_stake,simulated_bet_team,simulated_bet_moneyline,simulated_bet_bookmaker,simulated_bet_placed_at,simulated_bet_status,simulated_bet_profit_loss
2021+ Model,2026-04-29,822821,Toronto Blue Jays,Boston Red Sox,Boston Red Sox,Toronto Blue Jays,0,True,Final,0.5176856388812066,0.4823143611187938,0.5176856388812066,0,1,8,1,,,,,,,,,,,,,,,,,
2021+ Model,2026-04-29,822907,Texas Rangers,New York Yankees,New York Yankees,Texas Rangers,0,True,Final,0.4445087145609986,0.5554912854390017,0.5554912854390017,0,1,3,0,,,,,,,,,,,,,,,,,
2021+ Model,2026-04-29,823312,San Diego Padres,Chicago Cubs,Chicago Cubs,Chicago Cubs,1,True,Final,0.4859361909506223,0.5140638090493777,0.5140638090493777,0,0,4,5,,,,,,,,,,,,,,,,,
2021+ Model,2026-04-29,823392,Pittsburgh Pirates,St. Louis Cardinals,Pittsburgh Pirates,St. Louis Cardinals,0,True,Final,0.5425453764279122,0.457454623572088,0.5425453764279122,1,0,4,5,,,,,,,,,,,,,,,,,
2021+ Model,2026-04-29,823633,New York Mets,Washington Nationals,Washington Nationals,Washington Nationals,1,True,Final,0.5139389140590039,0.486061085940996,0.5139389140590039,0,0,2,14,,,,,,,,,,,,,,,,,
2021+ Model,2026-04-29,823717,Minnesota Twins,Seattle Mariners,Seattle Mariners,Seattle Mariners,1,True,Final,0.4643147995834542,0.5356852004165469,0.5356852004165469,0,0,3,5,,,,,,,,,,,,,,,,,
2021+ Model,2026-04-29,823796,Milwaukee Brewers,Arizona Diamondbacks,Milwaukee Brewers,Arizona Diamondbacks,0,True,Final,0.5268780355351121,0.4731219644648879,0.5268780355351121,1,0,2,6,,,,,,,,,,,,,,,,,
2021+ Model,2026-04-29,823958,Los Angeles Dodgers,Miami Marlins,Los Angeles Dodgers,Miami Marlins,0,True,Final,0.5879193017746122,0.4120806982253877,0.5879193017746122,1,0,2,3,,,,,,,,,,,,,,,,,
2021+ Model,2026-04-29,824445,Cleveland Guardians,Tampa Bay Rays,Tampa Bay Rays,Cleveland Guardians,0,True,Final,0.4883993969141346,0.5116006030858654,0.5116006030858654,0,1,3,1,,,,,,,,,,,,,,,,,
2021+ Model,2026-04-29,824525,Cincinnati Reds,Colorado Rockies,Cincinnati Reds,Colorado Rockies,0,True,Final,0.6561538359584694,0.3438461640415312,0.6561538359584694,1,0,2,13,,,,,,,,,,,,,,,,,
2021+ Model,2026-04-29,824608,Chicago White Sox,Los Angeles Angels,Los Angeles Angels,Chicago White Sox,0,True,Final,0.4958207241601775,0.5041792758398228,0.5041792758398228,0,1,3,2,,,,,,,,,,,,,,,,,
2021+ Model,2026-04-29,824930,Atlanta Braves,Detroit Tigers,Detroit Tigers,Atlanta Braves,0,True,Final,0.4943472454344402,0.5056527545655612,0.5056527545655612,0,1,4,3,,,,,,,,,,,,,,,,,
2021+ Model,2026-04-30,823391,Pittsburgh Pirates,St. Louis Cardinals,St. Louis Cardinals,St. Louis Cardinals,1,True,Final,0.4701540667428172,0.5298459332571834,0.5298459332571834,0,0,5,10,,,,,,,,,,,,,,,,,
2021+ Model,2026-04-30,823471,Philadelphia Phillies,San Francisco Giants,San Francisco Giants,Philadelphia Phillies,0,True,Final,0.5195631701316428,0.4804368298683574,0.5195631701316428,0,1,6,5,,,,,,,,,,,,,,,,,
2021+ Model,2026-04-30,823472,Philadelphia Phillies,San Francisco Giants,Philadelphia Phillies,Philadelphia Phillies,1,True,Final,0.5557482948898317,0.4442517051101677,0.5557482948898317,1,1,3,2,,,,,,,,,,,,,,,,,
2021+ Model,2026-04-30,823634,New York Mets,Washington Nationals,New York Mets,Washington Nationals,0,True,Final,0.5760012636551806,0.4239987363448191,0.5760012636551806,1,0,4,5,,,,,,,,,,,,,,,,,
2021+ Model,2026-04-30,823714,Minnesota Twins,Toronto Blue Jays,Toronto Blue Jays,Minnesota Twins,0,True,Final,0.4398799077990773,0.5601200922009238,0.5601200922009238,0,1,7,1,,,,,,,,,,,,,,,,,
2021+ Model,2026-04-30,823795,Milwaukee Brewers,Arizona Diamondbacks,Milwaukee Brewers,Milwaukee Brewers,1,True,Final,0.5409846670275599,0.459015332972441,0.5409846670275599,1,1,13,1,,,,,,,,,,,,,,,,,
2021+ Model,2026-04-30,824524,Cincinnati Reds,Colorado Rockies,Cincinnati Reds,Cincinnati Reds,1,True,Final,0.5854118046944794,0.4145881953055207,0.5854118046944794,1,1,6,4,,,,,,,,,,,,,,,,,
2021+ Model,2026-04-30,824848,Baltimore Orioles,Houston Astros,Baltimore Orioles,Baltimore Orioles,1,True,Final,0.5606307483208316,0.4393692516791678,0.5606307483208316,1,1,10,3,,,,,,,,,,,,,,,,,
2021+ Model,2026-04-30,824850,Baltimore Orioles,Houston Astros,Baltimore Orioles,Houston Astros,0,True,Final,0.5510130694254062,0.4489869305745937,0.5510130694254062,1,0,5,11,,,,,,,,,,,,,,,,,
2021+ Model,2026-04-30,824929,Atlanta Braves,Detroit Tigers,Atlanta Braves,Detroit Tigers,0,True,Final,0.5561038362300853,0.4438961637699146,0.5561038362300853,1,0,2,5,,,,,,,,,,,,,,,,,
2021+ Model,2026-04-30,825016,Athletics,Kansas City Royals,Kansas City Royals,Athletics,0,True,Final,0.496230238746756,0.5037697612532448,0.5037697612532448,0,1,6,3,,,,,,,,,,,,,,,,,
2021+ Model,2026-05-01,822744,Washington Nationals,Milwaukee Brewers,Milwaukee Brewers,Milwaukee Brewers,1,True,Final,0.4437947174485674,0.5562052825514324,0.5562052825514324,0,0,1,6,,,,,,,,,,,,,,,,,
2021+ Model,2026-05-01,822990,Tampa Bay Rays,San Francisco Giants,Tampa Bay Rays,Tampa Bay Rays,1,True,Final,0.5390566521929436,0.4609433478070567,0.5390566521929436,1,1,3,0,,,,,,,,,,,,,,,,,
2021+ Model,2026-05-01,823066,St. Louis Cardinals,Los Angeles Dodgers,Los Angeles Dodgers,St. Louis Cardinals,0,True,Final,0.4704749221315992,0.529525077868402,0.529525077868402,0,1,7,2,,,,,,,,,,,,,,,,,
2021+ Model,2026-05-01,823389,Pittsburgh Pirates,Cincinnati Reds,Cincinnati Reds,Pittsburgh Pirates,0,True,Final,0.4567105297115388,0.543289470288462,0.543289470288462,0,1,9,1,,,,,,,,,,,,,,,,,
2021+ Model,2026-05-01,823557,New York Yankees,Baltimore Orioles,New York Yankees,New York Yankees,1,True,Final,0.5905841487109543,0.4094158512890457,0.5905841487109543,1,1,7,2,,,,,,,,,,,,,,,,,
2021+ Model,2026-05-01,823713,Minnesota Twins,Toronto Blue Jays,Toronto Blue Jays,Toronto Blue Jays,1,True,Final,0.4873212832486291,0.5126787167513719,0.5126787167513719,0,0,3,7,,,,,,,,,,,,,,,,,
2021+ Model,2026-05-01,823877,Miami Marlins,Philadelphia Phillies,Philadelphia Phillies,Philadelphia Phillies,1,True,Final,0.4532471572993843,0.5467528427006162,0.5467528427006162,0,0,5,6,,,,,,,,,,,,,,,,,
2021+ Model,2026-05-01,824287,Detroit Tigers,Texas Rangers,Texas Rangers,Texas Rangers,1,True,Final,0.5106500912754379,0.4893499087245624,0.5106500912754379,0,0,4,5,,,,,,,,,,,,,,,,,
2021+ Model,2026-05-01,824366,Colorado Rockies,Atlanta Braves,Atlanta Braves,Atlanta Braves,1,True,Final,0.4599908758221772,0.5400091241778231,0.5400091241778231,0,0,6,8,,,,,,,,,,,,,,,,,
2021+ Model,2026-05-01,824686,Chicago Cubs,Arizona Diamondbacks,Arizona Diamondbacks,Chicago Cubs,0,True,Final,0.5005232591060168,0.4994767408939837,0.5005232591060168,0,1,6,5,,,,,,,,,,,,,,,,,
2021+ Model,2026-05-01,824772,Boston Red Sox,Houston Astros,Boston Red Sox,Boston Red Sox,1,True,Final,0.524904393728386,0.4750956062716148,0.524904393728386,1,1,3,1,,,,,,,,,,,,,,,,,
2021+ Model,2026-05-02,822746,Washington Nationals,Milwaukee Brewers,Milwaukee Brewers,Milwaukee Brewers,1,True,Final,0.4742625143864605,0.5257374856135404,0.5257374856135404,0,0,1,4,,,,,,,,,,,,,,,,,
2021+ Model,2026-05-02,822988,Tampa Bay Rays,San Francisco Giants,Tampa Bay Rays,Tampa Bay Rays,1,True,Final,0.534164765443433,0.4658352345565674,0.534164765443433,1,1,5,1,,,,,,,,,,,,,,,,,
2021+ Model,2026-05-02,823067,St. Louis Cardinals,Los Angeles Dodgers,Los Angeles Dodgers,St. Louis Cardinals,0,True,Final,0.4971704214138724,0.5028295785861281,0.5028295785861281,0,1,3,2,,,,,,,,,,,,,,,,,
2021+ Model,2026-05-02,823308,San Diego Padres,Chicago White Sox,Chicago White Sox,Chicago White Sox,1,True,Final,0.4801160894894576,0.5198839105105431,0.5198839105105431,0,0,0,4,,,,,,,,,,,,,,,,,
2021+ Model,2026-05-02,823388,Pittsburgh Pirates,Cincinnati Reds,Cincinnati Reds,Pittsburgh Pirates,0,True,Final,0.4849961244710258,0.515003875528975,0.515003875528975,0,1,17,7,,,,,,,,,,,,,,,,,
2021+ Model,2026-05-02,823554,New York Yankees,Baltimore Orioles,New York Yankees,New York Yankees,1,True,Final,0.5448686362957669,0.4551313637042333,0.5448686362957669,1,1,9,4,,,,,,,,,,,,,,,,,
2021+ Model,2026-05-02,823715,Minnesota Twins,Toronto Blue Jays,Toronto Blue Jays,Toronto Blue Jays,1,True,Final,0.4564559685019115,0.5435440314980895,0.5435440314980895,0,0,4,11,,,,,,,,,,,,,,,,,
2021+ Model,2026-05-02,823876,Miami Marlins,Philadelphia Phillies,Philadelphia Phillies,Miami Marlins,0,True,Final,0.4545565110542736,0.5454434889457269,0.5454434889457269,0,1,4,0,,,,,,,,,,,,,,,,,
2021+ Model,2026-05-02,824284,Detroit Tigers,Texas Rangers,Texas Rangers,Detroit Tigers,0,True,Final,0.4834920629934137,0.5165079370065871,0.5165079370065871,0,1,5,1,,,,,,,,,,,,,,,,,
2021+ Model,2026-05-02,824365,Colorado Rockies,Atlanta Braves,Atlanta Braves,Atlanta Braves,1,True,Final,0.4941978823994434,0.5058021176005565,0.5058021176005565,0,0,1,9,,,,,,,,,,,,,,,,,
2021+ Model,2026-05-02,824685,Chicago Cubs,Arizona Diamondbacks,Chicago Cubs,Chicago Cubs,1,True,Final,0.540549610211137,0.4594503897888634,0.540549610211137,1,1,2,0,,,,,,,,,,,,,,,,,
2021+ Model,2026-05-02,824771,Boston Red Sox,Houston Astros,Boston Red Sox,Houston Astros,0,True,Final,0.5740993100902816,0.4259006899097184,0.5740993100902816,1,0,3,6,,,,,,,,,,,,,,,,,
2021+ Model,2026-05-02,825014,Athletics,Cleveland Guardians,Cleveland Guardians,Cleveland Guardians,1,True,Final,0.482083154070456,0.5179168459295438,0.5179168459295438,0,0,6,14,,,,,,,,,,,,,,,,,
2021+ Model,2026-05-03,822742,Washington Nationals,Milwaukee Brewers,Milwaukee Brewers,Washington Nationals,0,True,Final,0.4215983923348046,0.5784016076651959,0.5784016076651959,0,1,3,2,,,,,,,,,,,,,,,,,
2021+ Model,2026-05-03,822987,Tampa Bay Rays,San Francisco Giants,Tampa Bay Rays,Tampa Bay Rays,1,True,Final,0.6059313162001791,0.3940686837998207,0.6059313162001791,1,1,2,1,,,,,,,,,,,,,,,,,
2021+ Model,2026-05-03,823065,St. Louis Cardinals,Los Angeles Dodgers,Los Angeles Dodgers,Los Angeles Dodgers,1,True,Final,0.4967243193455855,0.5032756806544146,0.5032756806544146,0,0,1,4,,,,,,,,,,,,,,,,,
2021+ Model,2026-05-03,823145,Seattle Mariners,Kansas City Royals,Seattle Mariners,Kansas City Royals,0,True,Final,0.5548563878471791,0.4451436121528213,0.5548563878471791,1,0,1,4,,,,,,,,,,,,,,,,,
2021+ Model,2026-05-03,823307,San Diego Padres,Chicago White Sox,Chicago White Sox,San Diego Padres,0,True,Final,0.4966501777815417,0.5033498222184588,0.5033498222184588,0,1,4,3,,,,,,,,,,,,,,,,,
2021+ Model,2026-05-03,823387,Pittsburgh Pirates,Cincinnati Reds,Cincinnati Reds,Pittsburgh Pirates,0,True,Final,0.5139051826172415,0.486094817382759,0.5139051826172415,0,1,1,0,,,,,,,,,,,,,,,,,
2021+ Model,2026-05-03,823555,New York Yankees,Baltimore Orioles,New York Yankees,New York Yankees,1,True,Final,0.5884797694851911,0.411520230514809,0.5884797694851911,1,1,11,3,,,,,,,,,,,,,,,,,
2021+ Model,2026-05-03,823711,Minnesota Twins,Toronto Blue Jays,Toronto Blue Jays,Minnesota Twins,0,True,Final,0.4242920989911704,0.5757079010088301,0.5757079010088301,0,1,4,3,,,,,,,,,,,,,,,,,
2021+ Model,2026-05-03,823875,Miami Marlins,Philadelphia Phillies,Philadelphia Phillies,Philadelphia Phillies,1,True,Final,0.4878543224293518,0.5121456775706484,0.5121456775706484,0,0,2,7,,,,,,,,,,,,,,,,,
2021+ Model,2026-05-03,824043,Los Angeles Angels,New York Mets,New York Mets,New York Mets,1,True,Final,0.4921716508604443,0.5078283491395561,0.5078283491395561,0,0,1,5,,,,,,,,,,,,,,,,,
2021+ Model,2026-05-03,824285,Detroit Tigers,Texas Rangers,Texas Rangers,Detroit Tigers,0,True,Final,0.4784418129103567,0.5215581870896441,0.5215581870896441,0,1,7,1,,,,,,,,,,,,,,,,,
2021+ Model,2026-05-03,824364,Colorado Rockies,Atlanta Braves,Atlanta Braves,Atlanta Braves,1,True,Final,0.457375671678899,0.5426243283211014,0.5426243283211014,0,0,6,11,,,,,,,,,,,,,,,,,
2021+ Model,2026-05-03,824687,Chicago Cubs,Arizona Diamondbacks,Chicago Cubs,Chicago Cubs,1,True,Final,0.603667036474027,0.3963329635259738,0.603667036474027,1,1,8,4,,,,,,,,,,,,,,,,,
2021+ Model,2026-05-03,824769,Boston Red Sox,Houston Astros,Boston Red Sox,Houston Astros,0,True,Final,0.5720956383139603,0.4279043616860399,0.5720956383139603,1,0,1,3,,,,,,,,,,,,,,,,,
2021+ Model,2026-05-03,825013,Athletics,Cleveland Guardians,Cleveland Guardians,Athletics,0,True,Final,0.494082825118693,0.5059171748813072,0.5059171748813072,0,1,7,1,,,,,,,,,,,,,,,,,
2021+ Model,2026-05-04,822984,Tampa Bay Rays,Toronto Blue Jays,Tampa Bay Rays,Tampa Bay Rays,1,True,Final,0.5547135745563789,0.445286425443621,0.5547135745563789,1,1,5,1,,,,,,,,,,,,,,,,,
2021+ Model,2026-05-04,823064,St. Louis Cardinals,Milwaukee Brewers,Milwaukee Brewers,St. Louis Cardinals,0,True,Final,0.486154969182744,0.513845030817257,0.513845030817257,0,1,6,3,,,,,,,,,,,,,,,,,
2021+ Model,2026-05-04,823228,San Francisco Giants,San Diego Padres,San Diego Padres,San Francisco Giants,0,True,Final,0.4500027050396231,0.5499972949603776,0.5499972949603776,0,1,3,2,,,,,,,,,,,,,,,,,
2021+ Model,2026-05-04,823552,New York Yankees,Baltimore Orioles,New York Yankees,New York Yankees,1,True,Final,0.663149290187116,0.3368507098128838,0.663149290187116,1,1,12,1,,,,,,,,,,,,,,,,,
2021+ Model,2026-05-04,823874,Miami Marlins,Philadelphia Phillies,Philadelphia Phillies,Philadelphia Phillies,1,True,Final,0.4884262266065056,0.5115737733934953,0.5115737733934953,0,0,0,1,,,,,,,,,,,,,,,,,
2021+ Model,2026-05-04,824039,Los Angeles Angels,Chicago White Sox,Chicago White Sox,Chicago White Sox,1,True,Final,0.4635055583904498,0.5364944416095511,0.5364944416095511,0,0,0,6,,,,,,,,,,,,,,,,,
2021+ Model,2026-05-04,824120,Kansas City Royals,Cleveland Guardians,Cleveland Guardians,Kansas City Royals,0,True,Final,0.5024929360782894,0.4975070639217118,0.5024929360782894,0,1,6,2,,,,,,,,,,,,,,,,,
2021+ Model,2026-05-04,824201,Houston Astros,Los Angeles Dodgers,Los Angeles Dodgers,Los Angeles Dodgers,1,True,Final,0.4888876182049106,0.5111123817950903,0.5111123817950903,0,0,3,8,,,,,,,,,,,,,,,,,
2021+ Model,2026-05-04,824283,Detroit Tigers,Boston Red Sox,Detroit Tigers,Boston Red Sox,0,True,Final,0.5373232477823975,0.462676752217603,0.5373232477823975,1,0,4,5,,,,,,,,,,,,,,,,,
2021+ Model,2026-05-04,824363,Colorado Rockies,New York Mets,New York Mets,New York Mets,1,True,Final,0.5118392981383052,0.488160701861696,0.5118392981383052,0,0,2,4,,,,,,,,,,,,,,,,,
2021+ Model,2026-05-04,824684,Chicago Cubs,Cincinnati Reds,Chicago Cubs,Chicago Cubs,1,True,Final,0.6341379546718562,0.3658620453281437,0.6341379546718562,1,1,5,4,,,,,,,,,,,,,,,,,
2021+ Model,2026-05-05,822743,Washington Nationals,Minnesota Twins,Minnesota Twins,Minnesota Twins,1,True,Final,0.4925225148074178,0.5074774851925828,0.5074774851925828,0,0,3,11,,,,,,,,,,,,,,,,,
2021+ Model,2026-05-05,822986,Tampa Bay Rays,Toronto Blue Jays,Tampa Bay Rays,Tampa Bay Rays,1,True,Final,0.569710619592713,0.430289380407287,0.569710619592713,1,1,4,3,,,,,,,,,,,,,,,,,
2021+ Model,2026-05-05,823469,Philadelphia Phillies,Athletics,Philadelphia Phillies,Philadelphia Phillies,1,True,Final,0.5292310529544044,0.4707689470455962,0.5292310529544044,1,1,9,1,,,,,,,,,,,,,,,,,
2021+ Model,2026-05-05,823553,New York Yankees,Texas Rangers,New York Yankees,New York Yankees,1,True,Final,0.5705603611050543,0.4294396388949462,0.5705603611050543,1,1,7,4,,,,,,,,,,,,,,,,,
2021+ Model,2026-05-05,823873,Miami Marlins,Baltimore Orioles,Miami Marlins,Baltimore Orioles,0,True,Final,0.5297422191835667,0.4702577808164342,0.5297422191835667,1,0,7,9,,,,,,,,,,,,,,,,,
2021+ Model,2026-05-05,824119,Kansas City Royals,Cleveland Guardians,Cleveland Guardians,Kansas City Royals,0,True,Final,0.4886646596603381,0.5113353403396622,0.5113353403396622,0,1,5,3,,,,,,,,,,,,,,,,,
2021+ Model,2026-05-05,824200,Houston Astros,Los Angeles Dodgers,Los Angeles Dodgers,Houston Astros,0,True,Final,0.4704193457628901,0.5295806542371106,0.5295806542371106,0,1,2,1,,,,,,,,,,,,,,,,,
2021+ Model,2026-05-05,824281,Detroit Tigers,Boston Red Sox,Boston Red Sox,Boston Red Sox,1,True,Final,0.4910365313790226,0.508963468620978,0.508963468620978,0,0,3,10,,,,,,,,,,,,,,,,,
2021+ Model,2026-05-05,824682,Chicago Cubs,Cincinnati Reds,Chicago Cubs,Chicago Cubs,1,True,Final,0.5525830325022053,0.447416967497795,0.5525830325022053,1,1,3,2,,,,,,,,,,,,,,,,,
2021+ Model,2026-05-06,822740,Washington Nationals,Minnesota Twins,Minnesota Twins,Washington Nationals,0,True,Final,0.4535028087727731,0.5464971912272281,0.5464971912272281,0,1,15,2,,,,,,,,,,,,,,,,,
2021+ Model,2026-05-06,822985,Tampa Bay Rays,Toronto Blue Jays,Tampa Bay Rays,Tampa Bay Rays,1,True,Final,0.6043663817761352,0.3956336182238645,0.6043663817761352,1,1,3,0,,,,,,,,,,,,,,,,,
2021+ Model,2026-05-06,823063,St. Louis Cardinals,Milwaukee Brewers,St. Louis Cardinals,Milwaukee Brewers,0,True,Final,0.5468032898390893,0.4531967101609109,0.5468032898390893,1,0,2,6,,,,,,,,,,,,,,,,,
2021+ Model,2026-05-06,823141,Seattle Mariners,Atlanta Braves,Atlanta Braves,Seattle Mariners,0,True,Final,0.4840367320033052,0.5159632679966957,0.5159632679966957,0,1,3,1,,,,,,,,,,,,,,,,,
2021+ Model,2026-05-06,823226,San Francisco Giants,San Diego Padres,San Diego Padres,San Diego Padres,1,True,Final,0.4701325140577742,0.5298674859422264,0.5298674859422264,0,0,1,5,,,,,,,,,,,,,,,,,
2021+ Model,2026-05-06,823470,Philadelphia Phillies,Athletics,Philadelphia Phillies,Philadelphia Phillies,1,True,Final,0.5823625467882504,0.4176374532117505,0.5823625467882504,1,1,6,3,,,,,,,,,,,,,,,,,
2021+ Model,2026-05-06,823550,New York Yankees,Texas Rangers,New York Yankees,Texas Rangers,0,True,Final,0.5784425984251835,0.4215574015748167,0.5784425984251835,1,0,1,6,,,,,,,,,,,,,,,,,
2021+ Model,2026-05-06,823872,Miami Marlins,Baltimore Orioles,Miami Marlins,Baltimore Orioles,0,True,Final,0.5646345068990576,0.4353654931009422,0.5646345068990576,1,0,4,7,,,,,,,,,,,,,,,,,
2021+ Model,2026-05-06,824036,Los Angeles Angels,Chicago White Sox,Chicago White Sox,Los Angeles Angels,0,True,Final,0.4634913098366637,0.5365086901633371,0.5365086901633371,0,1,8,2,,,,,,,,,,,,,,,,,
2021+ Model,2026-05-06,824118,Kansas City Royals,Cleveland Guardians,Cleveland Guardians,Cleveland Guardians,1,True,Final,0.4668202019382165,0.5331797980617842,0.5331797980617842,0,0,1,3,,,,,,,,,,,,,,,,,
2021+ Model,2026-05-06,824198,Houston Astros,Los Angeles Dodgers,Los Angeles Dodgers,Los Angeles Dodgers,1,True,Final,0.4983790811375991,0.501620918862402,0.501620918862402,0,0,2,12,,,,,,,,,,,,,,,,,
2021+ Model,2026-05-06,824282,Detroit Tigers,Boston Red Sox,Boston Red Sox,Boston Red Sox,1,True,Final,0.4710766346004133,0.528923365399588,0.528923365399588,0,0,0,4,,,,,,,,,,,,,,,,,
2021+ Model,2026-05-06,824683,Chicago Cubs,Cincinnati Reds,Chicago Cubs,Chicago Cubs,1,True,Final,0.5842729017591956,0.4157270982408052,0.5842729017591956,1,1,7,6,,,,,,,,,,,,,,,,,
2021+ Model,2026-05-06,825091,Arizona Diamondbacks,Pittsburgh Pirates,Pittsburgh Pirates,Pittsburgh Pirates,1,True,Final,0.498696749875131,0.5013032501248692,0.5013032501248692,0,0,0,1,,,,,,,,,,,,,,,,,
2021+ Model,2026-05-07,822741,Washington Nationals,Minnesota Twins,Washington Nationals,Washington Nationals,1,True,Final,0.5242065360111149,0.475793463988885,0.5242065360111149,1,1,7,5,,,,,,,,,,,,,,,,,
2021+ Model,2026-05-07,823467,Philadelphia Phillies,Athletics,Philadelphia Phillies,Athletics,0,True,Final,0.5673199817908315,0.4326800182091689,0.5673199817908315,1,0,1,12,,,,,,,,,,,,,,,,,
2021+ Model,2026-05-07,823551,New York Yankees,Texas Rangers,New York Yankees,New York Yankees,1,True,Final,0.5260587300889074,0.4739412699110928,0.5260587300889074,1,1,9,2,,,,,,,,,,,,,,,,,
2021+ Model,2026-05-07,823870,Miami Marlins,Baltimore Orioles,Baltimore Orioles,Miami Marlins,0,True,Final,0.5160411802476983,0.4839588197523017,0.5160411802476983,0,1,4,3,,,,,,,,,,,,,,,,,
2021+ Model,2026-05-07,824117,Kansas City Royals,Cleveland Guardians,Kansas City Royals,Cleveland Guardians,0,True,Final,0.537978457837952,0.4620215421620479,0.537978457837952,1,0,5,8,,,,,,,,,,,,,,,,,
2021+ Model,2026-05-07,824362,Colorado Rockies,New York Mets,New York Mets,Colorado Rockies,0,True,Final,0.5016528417162068,0.4983471582837932,0.5016528417162068,0,1,6,2,,,,,,,,,,,,,,,,,
2021+ Model,2026-05-07,824681,Chicago Cubs,Cincinnati Reds,Chicago Cubs,Chicago Cubs,1,True,Final,0.561151274061556,0.4388487259384442,0.561151274061556,1,1,8,3,,,,,,,,,,,,,,,,,
2021+ Model,2026-05-07,824767,Boston Red Sox,Tampa Bay Rays,Boston Red Sox,Tampa Bay Rays,0,True,Final,0.5473647346217502,0.45263526537825,0.5473647346217502,1,0,4,8,,,,,,,,,,,,,,,,,
2021+ Model,2026-05-07,825090,Arizona Diamondbacks,Pittsburgh Pirates,Arizona Diamondbacks,Pittsburgh Pirates,0,True,Final,0.5444290297841136,0.4555709702158869,0.5444290297841136,1,0,2,4,,,,,,,,,,,,,,,,,
2021+ Model,2026-05-08,822822,Toronto Blue Jays,Los Angeles Angels,Toronto Blue Jays,Toronto Blue Jays,1,True,Final,0.5576067775044882,0.442393222495512,0.5576067775044882,1,1,2,0,,,,,,,,,,,,,,,,,
2021+ Model,2026-05-08,822904,Texas Rangers,Chicago Cubs,Texas Rangers,Chicago Cubs,0,True,Final,0.5354250021247533,0.4645749978752468,0.5354250021247533,1,0,1,7,,,,,,,,,,,,,,,,,
2021+ Model,2026-05-08,823466,Philadelphia Phillies,Colorado Rockies,Philadelphia Phillies,Colorado Rockies,0,True,Final,0.5959480205063687,0.4040519794936312,0.5959480205063687,1,0,7,9,,,,,,,,,,,,,,,,,
2021+ Model,2026-05-08,823794,Milwaukee Brewers,New York Yankees,New York Yankees,Milwaukee Brewers,0,True,Final,0.4615483081354722,0.5384516918645289,0.5384516918645289,0,1,6,0,,,,,,,,,,,,,,,,,
2021+ Model,2026-05-08,823871,Miami Marlins,Washington Nationals,Washington Nationals,Washington Nationals,1,True,Final,0.4554131416177868,0.5445868583822147,0.5445868583822147,0,0,2,3,,,,,,,,,,,,,,,,,
2021+ Model,2026-05-08,824116,Kansas City Royals,Detroit Tigers,Detroit Tigers,Kansas City Royals,0,True,Final,0.4927248461305191,0.5072751538694815,0.5072751538694815,0,1,4,3,,,,,,,,,,,,,,,,,
2021+ Model,2026-05-08,824443,Cleveland Guardians,Minnesota Twins,Cleveland Guardians,Cleveland Guardians,1,True,Final,0.5471037703228657,0.4528962296771344,0.5471037703228657,1,1,6,4,,,,,,,,,,,,,,,,,
2021+ Model,2026-05-08,824522,Cincinnati Reds,Houston Astros,Houston Astros,Houston Astros,1,True,Final,0.4685925104131481,0.5314074895868529,0.5314074895868529,0,0,0,10,,,,,,,,,,,,,,,,,
2021+ Model,2026-05-08,824607,Chicago White Sox,Seattle Mariners,Seattle Mariners,Seattle Mariners,1,True,Final,0.5125848770248103,0.48741512297519,0.5125848770248103,0,0,8,12,,,,,,,,,,,,,,,,,
2021+ Model,2026-05-08,824768,Boston Red Sox,Tampa Bay Rays,Tampa Bay Rays,Boston Red Sox,0,True,Final,0.5094755440089125,0.4905244559910882,0.5094755440089125,0,1,2,0,,,,,,,,,,,,,,,,,
2021+ Model,2026-05-08,824846,Baltimore Orioles,Athletics,Athletics,Athletics,1,True,Final,0.4817683456904894,0.518231654309511,0.518231654309511,0,0,3,4,,,,,,,,,,,,,,,,,
2021+ Model,2026-05-09,822820,Toronto Blue Jays,Los Angeles Angels,Toronto Blue Jays,Toronto Blue Jays,1,True,Final,0.6027090663347808,0.3972909336652195,0.6027090663347808,1,1,14,1,,,,,,,,,,,,,,,,,
2021+ Model,2026-05-09,822905,Texas Rangers,Chicago Cubs,Chicago Cubs,Texas Rangers,0,True,Final,0.4952526035782595,0.5047473964217408,0.5047473964217408,0,1,6,0,,,,,,,,,,,,,,,,,
2021+ Model,2026-05-09,823304,San Diego Padres,St. Louis Cardinals,St. Louis Cardinals,San Diego Padres,0,True,Final,0.4381134076255618,0.5618865923744394,0.5618865923744394,0,1,4,2,,,,,,,,,,,,,,,,,
2021+ Model,2026-05-09,823468,Philadelphia Phillies,Colorado Rockies,Philadelphia Phillies,Philadelphia Phillies,1,True,Final,0.5593629421675385,0.440637057832462,0.5593629421675385,1,1,9,3,,,,,,,,,,,,,,,,,
2021+ Model,2026-05-09,823792,Milwaukee Brewers,New York Yankees,New York Yankees,Milwaukee Brewers,0,True,Final,0.4532646113091461,0.5467353886908549,0.5467353886908549,0,1,4,3,,,,,,,,,,,,,,,,,
2021+ Model,2026-05-09,823869,Miami Marlins,Washington Nationals,Washington Nationals,Miami Marlins,0,True,Final,0.4444414384990195,0.5555585615009825,0.5555585615009825,0,1,8,7,,,,,,,,,,,,,,,,,
2021+ Model,2026-05-09,823955,Los Angeles Dodgers,Atlanta Braves,Atlanta Braves,Atlanta Braves,1,True,Final,0.4563426255482322,0.5436573744517686,0.5436573744517686,0,0,2,7,,,,,,,,,,,,,,,,,
2021+ Model,2026-05-09,824115,Kansas City Royals,Detroit Tigers,Kansas City Royals,Kansas City Royals,1,True,Final,0.5930821309420566,0.4069178690579433,0.5930821309420566,1,1,5,1,,,,,,,,,,,,,,,,,
2021+ Model,2026-05-09,824444,Cleveland Guardians,Minnesota Twins,Cleveland Guardians,Minnesota Twins,0,True,Final,0.5307713709890033,0.4692286290109969,0.5307713709890033,1,0,1,2,,,,,,,,,,,,,,,,,
2021+ Model,2026-05-09,824523,Cincinnati Reds,Houston Astros,Houston Astros,Cincinnati Reds,0,True,Final,0.4553824038175227,0.5446175961824781,0.5446175961824781,0,1,3,1,,,,,,,,,,,,,,,,,
2021+ Model,2026-05-09,824606,Chicago White Sox,Seattle Mariners,Seattle Mariners,Chicago White Sox,0,True,Final,0.4610576173119911,0.5389423826880102,0.5389423826880102,0,1,6,1,,,,,,,,,,,,,,,,,
2021+ Model,2026-05-09,824847,Baltimore Orioles,Athletics,Athletics,Athletics,1,True,Final,0.456979075526561,0.5430209244734406,0.5430209244734406,0,0,2,6,,,,,,,,,,,,,,,,,
2021+ Model,2026-05-09,825089,Arizona Diamondbacks,New York Mets,New York Mets,Arizona Diamondbacks,0,True,Final,0.4940345410991136,0.5059654589008871,0.5059654589008871,0,1,2,1,,,,,,,,,,,,,,,,,
2021+ Model,2026-05-10,822819,Toronto Blue Jays,Los Angeles Angels,Toronto Blue Jays,Los Angeles Angels,0,True,Final,0.5422251067593671,0.457774893240634,0.5422251067593671,1,0,1,6,,,,,,,,,,,,,,,,,
2021+ Model,2026-05-10,822902,Texas Rangers,Chicago Cubs,Texas Rangers,Texas Rangers,1,True,Final,0.5323273892211209,0.4676726107788793,0.5323273892211209,1,1,3,0,,,,,,,,,,,,,,,,,
2021+ Model,2026-05-10,823221,San Francisco Giants,Pittsburgh Pirates,San Francisco Giants,San Francisco Giants,1,True,Final,0.5475576463604466,0.452442353639553,0.5475576463604466,1,1,7,6,,,,,,,,,,,,,,,,,
2021+ Model,2026-05-10,823305,San Diego Padres,St. Louis Cardinals,St. Louis Cardinals,San Diego Padres,0,True,Final,0.4708272486794733,0.5291727513205273,0.5291727513205273,0,1,3,2,,,,,,,,,,,,,,,,,
2021+ Model,2026-05-10,823463,Philadelphia Phillies,Colorado Rockies,Philadelphia Phillies,Philadelphia Phillies,1,True,Final,0.6010994578967671,0.3989005421032328,0.6010994578967671,1,1,6,0,,,,,,,,,,,,,,,,,
2021+ Model,2026-05-10,823793,Milwaukee Brewers,New York Yankees,New York Yankees,Milwaukee Brewers,0,True,Final,0.4982452232896313,0.5017547767103692,0.5017547767103692,0,1,4,3,,,,,,,,,,,,,,,,,
2021+ Model,2026-05-10,823868,Miami Marlins,Washington Nationals,Washington Nationals,Miami Marlins,0,True,Final,0.4928863981728253,0.5071136018271751,0.5071136018271751,0,1,5,2,,,,,,,,,,,,,,,,,
2021+ Model,2026-05-10,823954,Los Angeles Dodgers,Atlanta Braves,Atlanta Braves,Atlanta Braves,1,True,Final,0.4939646946106288,0.5060353053893717,0.5060353053893717,0,0,2,7,,,,,,,,,,,,,,,,,
2021+ Model,2026-05-10,824113,Kansas City Royals,Detroit Tigers,Detroit Tigers,Detroit Tigers,1,True,Final,0.4964972450277025,0.5035027549722981,0.5035027549722981,0,0,3,6,,,,,,,,,,,,,,,,,
2021+ Model,2026-05-10,824440,Cleveland Guardians,Minnesota Twins,Cleveland Guardians,Minnesota Twins,0,True,Final,0.5241971276531141,0.4758028723468863,0.5241971276531141,1,0,4,5,,,,,,,,,,,,,,,,,
2021+ Model,2026-05-10,824520,Cincinnati Reds,Houston Astros,Houston Astros,Cincinnati Reds,0,True,Final,0.4808697858710815,0.5191302141289188,0.5191302141289188,0,1,5,0,,,,,,,,,,,,,,,,,
2021+ Model,2026-05-10,824605,Chicago White Sox,Seattle Mariners,Seattle Mariners,Chicago White Sox,0,True,Final,0.4956073110317209,0.5043926889682802,0.5043926889682802,0,1,2,1,,,,,,,,,,,,,,,,,
2021+ Model,2026-05-10,824765,Boston Red Sox,Tampa Bay Rays,Tampa Bay Rays,Tampa Bay Rays,1,True,Final,0.4933338683548909,0.5066661316451094,0.5066661316451094,0,0,1,4,,,,,,,,,,,,,,,,,
2021+ Model,2026-05-10,824845,Baltimore Orioles,Athletics,Athletics,Baltimore Orioles,0,True,Final,0.4629659234871996,0.5370340765128012,0.5370340765128012,0,1,2,1,,,,,,,,,,,,,,,,,
2021+ Model,2026-05-10,825085,Arizona Diamondbacks,New York Mets,New York Mets,Arizona Diamondbacks,0,True,Final,0.5029203378421531,0.4970796621578472,0.5029203378421531,0,1,5,1,,,,,,,,,,,,,,,,,
2021+ Model,2026-05-11,822818,Toronto Blue Jays,Tampa Bay Rays,Tampa Bay Rays,Tampa Bay Rays,1,True,Final,0.4873178590991772,0.5126821409008232,0.5126821409008232,0,0,5,8,,,,,,,,,,,,,,,,,
2021+ Model,2026-05-11,822901,Texas Rangers,Arizona Diamondbacks,Texas Rangers,Arizona Diamondbacks,0,True,Final,0.5569552081463279,0.4430447918536722,0.5569552081463279,1,0,0,1,,,,,,,,,,,,,,,,,
2021+ Model,2026-05-11,824199,Houston Astros,Seattle Mariners,Seattle Mariners,Seattle Mariners,1,True,Final,0.4794379665782167,0.5205620334217841,0.5205620334217841,0,0,1,3,,,,,,,,,,,,,,,,,
2021+ Model,2026-05-11,824441,Cleveland Guardians,Los Angeles Angels,Cleveland Guardians,Cleveland Guardians,1,True,Final,0.5702145471319346,0.4297854528680657,0.5702145471319346,1,1,7,2,,,,,,,,,,,,,,,,,
2021+ Model,2026-05-11,824844,Baltimore Orioles,New York Yankees,New York Yankees,Baltimore Orioles,0,True,Final,0.4776821004702024,0.522317899529798,0.522317899529798,0,1,3,2,,,,,,,,,,,,,,,,,
2021+ Model,2026-05-12,822817,Toronto Blue Jays,Tampa Bay Rays,Tampa Bay Rays,Tampa Bay Rays,1,True,Final,0.4837272120721137,0.5162727879278872,0.5162727879278872,0,0,6,7,,,,,,,,,,,,,,,,,
2021+ Model,2026-05-12,822903,Texas Rangers,Arizona Diamondbacks,Texas Rangers,Texas Rangers,1,True,Final,0.5301988091297882,0.4698011908702125,0.5301988091297882,1,1,7,4,,,,,,,,,,,,,,,,,
2021+ Model,2026-05-12,823385,Pittsburgh Pirates,Colorado Rockies,Pittsburgh Pirates,Pittsburgh Pirates,1,True,Final,0.5730015612591512,0.4269984387408491,0.5730015612591512,1,1,3,1,,,,,,,,,,,,,,,,,
2021+ Model,2026-05-12,823632,New York Mets,Detroit Tigers,Detroit Tigers,New York Mets,0,True,Final,0.5161316570011085,0.483868342998892,0.5161316570011085,0,1,10,2,,,,,,,,,,,,,,,,,
2021+ Model,2026-05-12,823712,Minnesota Twins,Miami Marlins,Miami Marlins,Minnesota Twins,0,True,Final,0.5194666372397323,0.4805333627602683,0.5194666372397323,0,1,3,0,,,,,,,,,,,,,,,,,
2021+ Model,2026-05-12,823790,Milwaukee Brewers,San Diego Padres,Milwaukee Brewers,Milwaukee Brewers,1,True,Final,0.5315292054149655,0.468470794585035,0.5315292054149655,1,1,6,4,,,,,,,,,,,,,,,,,
2021+ Model,2026-05-12,824197,Houston Astros,Seattle Mariners,Seattle Mariners,Seattle Mariners,1,True,Final,0.4817042507513472,0.518295749248654,0.518295749248654,0,0,2,10,,,,,,,,,,,,,,,,,
2021+ Model,2026-05-12,824442,Cleveland Guardians,Los Angeles Angels,Los Angeles Angels,Cleveland Guardians,0,True,Final,0.5133821881631746,0.486617811836826,0.5133821881631746,0,1,3,2,,,,,,,,,,,,,,,,,
2021+ Model,2026-05-12,824521,Cincinnati Reds,Washington Nationals,Washington Nationals,Washington Nationals,1,True,Final,0.4663688282351765,0.5336311717648249,0.5336311717648249,0,0,4,10,,,,,,,,,,,,,,,,,
2021+ Model,2026-05-12,824604,Chicago White Sox,Kansas City Royals,Kansas City Royals,Chicago White Sox,0,True,Final,0.4989973857987715,0.5010026142012293,0.5010026142012293,0,1,6,5,,,,,,,,,,,,,,,,,
2021+ Model,2026-05-12,824764,Boston Red Sox,Philadelphia Phillies,Philadelphia Phillies,Philadelphia Phillies,1,True,Final,0.5067626199385373,0.4932373800614631,0.5067626199385373,0,0,1,2,,,,,,,,,,,,,,,,,
2021+ Model,2026-05-12,824843,Baltimore Orioles,New York Yankees,New York Yankees,New York Yankees,1,True,Final,0.4823514683458109,0.5176485316541897,0.5176485316541897,0,0,2,6,,,,,,,,,,,,,,,,,
2021+ Model,2026-05-12,824927,Atlanta Braves,Chicago Cubs,Atlanta Braves,Atlanta Braves,1,True,Final,0.5339124630473479,0.4660875369526527,0.5339124630473479,1,1,5,2,,,,,,,,,,,,,,,,,
2021+ Model,2026-05-13,822815,Toronto Blue Jays,Tampa Bay Rays,Tampa Bay Rays,Toronto Blue Jays,0,True,Final,0.5025950135726726,0.4974049864273285,0.5025950135726726,0,1,5,3,,,,,,,,,,,,,,,,,
2021+ Model,2026-05-13,822900,Texas Rangers,Arizona Diamondbacks,Arizona Diamondbacks,Texas Rangers,0,True,Final,0.5152102407747494,0.4847897592252512,0.5152102407747494,0,1,6,5,,,,,,,,,,,,,,,,,
2021+ Model,2026-05-13,823386,Pittsburgh Pirates,Colorado Rockies,Colorado Rockies,Colorado Rockies,1,True,Final,0.5057465859590458,0.4942534140409548,0.5057465859590458,0,0,4,10,,,,,,,,,,,,,,,,,
2021+ Model,2026-05-13,823631,New York Mets,Detroit Tigers,Detroit Tigers,New York Mets,0,True,Final,0.5080446655910684,0.4919553344089321,0.5080446655910684,0,1,3,2,,,,,,,,,,,,,,,,,
2021+ Model,2026-05-13,823710,Minnesota Twins,Miami Marlins,Miami Marlins,Miami Marlins,1,True,Final,0.5192359658904362,0.4807640341095641,0.5192359658904362,0,0,5,9,,,,,,,,,,,,,,,,,
2021+ Model,2026-05-13,823791,Milwaukee Brewers,San Diego Padres,Milwaukee Brewers,San Diego Padres,0,True,Final,0.5511689705807425,0.4488310294192583,0.5511689705807425,1,0,1,3,,,,,,,,,,,,,,,,,
2021+ Model,2026-05-13,824195,Houston Astros,Seattle Mariners,Houston Astros,Houston Astros,1,True,Final,0.5519274500043205,0.4480725499956802,0.5519274500043205,1,1,4,3,,,,,,,,,,,,,,,,,
2021+ Model,2026-05-13,824438,Cleveland Guardians,Los Angeles Angels,Cleveland Guardians,Cleveland Guardians,1,True,Final,0.556701854224423,0.4432981457755774,0.556701854224423,1,1,4,2,,,,,,,,,,,,,,,,,
2021+ Model,2026-05-13,824519,Cincinnati Reds,Washington Nationals,Washington Nationals,Washington Nationals,1,True,Final,0.4887738892495745,0.5112261107504261,0.5112261107504261,0,0,7,8,,,,,,,,,,,,,,,,,
2021+ Model,2026-05-13,824603,Chicago White Sox,Kansas City Royals,Kansas City Royals,Chicago White Sox,0,True,Final,0.5021032383775165,0.4978967616224842,0.5021032383775165,0,1,6,5,,,,,,,,,,,,,,,,,
2021+ Model,2026-05-13,824763,Boston Red Sox,Philadelphia Phillies,Boston Red Sox,Boston Red Sox,1,True,Final,0.5459180398682983,0.4540819601317017,0.5459180398682983,1,1,3,1,,,,,,,,,,,,,,,,,
2021+ Model,2026-05-13,824841,Baltimore Orioles,New York Yankees,New York Yankees,Baltimore Orioles,0,True,Final,0.4746960407332018,0.5253039592667993,0.5253039592667993,0,1,7,0,,,,,,,,,,,,,,,,,
2021+ Model,2026-05-13,824928,Atlanta Braves,Chicago Cubs,Chicago Cubs,Atlanta Braves,0,True,Final,0.5040009095867463,0.4959990904132546,0.5040009095867463,0,1,4,1,,,,,,,,,,,,,,,,,
2021+ Model,2026-05-14,823383,Pittsburgh Pirates,Colorado Rockies,Pittsburgh Pirates,Pittsburgh Pirates,1,True,Final,0.5593285160440125,0.4406714839559877,0.5593285160440125,1,1,7,2,,,,,,,,,,,,,,,,,
2021+ Model,2026-05-14,823630,New York Mets,Detroit Tigers,New York Mets,New York Mets,1,True,Final,0.6006009137838377,0.3993990862161624,0.6006009137838377,1,1,9,4,,,,,,,,,,,,,,,,,
2021+ Model,2026-05-14,823709,Minnesota Twins,Miami Marlins,Miami Marlins,Minnesota Twins,0,True,Final,0.5107659928169201,0.4892340071830801,0.5107659928169201,0,1,9,1,,,,,,,,,,,,,,,,,
2021+ Model,2026-05-14,823789,Milwaukee Brewers,San Diego Padres,Milwaukee Brewers,Milwaukee Brewers,1,True,Final,0.6049438449885116,0.3950561550114889,0.6049438449885116,1,1,7,1,,,,,,,,,,,,,,,,,
2021+ Model,2026-05-14,824196,Houston Astros,Seattle Mariners,Seattle Mariners,Seattle Mariners,1,True,Final,0.4929365620932951,0.5070634379067052,0.5070634379067052,0,0,3,8,,,,,,,,,,,,,,,,,
2021+ Model,2026-05-14,824517,Cincinnati Reds,Washington Nationals,Washington Nationals,Cincinnati Reds,0,True,Final,0.4793483801274496,0.5206516198725507,0.5206516198725507,0,1,15,1,,,,,,,,,,,,,,,,,
2021+ Model,2026-05-14,824602,Chicago White Sox,Kansas City Royals,Kansas City Royals,Chicago White Sox,0,True,Final,0.4843329417248564,0.5156670582751439,0.5156670582751439,0,1,6,2,,,,,,,,,,,,,,,,,
2021+ Model,2026-05-14,824762,Boston Red Sox,Philadelphia Phillies,Boston Red Sox,Philadelphia Phillies,0,True,Final,0.5523022391366185,0.4476977608633815,0.5523022391366185,1,0,1,3,,,,,,,,,,,,,,,,,
2021+ Model,2026-05-14,824926,Atlanta Braves,Chicago Cubs,Atlanta Braves,Chicago Cubs,0,True,Final,0.5793806746446156,0.4206193253553842,0.5793806746446156,1,0,0,2,,,,,,,,,,,,,,,,,
2021+ Model,2026-05-14,825008,Athletics,St. Louis Cardinals,St. Louis Cardinals,St. Louis Cardinals,1,True,Final,0.4830979625520968,0.5169020374479042,0.5169020374479042,0,0,4,5,,,,,,,,,,,,,,,,,
2021+ Model,2026-05-15,822739,Washington Nationals,Baltimore Orioles,Baltimore Orioles,Washington Nationals,0,True,Final,0.5061212203851393,0.4938787796148614,0.5061212203851393,0,1,3,2,,,,,,,,,,,,,,,,,
2021+ Model,2026-05-15,822983,Tampa Bay Rays,Miami Marlins,Tampa Bay Rays,Tampa Bay Rays,1,True,Final,0.6328239974171169,0.367176002582883,0.6328239974171169,1,1,7,2,,,,,,,,,,,,,,,,,
2021+ Model,2026-05-15,823061,St. Louis Cardinals,Kansas City Royals,St. Louis Cardinals,St. Louis Cardinals,1,True,Final,0.5406341589341516,0.4593658410658486,0.5406341589341516,1,1,5,4,,,,,,,,,,,,,,,,,
2021+ Model,2026-05-15,823384,Pittsburgh Pirates,Philadelphia Phillies,Pittsburgh Pirates,Philadelphia Phillies,0,True,Final,0.5510049139393645,0.4489950860606357,0.5510049139393645,1,0,9,11,,,,,,,,,,,,,,,,,
2021+ Model,2026-05-15,823629,New York Mets,New York Yankees,New York Yankees,New York Yankees,1,True,Final,0.4804323224788667,0.5195676775211342,0.5195676775211342,0,0,2,5,,,,,,,,,,,,,,,,,
2021+ Model,2026-05-15,823707,Minnesota Twins,Milwaukee Brewers,Milwaukee Brewers,Milwaukee Brewers,1,True,Final,0.4533383258704395,0.5466616741295618,0.5466616741295618,0,0,2,3,,,,,,,,,,,,,,,,,
2021+ Model,2026-05-15,824194,Houston Astros,Texas Rangers,Texas Rangers,Houston Astros,0,True,Final,0.5119685876907818,0.4880314123092186,0.5119685876907818,0,1,2,0,,,,,,,,,,,,,,,,,
2021+ Model,2026-05-15,824280,Detroit Tigers,Toronto Blue Jays,Toronto Blue Jays,Detroit Tigers,0,True,Final,0.47415520204065,0.525844797959351,0.525844797959351,0,1,3,2,,,,,,,,,,,,,,,,,
2021+ Model,2026-05-15,824360,Colorado Rockies,Arizona Diamondbacks,Arizona Diamondbacks,Arizona Diamondbacks,1,True,Final,0.4981110589920345,0.5018889410079659,0.5018889410079659,0,0,1,9,,,,,,,,,,,,,,,,,
2021+ Model,2026-05-15,824439,Cleveland Guardians,Cincinnati Reds,Cleveland Guardians,Cincinnati Reds,0,True,Final,0.5530058091237193,0.4469941908762809,0.5530058091237193,1,0,6,7,,,,,,,,,,,,,,,,,
2021+ Model,2026-05-15,824601,Chicago White Sox,Chicago Cubs,Chicago Cubs,Chicago Cubs,1,True,Final,0.5083558183468294,0.4916441816531711,0.5083558183468294,0,0,5,10,,,,,,,,,,,,,,,,,
2021+ Model,2026-05-15,824925,Atlanta Braves,Boston Red Sox,Boston Red Sox,Atlanta Braves,0,True,Final,0.5028407466063157,0.4971592533936846,0.5028407466063157,0,1,3,2,,,,,,,,,,,,,,,,,
2021+ Model,2026-05-16,822737,Washington Nationals,Baltimore Orioles,Baltimore Orioles,Washington Nationals,0,True,Final,0.4810838268038379,0.5189161731961631,0.5189161731961631,0,1,13,3,,,,,,,,,,,,,,,,,
2021+ Model,2026-05-16,822981,Tampa Bay Rays,Miami Marlins,Tampa Bay Rays,Miami Marlins,0,True,Final,0.5461992187975387,0.4538007812024613,0.5461992187975387,1,0,5,10,,,,,,,,,,,,,,,,,
2021+ Model,2026-05-16,823060,St. Louis Cardinals,Kansas City Royals,St. Louis Cardinals,St. Louis Cardinals,1,True,Final,0.5347369591712615,0.4652630408287386,0.5347369591712615,1,1,4,2,,,,,,,,,,,,,,,,,
2021+ Model,2026-05-16,823139,Seattle Mariners,San Diego Padres,Seattle Mariners,San Diego Padres,0,True,Final,0.530994033140557,0.4690059668594433,0.530994033140557,1,0,4,7,,,,,,,,,,,,,,,,,
2021+ Model,2026-05-16,823382,Pittsburgh Pirates,Philadelphia Phillies,Philadelphia Phillies,Philadelphia Phillies,1,True,Final,0.4734736293641552,0.5265263706358454,0.5265263706358454,0,0,0,6,,,,,,,,,,,,,,,,,
2021+ Model,2026-05-16,823627,New York Mets,New York Yankees,New York Yankees,New York Mets,0,True,Final,0.5024734626361034,0.4975265373638969,0.5024734626361034,0,1,6,3,,,,,,,,,,,,,,,,,
2021+ Model,2026-05-16,823706,Minnesota Twins,Milwaukee Brewers,Milwaukee Brewers,Milwaukee Brewers,1,True,Final,0.4662849491881187,0.533715050811882,0.533715050811882,0,0,1,2,,,,,,,,,,,,,,,,,
2021+ Model,2026-05-16,824193,Houston Astros,Texas Rangers,Texas Rangers,Houston Astros,0,True,Final,0.5020920017346117,0.497907998265389,0.5020920017346117,0,1,4,1,,,,,,,,,,,,,,,,,
2021+ Model,2026-05-16,824278,Detroit Tigers,Toronto Blue Jays,Toronto Blue Jays,Toronto Blue Jays,1,True,Final,0.4869785249425664,0.5130214750574338,0.5130214750574338,0,0,1,2,,,,,,,,,,,,,,,,,
2021+ Model,2026-05-16,824359,Colorado Rockies,Arizona Diamondbacks,Colorado Rockies,Colorado Rockies,1,True,Final,0.5263623949466747,0.4736376050533257,0.5263623949466747,1,1,4,2,,,,,,,,,,,,,,,,,
2021+ Model,2026-05-16,824435,Cleveland Guardians,Cincinnati Reds,Cleveland Guardians,Cleveland Guardians,1,True,Final,0.6014993894229006,0.3985006105770996,0.6014993894229006,1,1,7,4,,,,,,,,,,,,,,,,,
2021+ Model,2026-05-16,824600,Chicago White Sox,Chicago Cubs,Chicago Cubs,Chicago White Sox,0,True,Final,0.5074345875148262,0.4925654124851747,0.5074345875148262,0,1,8,3,,,,,,,,,,,,,,,,,
2021+ Model,2026-05-16,824924,Atlanta Braves,Boston Red Sox,Atlanta Braves,Boston Red Sox,0,True,Final,0.5269427200171747,0.4730572799828257,0.5269427200171747,1,0,2,3,,,,,,,,,,,,,,,,,
2021+ Model,2026-05-17,822738,Washington Nationals,Baltimore Orioles,Washington Nationals,Baltimore Orioles,0,True,Final,0.5218917561276076,0.478108243872393,0.5218917561276076,1,0,3,7,,,,,,,,,,,,,,,,,
2021+ Model,2026-05-17,822982,Tampa Bay Rays,Miami Marlins,Tampa Bay Rays,Tampa Bay Rays,1,True,Final,0.5984376678404542,0.4015623321595462,0.5984376678404542,1,1,6,3,,,,,,,,,,,,,,,,,
2021+ Model,2026-05-17,823058,St. Louis Cardinals,Kansas City Royals,St. Louis Cardinals,Kansas City Royals,0,True,Final,0.5211946424956376,0.4788053575043627,0.5211946424956376,1,0,0,2,,,,,,,,,,,,,,,,,
2021+ Model,2026-05-17,823138,Seattle Mariners,San Diego Padres,San Diego Padres,San Diego Padres,1,True,Final,0.5077620439103903,0.4922379560896103,0.5077620439103903,0,0,3,8,,,,,,,,,,,,,,,,,
2021+ Model,2026-05-17,823381,Pittsburgh Pirates,Philadelphia Phillies,Philadelphia Phillies,Philadelphia Phillies,1,True,Final,0.4970870700743498,0.5029129299256506,0.5029129299256506,0,0,0,6,,,,,,,,,,,,,,,,,
2021+ Model,2026-05-17,823628,New York Mets,New York Yankees,New York Mets,New York Mets,1,True,Final,0.5206076274645003,0.4793923725354997,0.5206076274645003,1,1,7,6,,,,,,,,,,,,,,,,,
2021+ Model,2026-05-17,823708,Minnesota Twins,Milwaukee Brewers,Milwaukee Brewers,Minnesota Twins,0,True,Final,0.5092959237788716,0.4907040762211287,0.5092959237788716,0,1,5,4,,,,,,,,,,,,,,,,,
2021+ Model,2026-05-17,824034,Los Angeles Angels,Los Angeles Dodgers,Los Angeles Dodgers,Los Angeles Dodgers,1,True,Final,0.4824430000780998,0.5175569999219004,0.5175569999219004,0,0,1,10,,,,,,,,,,,,,,,,,
2021+ Model,2026-05-17,824192,Houston Astros,Texas Rangers,Houston Astros,Texas Rangers,0,True,Final,0.5236252014294336,0.4763747985705668,0.5236252014294336,1,0,0,8,,,,,,,,,,,,,,,,,
2021+ Model,2026-05-17,824279,Detroit Tigers,Toronto Blue Jays,Toronto Blue Jays,Toronto Blue Jays,1,True,Final,0.4842385528594427,0.5157614471405578,0.5157614471405578,0,0,1,4,,,,,,,,,,,,,,,,,
2021+ Model,2026-05-17,824358,Colorado Rockies,Arizona Diamondbacks,Arizona Diamondbacks,Arizona Diamondbacks,1,True,Final,0.5067493746530775,0.4932506253469229,0.5067493746530775,0,0,6,8,,,,,,,,,,,,,,,,,
2021+ Model,2026-05-17,824436,Cleveland Guardians,Cincinnati Reds,Cleveland Guardians,Cleveland Guardians,1,True,Final,0.5784540337579054,0.4215459662420949,0.5784540337579054,1,1,10,3,,,,,,,,,,,,,,,,,
2021+ Model,2026-05-17,824599,Chicago White Sox,Chicago Cubs,Chicago Cubs,Chicago White Sox,0,True,Final,0.5150198183084806,0.4849801816915202,0.5150198183084806,0,1,9,8,,,,,,,,,,,,,,,,,
2021+ Model,2026-05-17,824923,Atlanta Braves,Boston Red Sox,Atlanta Braves,Atlanta Braves,1,True,Final,0.5719367165831855,0.428063283416815,0.5719367165831855,1,1,8,1,,,,,,,,,,,,,,,,,
2021+ Model,2026-05-17,825006,Athletics,San Francisco Giants,Athletics,San Francisco Giants,0,True,Final,0.5273442353183491,0.4726557646816511,0.5273442353183491,1,0,1,10,,,,,,,,,,,,,,,,,
2021+ Model,2026-05-18,822734,Washington Nationals,New York Mets,New York Mets,New York Mets,1,True,Final,0.487607932711618,0.5123920672883834,0.5123920672883834,0,0,7,16,,,,,,,,,,,,,,,,,
2021+ Model,2026-05-18,822980,Tampa Bay Rays,Baltimore Orioles,Tampa Bay Rays,Tampa Bay Rays,1,True,Final,0.5359710475894048,0.4640289524105949,0.5359710475894048,1,1,16,6,,,,,,,,,,,,,,,,,
2021+ Model,2026-05-18,823465,Philadelphia Phillies,Cincinnati Reds,Philadelphia Phillies,Philadelphia Phillies,1,True,Final,0.5339076966704521,0.4660923033295478,0.5339076966704521,1,1,5,4,,,,,,,,,,,,,,,,,
2021+ Model,2026-05-18,823549,New York Yankees,Toronto Blue Jays,Toronto Blue Jays,New York Yankees,0,True,Final,0.506084379762958,0.4939156202370424,0.506084379762958,0,1,7,6,,,,,,,,,,,,,,,,,
2021+ Model,2026-05-18,823867,Miami Marlins,Atlanta Braves,Atlanta Braves,Miami Marlins,0,True,Final,0.4763207005235353,0.5236792994764654,0.5236792994764654,0,1,12,0,,,,,,,,,,,,,,,,,
2021+ Model,2026-05-18,824114,Kansas City Royals,Boston Red Sox,Boston Red Sox,Boston Red Sox,1,True,Final,0.4775840101773269,0.5224159898226743,0.5224159898226743,0,0,1,3,,,,,,,,,,,,,,,,,
2021+ Model,2026-05-18,824277,Detroit Tigers,Cleveland Guardians,Cleveland Guardians,Cleveland Guardians,1,True,Final,0.5056909640751274,0.4943090359248731,0.5056909640751274,0,0,2,8,,,,,,,,,,,,,,,,,
2021+ Model,2026-05-18,824357,Colorado Rockies,Texas Rangers,Texas Rangers,Colorado Rockies,0,True,Final,0.5122322485965624,0.4877677514034375,0.5122322485965624,0,1,7,6,,,,,,,,,,,,,,,,,
2021+ Model,2026-05-18,824680,Chicago Cubs,Milwaukee Brewers,Milwaukee Brewers,Milwaukee Brewers,1,True,Final,0.4990090018956852,0.5009909981043156,0.5009909981043156,0,0,3,9,,,,,,,,,,,,,,,,,
2021+ Model,2026-05-19,822736,Washington Nationals,New York Mets,New York Mets,Washington Nationals,0,True,Final,0.5024224320826957,0.4975775679173052,0.5024224320826957,0,1,9,6,,,,,,,,,,,,,,,,,
2021+ Model,2026-05-19,822979,Tampa Bay Rays,Baltimore Orioles,Tampa Bay Rays,Tampa Bay Rays,1,True,Final,0.541143777330248,0.4588562226697522,0.541143777330248,1,1,4,1,,,,,,,,,,,,,,,,,
2021+ Model,2026-05-19,823059,St. Louis Cardinals,Pittsburgh Pirates,Pittsburgh Pirates,St. Louis Cardinals,0,True,Final,0.5060109961224217,0.4939890038775786,0.5060109961224217,0,1,9,6,,,,,,,,,,,,,,,,,
2021+ Model,2026-05-19,823464,Philadelphia Phillies,Cincinnati Reds,Cincinnati Reds,Cincinnati Reds,1,True,Final,0.5159577017345084,0.4840422982654923,0.5159577017345084,0,0,1,4,,,,,,,,,,,,,,,,,
2021+ Model,2026-05-19,823548,New York Yankees,Toronto Blue Jays,Toronto Blue Jays,New York Yankees,0,True,Final,0.5083677485147466,0.4916322514852536,0.5083677485147466,0,1,5,4,,,,,,,,,,,,,,,,,
2021+ Model,2026-05-19,823704,Minnesota Twins,Houston Astros,Houston Astros,Houston Astros,1,True,Final,0.5079099102855494,0.4920900897144509,0.5079099102855494,0,0,1,2,,,,,,,,,,,,,,,,,
2021+ Model,2026-05-19,823865,Miami Marlins,Atlanta Braves,Atlanta Braves,Atlanta Braves,1,True,Final,0.4978566628843033,0.5021433371156975,0.5021433371156975,0,0,4,8,,,,,,,,,,,,,,,,,
2021+ Model,2026-05-19,824112,Kansas City Royals,Boston Red Sox,Boston Red Sox,Boston Red Sox,1,True,Final,0.4875931332041873,0.5124068667958135,0.5124068667958135,0,0,1,7,,,,,,,,,,,,,,,,,
2021+ Model,2026-05-19,824276,Detroit Tigers,Cleveland Guardians,Cleveland Guardians,Cleveland Guardians,1,True,Final,0.4729899834721722,0.5270100165278283,0.5270100165278283,0,0,3,4,,,,,,,,,,,,,,,,,
2021+ Model,2026-05-19,824356,Colorado Rockies,Texas Rangers,Texas Rangers,Texas Rangers,1,True,Final,0.5010269138002849,0.498973086199716,0.5010269138002849,0,0,0,10,,,,,,,,,,,,,,,,,
2021+ Model,2026-05-19,824677,Chicago Cubs,Milwaukee Brewers,Milwaukee Brewers,Milwaukee Brewers,1,True,Final,0.4508760204705055,0.5491239795294952,0.5491239795294952,0,0,2,5,,,,,,,,,,,,,,,,,
2021+ Model,2026-05-20,822735,Washington Nationals,New York Mets,New York Mets,Washington Nationals,0,True,Final,0.4897845548378179,0.5102154451621831,0.5102154451621831,0,1,8,4,,,,,,,,,,,,,,,,,
2021+ Model,2026-05-20,822977,Tampa Bay Rays,Baltimore Orioles,Tampa Bay Rays,Tampa Bay Rays,1,True,Final,0.562368019782111,0.4376319802178892,0.562368019782111,1,1,5,3,,,,,,,,,,,,,,,,,
2021+ Model,2026-05-20,823057,St. Louis Cardinals,Pittsburgh Pirates,Pittsburgh Pirates,Pittsburgh Pirates,1,True,Final,0.5180083942633051,0.4819916057366952,0.5180083942633051,0,0,0,7,,,,,,,,,,,,,,,,,
2021+ Model,2026-05-20,823134,Seattle Mariners,Chicago White Sox,Chicago White Sox,Seattle Mariners,0,True,Final,0.4567421383830038,0.5432578616169967,0.5432578616169967,0,1,5,4,,,,,,,,,,,,,,,,,
2021+ Model,2026-05-20,823299,San Diego Padres,Los Angeles Dodgers,Los Angeles Dodgers,Los Angeles Dodgers,1,True,Final,0.5067024828291818,0.4932975171708192,0.5067024828291818,0,0,0,4,,,,,,,,,,,,,,,,,
2021+ Model,2026-05-20,823462,Philadelphia Phillies,Cincinnati Reds,Philadelphia Phillies,Cincinnati Reds,0,True,Final,0.5384450506365088,0.461554949363492,0.5384450506365088,1,0,4,9,,,,,,,,,,,,,,,,,
2021+ Model,2026-05-20,823703,Minnesota Twins,Houston Astros,Minnesota Twins,Minnesota Twins,1,True,Final,0.5436245208443136,0.4563754791556871,0.5436245208443136,1,1,4,1,,,,,,,,,,,,,,,,,
2021+ Model,2026-05-20,823866,Miami Marlins,Atlanta Braves,Atlanta Braves,Atlanta Braves,1,True,Final,0.4435737192174496,0.5564262807825519,0.5564262807825519,0,0,1,9,,,,,,,,,,,,,,,,,
2021+ Model,2026-05-20,824111,Kansas City Royals,Boston Red Sox,Boston Red Sox,Boston Red Sox,1,True,Final,0.4552493936076511,0.5447506063923502,0.5447506063923502,0,0,3,4,,,,,,,,,,,,,,,,,
2021+ Model,2026-05-20,824273,Detroit Tigers,Cleveland Guardians,Cleveland Guardians,Cleveland Guardians,1,True,Final,0.4733736390266965,0.526626360973304,0.526626360973304,0,0,2,3,,,,,,,,,,,,,,,,,
2021+ Model,2026-05-20,824355,Colorado Rockies,Texas Rangers,Colorado Rockies,Texas Rangers,0,True,Final,0.5289612949528301,0.4710387050471707,0.5289612949528301,1,0,4,5,,,,,,,,,,,,,,,,,
2021+ Model,2026-05-20,824678,Chicago Cubs,Milwaukee Brewers,Milwaukee Brewers,Milwaukee Brewers,1,True,Final,0.4621451910164047,0.5378548089835963,0.5378548089835963,0,0,0,5,,,,,,,,,,,,,,,,,
2021+ Model,2026-05-20,825084,Arizona Diamondbacks,San Francisco Giants,Arizona Diamondbacks,Arizona Diamondbacks,1,True,Final,0.5378764275125861,0.4621235724874152,0.5378764275125861,1,1,6,3,,,,,,,,,,,,,,,,,
2021+ Model,2026-05-21,822733,Washington Nationals,New York Mets,New York Mets,New York Mets,1,True,Final,0.4862710388408,0.5137289611592013,0.5137289611592013,0,0,1,2,,,,,,,,,,,,,,,,,
2021+ Model,2026-05-21,823056,St. Louis Cardinals,Pittsburgh Pirates,Pittsburgh Pirates,Pittsburgh Pirates,1,True,Final,0.4823817003548051,0.517618299645195,0.517618299645195,0,0,2,6,,,,,,,,,,,,,,,,,
2021+ Model,2026-05-21,823545,New York Yankees,Toronto Blue Jays,Toronto Blue Jays,Toronto Blue Jays,1,True,Final,0.5011146375193285,0.4988853624806718,0.5011146375193285,0,0,0,2,,,,,,,,,,,,,,,,,
2021+ Model,2026-05-21,823864,Miami Marlins,Atlanta Braves,Atlanta Braves,Atlanta Braves,1,True,Final,0.4691334244330378,0.5308665755669634,0.5308665755669634,0,0,3,9,,,,,,,,,,,,,,,,,
2021+ Model,2026-05-21,824274,Detroit Tigers,Cleveland Guardians,Cleveland Guardians,Cleveland Guardians,1,True,Final,0.4689535010441464,0.5310464989558542,0.5310464989558542,0,0,1,3,,,,,,,,,,,,,,,,,
2021+ Model,2026-05-22,822816,Toronto Blue Jays,Pittsburgh Pirates,Toronto Blue Jays,Toronto Blue Jays,1,True,Final,0.5451616255864035,0.454838374413597,0.5451616255864035,1,1,6,2,,,,,,,,,,,,,,,,,
2021+ Model,2026-05-22,823461,Philadelphia Phillies,Cleveland Guardians,Philadelphia Phillies,Cleveland Guardians,0,True,Final,0.5305709316987808,0.4694290683012194,0.5305709316987808,1,0,0,1,,,,,,,,,,,,,,,,,
2021+ Model,2026-05-22,823546,New York Yankees,Tampa Bay Rays,New York Yankees,Tampa Bay Rays,0,True,Final,0.5328181000450986,0.4671818999549019,0.5328181000450986,1,0,2,4,,,,,,,,,,,,,,,,,
2021+ Model,2026-05-22,823788,Milwaukee Brewers,Los Angeles Dodgers,Los Angeles Dodgers,Milwaukee Brewers,0,True,Final,0.5009757346052972,0.4990242653947032,0.5009757346052972,0,1,5,1,,,,,,,,,,,,,,,,,
2021+ Model,2026-05-22,823863,Miami Marlins,New York Mets,New York Mets,Miami Marlins,0,True,Final,0.4857636450187133,0.5142363549812874,0.5142363549812874,0,1,2,1,,,,,,,,,,,,,,,,,
2021+ Model,2026-05-22,824110,Kansas City Royals,Seattle Mariners,Seattle Mariners,Seattle Mariners,1,True,Final,0.4828810098454016,0.5171189901545994,0.5171189901545994,0,0,0,2,,,,,,,,,,,,,,,,,
2021+ Model,2026-05-22,824679,Chicago Cubs,Houston Astros,Houston Astros,Houston Astros,1,True,Final,0.48961820030721,0.5103817996927908,0.5103817996927908,0,0,2,4,,,,,,,,,,,,,,,,,
2021+ Model,2026-05-22,824761,Boston Red Sox,Minnesota Twins,Minnesota Twins,Minnesota Twins,1,True,Final,0.4970010418777117,0.5029989581222887,0.5029989581222887,0,0,6,8,,,,,,,,,,,,,,,,,
2021+ Model,2026-05-22,824842,Baltimore Orioles,Detroit Tigers,Detroit Tigers,Baltimore Orioles,0,True,Final,0.5108302778652365,0.4891697221347639,0.5108302778652365,0,1,7,4,,,,,,,,,,,,,,,,,
2021+ Model,2026-05-22,824922,Atlanta Braves,Washington Nationals,Atlanta Braves,Atlanta Braves,1,True,Final,0.5627613387497836,0.4372386612502165,0.5627613387497836,1,1,5,4,,,,,,,,,,,,,,,,,
2021+ Model,2026-05-23,822814,Toronto Blue Jays,Pittsburgh Pirates,Pittsburgh Pirates,Toronto Blue Jays,0,True,Final,0.4874341949901898,0.5125658050098103,0.5125658050098103,0,1,5,2,,,,,,,,,,,,,,,,,
2021+ Model,2026-05-23,823222,San Francisco Giants,Chicago White Sox,Chicago White Sox,San Francisco Giants,0,True,Final,0.4676912319912457,0.5323087680087547,0.5323087680087547,0,1,10,3,,,,,,,,,,,,,,,,,
2021+ Model,2026-05-23,823458,Philadelphia Phillies,Cleveland Guardians,Philadelphia Phillies,Philadelphia Phillies,1,True,Final,0.5399773367310488,0.4600226632689517,0.5399773367310488,1,1,3,0,,,,,,,,,,,,,,,,,
2021+ Model,2026-05-23,823787,Milwaukee Brewers,Los Angeles Dodgers,Milwaukee Brewers,Los Angeles Dodgers,0,True,Final,0.5717833076146117,0.4282166923853886,0.5717833076146117,1,0,3,11,,,,,,,,,,,,,,,,,
2021+ Model,2026-05-23,823862,Miami Marlins,New York Mets,New York Mets,Miami Marlins,0,True,Final,0.4914802948170282,0.5085197051829726,0.5085197051829726,0,1,4,1,,,,,,,,,,,,,,,,,
2021+ Model,2026-05-23,824109,Kansas City Royals,Seattle Mariners,Seattle Mariners,Kansas City Royals,0,True,Final,0.4864145881259031,0.5135854118740976,0.5135854118740976,0,1,5,0,,,,,,,,,,,,,,,,,
2021+ Model,2026-05-23,824516,Cincinnati Reds,St. Louis Cardinals,St. Louis Cardinals,Cincinnati Reds,0,True,Final,0.4706063517810067,0.5293936482189935,0.5293936482189935,0,1,7,6,,,,,,,,,,,,,,,,,
2021+ Model,2026-05-23,824518,Cincinnati Reds,St. Louis Cardinals,St. Louis Cardinals,St. Louis Cardinals,1,True,Final,0.5047456387397414,0.495254361260259,0.5047456387397414,0,0,1,8,,,,,,,,,,,,,,,,,
2021+ Model,2026-05-23,824674,Chicago Cubs,Houston Astros,Houston Astros,Houston Astros,1,True,Final,0.5027934362842216,0.4972065637157793,0.5027934362842216,0,0,0,3,,,,,,,,,,,,,,,,,
2021+ Model,2026-05-23,824760,Boston Red Sox,Minnesota Twins,Boston Red Sox,Minnesota Twins,0,True,Final,0.5399066805309723,0.4600933194690279,0.5399066805309723,1,0,2,4,,,,,,,,,,,,,,,,,
2021+ Model,2026-05-23,824920,Atlanta Braves,Washington Nationals,Atlanta Braves,Washington Nationals,0,True,Final,0.5791632442898644,0.4208367557101356,0.5791632442898644,1,0,0,2,,,,,,,,,,,,,,,,,
2021+ Model,2026-05-24,822813,Toronto Blue Jays,Pittsburgh Pirates,Toronto Blue Jays,Pittsburgh Pirates,0,True,Final,0.5613495909794378,0.4386504090205626,0.5613495909794378,1,0,1,4,,,,,,,,,,,,,,,,,
2021+ Model,2026-05-24,823220,San Francisco Giants,Chicago White Sox,Chicago White Sox,San Francisco Giants,0,True,Final,0.5085632709136083,0.4914367290863921,0.5085632709136083,0,1,8,5,,,,,,,,,,,,,,,,,
2021+ Model,2026-05-24,823297,San Diego Padres,Athletics,San Diego Padres,Athletics,0,True,Final,0.52837461828627,0.4716253817137298,0.52837461828627,1,0,2,5,,,,,,,,,,,,,,,,,
2021+ Model,2026-05-24,823459,Philadelphia Phillies,Cleveland Guardians,Cleveland Guardians,Cleveland Guardians,1,True,Final,0.5021493923969335,0.497850607603067,0.5021493923969335,0,0,1,3,,,,,,,,,,,,,,,,,
2021+ Model,2026-05-24,823544,New York Yankees,Tampa Bay Rays,Tampa Bay Rays,New York Yankees,0,True,Final,0.4930041714566306,0.5069958285433697,0.5069958285433697,0,1,2,0,,,,,,,,,,,,,,,,,
2021+ Model,2026-05-24,823786,Milwaukee Brewers,Los Angeles Dodgers,Los Angeles Dodgers,Los Angeles Dodgers,1,True,Final,0.4833134521609057,0.5166865478390945,0.5166865478390945,0,0,1,5,,,,,,,,,,,,,,,,,
2021+ Model,2026-05-24,823861,Miami Marlins,New York Mets,New York Mets,Miami Marlins,0,True,Final,0.5035151901561011,0.4964848098438997,0.5035151901561011,0,1,4,0,,,,,,,,,,,,,,,,,
2021+ Model,2026-05-24,824028,Los Angeles Angels,Texas Rangers,Texas Rangers,Los Angeles Angels,0,True,Final,0.4666817631429271,0.5333182368570732,0.5333182368570732,0,1,2,1,,,,,,,,,,,,,,,,,
2021+ Model,2026-05-24,824108,Kansas City Royals,Seattle Mariners,Seattle Mariners,Kansas City Royals,0,True,Final,0.4737728181076178,0.5262271818923829,0.5262271818923829,0,1,8,6,,,,,,,,,,,,,,,,,
2021+ Model,2026-05-24,824676,Chicago Cubs,Houston Astros,Chicago Cubs,Houston Astros,0,True,Final,0.5397611421659865,0.4602388578340139,0.5397611421659865,1,0,5,8,,,,,,,,,,,,,,,,,
2021+ Model,2026-05-24,824759,Boston Red Sox,Minnesota Twins,Boston Red Sox,Minnesota Twins,0,True,Final,0.524139233663953,0.4758607663360473,0.524139233663953,1,0,5,6,,,,,,,,,,,,,,,,,
2021+ Model,2026-05-24,824839,Baltimore Orioles,Detroit Tigers,Detroit Tigers,Baltimore Orioles,0,True,Final,0.5118676809489177,0.488132319051083,0.5118676809489177,0,1,5,3,,,,,,,,,,,,,,,,,
2021+ Model,2026-05-24,824840,Baltimore Orioles,Detroit Tigers,Detroit Tigers,Detroit Tigers,1,True,Final,0.5064121859926113,0.4935878140073894,0.5064121859926113,0,0,1,4,,,,,,,,,,,,,,,,,
2021+ Model,2026-05-24,824921,Atlanta Braves,Washington Nationals,Washington Nationals,Washington Nationals,1,True,Final,0.4969894481000638,0.5030105518999364,0.5030105518999364,0,0,1,2,,,,,,,,,,,,,,,,,
2021+ Model,2026-05-24,825081,Arizona Diamondbacks,Colorado Rockies,Arizona Diamondbacks,Arizona Diamondbacks,1,True,Final,0.5306945250637783,0.469305474936222,0.5306945250637783,1,1,9,1,,,,,,,,,,,,,,,,,
2021+ Model,2026-05-25,822812,Toronto Blue Jays,Miami Marlins,Toronto Blue Jays,Miami Marlins,0,True,Final,0.5926781346493664,0.4073218653506334,0.5926781346493664,1,0,2,8,,,,,,,,,,,,,,,,,
2021+ Model,2026-05-25,822899,Texas Rangers,Houston Astros,Texas Rangers,Houston Astros,0,True,Final,0.5548296983542618,0.4451703016457388,0.5548296983542618,1,0,0,9,,,,,,,,,,,,,,,,,
2021+ Model,2026-05-25,823219,San Francisco Giants,Arizona Diamondbacks,Arizona Diamondbacks,Arizona Diamondbacks,1,True,Final,0.4665117566361584,0.5334882433638417,0.5334882433638417,0,0,2,6,,,,,,,,,,,,,,,,,
2021+ Model,2026-05-25,823296,San Diego Padres,Philadelphia Phillies,Philadelphia Phillies,Philadelphia Phillies,1,True,Final,0.4876490882972846,0.5123509117027163,0.5123509117027163,0,0,0,3,,,,,,,,,,,,,,,,,
2021+ Model,2026-05-25,823380,Pittsburgh Pirates,Chicago Cubs,Chicago Cubs,Pittsburgh Pirates,0,True,Final,0.5097087041132737,0.4902912958867268,0.5097087041132737,0,1,2,1,,,,,,,,,,,,,,,,,
2021+ Model,2026-05-25,823625,New York Mets,Cincinnati Reds,New York Mets,Cincinnati Reds,0,True,Final,0.5805674743559489,0.4194325256440516,0.5805674743559489,1,0,2,7,,,,,,,,,,,,,,,,,
2021+ Model,2026-05-25,823784,Milwaukee Brewers,St. Louis Cardinals,Milwaukee Brewers,Milwaukee Brewers,1,True,Final,0.5487766488847242,0.4512233511152757,0.5487766488847242,1,1,5,1,,,,,,,,,,,,,,,,,
2021+ Model,2026-05-25,823948,Los Angeles Dodgers,Colorado Rockies,Los Angeles Dodgers,Los Angeles Dodgers,1,True,Final,0.6010596964324508,0.3989403035675489,0.6010596964324508,1,1,5,3,,,,,,,,,,,,,,,,,
2021+ Model,2026-05-25,824107,Kansas City Royals,New York Yankees,New York Yankees,New York Yankees,1,True,Final,0.5148006544075772,0.4851993455924231,0.5148006544075772,0,0,3,4,,,,,,,,,,,,,,,,,
2021+ Model,2026-05-25,824437,Cleveland Guardians,Washington Nationals,Cleveland Guardians,Washington Nationals,0,True,Final,0.5535055716889022,0.4464944283110979,0.5535055716889022,1,0,2,10,,,,,,,,,,,,,,,,,
2021+ Model,2026-05-25,824598,Chicago White Sox,Minnesota Twins,Minnesota Twins,Chicago White Sox,0,True,Final,0.4682425688498964,0.531757431150104,0.531757431150104,0,1,3,1,,,,,,,,,,,,,,,,,
2021+ Model,2026-05-25,824838,Baltimore Orioles,Tampa Bay Rays,Tampa Bay Rays,Baltimore Orioles,0,True,Final,0.4914293563895929,0.5085706436104083,0.5085706436104083,0,1,9,7,,,,,,,,,,,,,,,,,
2021+ Model,2026-05-26,822811,Toronto Blue Jays,Miami Marlins,Toronto Blue Jays,Toronto Blue Jays,1,True,Final,0.5763210858610911,0.4236789141389093,0.5763210858610911,1,1,8,1,,,,,,,,,,,,,,,,,
2021+ Model,2026-05-26,822898,Texas Rangers,Houston Astros,Houston Astros,Texas Rangers,0,True,Final,0.5132767372042226,0.4867232627957776,0.5132767372042226,0,1,10,7,,,,,,,,,,,,,,,,,
2021+ Model,2026-05-26,823379,Pittsburgh Pirates,Chicago Cubs,Pittsburgh Pirates,Pittsburgh Pirates,1,True,Final,0.605725898152619,0.3942741018473812,0.605725898152619,1,1,12,1,,,,,,,,,,,,,,,,,
2021+ Model,2026-05-26,823624,New York Mets,Cincinnati Reds,Cincinnati Reds,Cincinnati Reds,1,True,Final,0.4803179512862739,0.5196820487137264,0.5196820487137264,0,0,2,7,,,,,,,,,,,,,,,,,
2021+ Model,2026-05-26,823785,Milwaukee Brewers,St. Louis Cardinals,Milwaukee Brewers,Milwaukee Brewers,1,True,Final,0.5224307960500119,0.4775692039499893,0.5224307960500119,1,1,6,0,,,,,,,,,,,,,,,,,
2021+ Model,2026-05-26,824106,Kansas City Royals,New York Yankees,New York Yankees,New York Yankees,1,True,Final,0.4933242438611144,0.5066757561388864,0.5066757561388864,0,0,1,15,,,,,,,,,,,,,,,,,
2021+ Model,2026-05-26,824275,Detroit Tigers,Los Angeles Angels,Los Angeles Angels,Los Angeles Angels,1,True,Final,0.481704861146366,0.5182951388536347,0.5182951388536347,0,0,6,10,,,,,,,,,,,,,,,,,
2021+ Model,2026-05-26,824434,Cleveland Guardians,Washington Nationals,Cleveland Guardians,Washington Nationals,0,True,Final,0.5847340397212408,0.4152659602787592,0.5847340397212408,1,0,3,6,,,,,,,,,,,,,,,,,
2021+ Model,2026-05-26,824597,Chicago White Sox,Minnesota Twins,Minnesota Twins,Minnesota Twins,1,True,Final,0.4562087141069101,0.5437912858930906,0.5437912858930906,0,0,3,5,,,,,,,,,,,,,,,,,
2021+ Model,2026-05-26,824758,Boston Red Sox,Atlanta Braves,Atlanta Braves,Atlanta Braves,1,True,Final,0.5010622199698094,0.498937780030191,0.5010622199698094,0,0,6,7,,,,,,,,,,,,,,,,,
2021+ Model,2026-05-26,824837,Baltimore Orioles,Tampa Bay Rays,Tampa Bay Rays,Baltimore Orioles,0,True,Final,0.4693379588777805,0.5306620411222198,0.5306620411222198,0,1,6,1,,,,,,,,,,,,,,,,,
2021+ Model,2026-05-27,822809,Toronto Blue Jays,Miami Marlins,Toronto Blue Jays,Toronto Blue Jays,1,True,Final,0.5460264691311487,0.4539735308688515,0.5460264691311487,1,1,2,1,,,,,,,,,,,,,,,,,
2021+ Model,2026-05-27,822897,Texas Rangers,Houston Astros,Texas Rangers,Houston Astros,0,True,Final,0.5625244615077174,0.437475538492283,0.5625244615077174,1,0,3,4,,,,,,,,,,,,,,,,,
2021+ Model,2026-05-27,823217,San Francisco Giants,Arizona Diamondbacks,Arizona Diamondbacks,Arizona Diamondbacks,1,True,Final,0.5107351544061515,0.4892648455938486,0.5107351544061515,0,0,2,3,,,,,,,,,,,,,,,,,
2021+ Model,2026-05-27,823295,San Diego Padres,Philadelphia Phillies,Philadelphia Phillies,Philadelphia Phillies,1,True,Final,0.4859836707825856,0.5140163292174152,0.5140163292174152,0,0,0,3,,,,,,,,,,,,,,,,,
2021+ Model,2026-05-27,823376,Pittsburgh Pirates,Chicago Cubs,Pittsburgh Pirates,Chicago Cubs,0,True,Final,0.522091126638251,0.4779088733617499,0.522091126638251,1,0,4,10,,,,,,,,,,,,,,,,,
2021+ Model,2026-05-27,823626,New York Mets,Cincinnati Reds,Cincinnati Reds,New York Mets,0,True,Final,0.5043999186391025,0.4956000813608979,0.5043999186391025,0,1,4,2,,,,,,,,,,,,,,,,,
2021+ Model,2026-05-27,823783,Milwaukee Brewers,St. Louis Cardinals,Milwaukee Brewers,Milwaukee Brewers,1,True,Final,0.5488210467860194,0.4511789532139813,0.5488210467860194,1,1,2,1,,,,,,,,,,,,,,,,,
2021+ Model,2026-05-27,824104,Kansas City Royals,New York Yankees,New York Yankees,New York Yankees,1,True,Final,0.4898831781816263,0.5101168218183747,0.5101168218183747,0,0,0,7,,,,,,,,,,,,,,,,,
2021+ Model,2026-05-27,824270,Detroit Tigers,Los Angeles Angels,Los Angeles Angels,Detroit Tigers,0,True,Final,0.4818813473097191,0.5181186526902817,0.5181186526902817,0,1,4,0,,,,,,,,,,,,,,,,,
2021+ Model,2026-05-27,824432,Cleveland Guardians,Washington Nationals,Cleveland Guardians,Cleveland Guardians,1,True,Final,0.5532990484177537,0.4467009515822467,0.5532990484177537,1,1,3,2,,,,,,,,,,,,,,,,,
2021+ Model,2026-05-27,824596,Chicago White Sox,Minnesota Twins,Minnesota Twins,Chicago White Sox,0,True,Final,0.4617173219116102,0.5382826780883904,0.5382826780883904,0,1,15,2,,,,,,,,,,,,,,,,,
2021+ Model,2026-05-27,824756,Boston Red Sox,Atlanta Braves,Atlanta Braves,Boston Red Sox,0,True,Final,0.5134308141267762,0.4865691858732242,0.5134308141267762,0,1,8,0,,,,,,,,,,,,,,,,,
2021+ Model,2026-05-27,824836,Baltimore Orioles,Tampa Bay Rays,Tampa Bay Rays,Baltimore Orioles,0,True,Final,0.4687968159340674,0.5312031840659334,0.5312031840659334,0,1,11,2,,,,,,,,,,,,,,,,,
2021+ Model,2026-05-27,825003,Athletics,Seattle Mariners,Seattle Mariners,Seattle Mariners,1,True,Final,0.4948127133447857,0.505187286655215,0.505187286655215,0,0,1,9,,,,,,,,,,,,,,,,,
2021+ Model,2026-05-28,822896,Texas Rangers,Houston Astros,Texas Rangers,Houston Astros,0,True,Final,0.5276038233388604,0.4723961766611403,0.5276038233388604,1,0,1,5,,,,,,,,,,,,,,,,,
2021+ Model,2026-05-28,823378,Pittsburgh Pirates,Chicago Cubs,Pittsburgh Pirates,Chicago Cubs,0,True,Final,0.6052169642774554,0.394783035722545,0.6052169642774554,1,0,2,7,,,,,,,,,,,,,,,,,
2021+ Model,2026-05-28,824272,Detroit Tigers,Los Angeles Angels,Los Angeles Angels,Los Angeles Angels,1,True,Final,0.4992879549683424,0.5007120450316586,0.5007120450316586,0,0,1,7,,,,,,,,,,,,,,,,,
2021+ Model,2026-05-28,824595,Chicago White Sox,Minnesota Twins,Minnesota Twins,Chicago White Sox,0,True,Final,0.5126945745894324,0.487305425410568,0.5126945745894324,0,1,6,2,,,,,,,,,,,,,,,,,
2021+ Model,2026-05-28,824757,Boston Red Sox,Atlanta Braves,Atlanta Braves,Atlanta Braves,1,True,Final,0.511013317855075,0.4889866821449257,0.511013317855075,0,0,2,10,,,,,,,,,,,,,,,,,
2021+ Model,2026-05-28,824834,Baltimore Orioles,Toronto Blue Jays,Toronto Blue Jays,Toronto Blue Jays,1,True,Final,0.4944947892111724,0.5055052107888277,0.5055052107888277,0,0,1,2,,,,,,,,,,,,,,,,,
2021+ Model,2026-05-29,822732,Washington Nationals,San Diego Padres,Washington Nationals,San Diego Padres,0,True,Final,0.5439264314842944,0.4560735685157061,0.5439264314842944,1,0,5,7,,,,,,,,,,,,,,,,,
2021+ Model,2026-05-29,822894,Texas Rangers,Kansas City Royals,Texas Rangers,Texas Rangers,1,True,Final,0.5358960003371548,0.4641039996628453,0.5358960003371548,1,1,9,1,,,,,,,,,,,,,,,,,
2021+ Model,2026-05-29,822978,Tampa Bay Rays,Los Angeles Angels,Tampa Bay Rays,Tampa Bay Rays,1,True,Final,0.571152019414597,0.4288479805854032,0.571152019414597,1,1,8,5,,,,,,,,,,,,,,,,,
2021+ Model,2026-05-29,823055,St. Louis Cardinals,Chicago Cubs,Chicago Cubs,St. Louis Cardinals,0,True,Final,0.5139184564348132,0.4860815435651871,0.5139184564348132,0,1,6,5,,,,,,,,,,,,,,,,,
2021+ Model,2026-05-29,823377,Pittsburgh Pirates,Minnesota Twins,Minnesota Twins,Pittsburgh Pirates,0,True,Final,0.496453023668895,0.503546976331106,0.503546976331106,0,1,6,5,,,,,,,,,,,,,,,,,
2021+ Model,2026-05-29,823623,New York Mets,Miami Marlins,New York Mets,New York Mets,1,True,Final,0.5685899596158001,0.4314100403842002,0.5685899596158001,1,1,9,7,,,,,,,,,,,,,,,,,
2021+ Model,2026-05-29,824191,Houston Astros,Milwaukee Brewers,Milwaukee Brewers,Milwaukee Brewers,1,True,Final,0.4784534232973047,0.5215465767026958,0.5215465767026958,0,0,4,5,,,,,,,,,,,,,,,,,
2021+ Model,2026-05-29,824353,Colorado Rockies,San Francisco Giants,San Francisco Giants,Colorado Rockies,0,True,Final,0.5000569764353655,0.4999430235646344,0.5000569764353655,0,1,8,6,,,,,,,,,,,,,,,,,
2021+ Model,2026-05-29,824433,Cleveland Guardians,Boston Red Sox,Cleveland Guardians,Cleveland Guardians,1,True,Final,0.5206873127673902,0.4793126872326098,0.5206873127673902,1,1,4,3,,,,,,,,,,,,,,,,,
2021+ Model,2026-05-29,824515,Cincinnati Reds,Atlanta Braves,Atlanta Braves,Atlanta Braves,1,True,Final,0.4556837730196527,0.5443162269803485,0.5443162269803485,0,0,3,8,,,,,,,,,,,,,,,,,
2021+ Model,2026-05-29,824594,Chicago White Sox,Detroit Tigers,Detroit Tigers,Chicago White Sox,0,True,Final,0.5104840032905005,0.4895159967094998,0.5104840032905005,0,1,4,3,,,,,,,,,,,,,,,,,
2021+ Model,2026-05-29,824835,Baltimore Orioles,Toronto Blue Jays,Toronto Blue Jays,Toronto Blue Jays,1,True,Final,0.4779422433759241,0.5220577566240767,0.5220577566240767,0,0,5,6,,,,,,,,,,,,,,,,,
2021+ Model,2026-05-30,822731,Washington Nationals,San Diego Padres,San Diego Padres,Washington Nationals,0,True,Final,0.5056060889657694,0.4943939110342311,0.5056060889657694,0,1,9,4,,,,,,,,,,,,,,,,,
2021+ Model,2026-05-30,822893,Texas Rangers,Kansas City Royals,Texas Rangers,Texas Rangers,1,True,Final,0.5325807931297186,0.4674192068702815,0.5325807931297186,1,1,7,6,,,,,,,,,,,,,,,,,
2021+ Model,2026-05-30,822975,Tampa Bay Rays,Los Angeles Angels,Tampa Bay Rays,Los Angeles Angels,0,True,Final,0.6166381930847976,0.3833618069152024,0.6166381930847976,1,0,3,14,,,,,,,,,,,,,,,,,
2021+ Model,2026-05-30,823054,St. Louis Cardinals,Chicago Cubs,St. Louis Cardinals,Chicago Cubs,0,True,Final,0.5674136054266294,0.432586394573371,0.5674136054266294,1,0,1,6,,,,,,,,,,,,,,,,,
2021+ Model,2026-05-30,823375,Pittsburgh Pirates,Minnesota Twins,Minnesota Twins,Pittsburgh Pirates,0,True,Final,0.4806768596994474,0.5193231403005538,0.5193231403005538,0,1,10,9,,,,,,,,,,,,,,,,,
2021+ Model,2026-05-30,823622,New York Mets,Miami Marlins,Miami Marlins,New York Mets,0,True,Final,0.4956916673120447,0.5043083326879552,0.5043083326879552,0,1,6,1,,,,,,,,,,,,,,,,,
2021+ Model,2026-05-30,824190,Houston Astros,Milwaukee Brewers,Milwaukee Brewers,Houston Astros,0,True,Final,0.4975531672766378,0.5024468327233631,0.5024468327233631,0,1,9,2,,,,,,,,,,,,,,,,,
2021+ Model,2026-05-30,824352,Colorado Rockies,San Francisco Giants,San Francisco Giants,Colorado Rockies,0,True,Final,0.4745802289642111,0.5254197710357887,0.5254197710357887,0,1,8,3,,,,,,,,,,,,,,,,,
2021+ Model,2026-05-30,824431,Cleveland Guardians,Boston Red Sox,Cleveland Guardians,Boston Red Sox,0,True,Final,0.5709057446213328,0.4290942553786671,0.5709057446213328,1,0,1,9,,,,,,,,,,,,,,,,,
2021+ Model,2026-05-30,824513,Cincinnati Reds,Atlanta Braves,Atlanta Braves,Atlanta Braves,1,True,Final,0.469493845228815,0.530506154771186,0.530506154771186,0,0,2,5,,,,,,,,,,,,,,,,,
2021+ Model,2026-05-30,824593,Chicago White Sox,Detroit Tigers,Detroit Tigers,Chicago White Sox,0,True,Final,0.5052468521281861,0.494753147871814,0.5052468521281861,0,1,7,1,,,,,,,,,,,,,,,,,
2021+ Model,2026-05-30,824833,Baltimore Orioles,Toronto Blue Jays,Toronto Blue Jays,Baltimore Orioles,0,True,Final,0.4666622207191169,0.5333377792808833,0.5333377792808833,0,1,6,5,,,,,,,,,,,,,,,,,
2021+ Model,2026-05-31,822729,Washington Nationals,San Diego Padres,Washington Nationals,Washington Nationals,1,True,Final,0.5310492421178787,0.4689507578821212,0.5310492421178787,1,1,4,2,,,,,,,,,,,,,,,,,
2021+ Model,2026-05-31,822895,Texas Rangers,Kansas City Royals,Kansas City Royals,Texas Rangers,0,True,Final,0.515803058518338,0.4841969414816623,0.515803058518338,0,1,6,3,,,,,,,,,,,,,,,,,
2021+ Model,2026-05-31,822976,Tampa Bay Rays,Los Angeles Angels,Tampa Bay Rays,Tampa Bay Rays,1,True,Final,0.5956015099227259,0.4043984900772739,0.5956015099227259,1,1,5,2,,,,,,,,,,,,,,,,,
2021+ Model,2026-05-31,823053,St. Louis Cardinals,Chicago Cubs,Chicago Cubs,St. Louis Cardinals,0,True,Final,0.4926664992250117,0.5073335007749882,0.5073335007749882,0,1,5,1,,,,,,,,,,,,,,,,,
2021+ Model,2026-05-31,823133,Seattle Mariners,Arizona Diamondbacks,Arizona Diamondbacks,Seattle Mariners,0,True,Final,0.4562792873883115,0.5437207126116893,0.5437207126116893,0,1,3,2,,,,,,,,,,,,,,,,,
2021+ Model,2026-05-31,823373,Pittsburgh Pirates,Minnesota Twins,Pittsburgh Pirates,Pittsburgh Pirates,1,True,Final,0.5691069564076046,0.4308930435923956,0.5691069564076046,1,1,9,3,,,,,,,,,,,,,,,,,
2021+ Model,2026-05-31,823621,New York Mets,Miami Marlins,New York Mets,New York Mets,1,True,Final,0.5381042811574792,0.4618957188425204,0.5381042811574792,1,1,10,1,,,,,,,,,,,,,,,,,
2021+ Model,2026-05-31,823944,Los Angeles Dodgers,Philadelphia Phillies,Los Angeles Dodgers,Los Angeles Dodgers,1,True,Final,0.612753395449148,0.3872466045508524,0.612753395449148,1,1,9,1,,,,,,,,,,,,,,,,,
2021+ Model,2026-05-31,824187,Houston Astros,Milwaukee Brewers,Milwaukee Brewers,Milwaukee Brewers,1,True,Final,0.4735810109450069,0.5264189890549931,0.5264189890549931,0,0,0,2,,,,,,,,,,,,,,,,,
2021+ Model,2026-05-31,824354,Colorado Rockies,San Francisco Giants,San Francisco Giants,San Francisco Giants,1,True,Final,0.4958502882220907,0.5041497117779095,0.5041497117779095,0,0,6,19,,,,,,,,,,,,,,,,,
2021+ Model,2026-05-31,824430,Cleveland Guardians,Boston Red Sox,Cleveland Guardians,Boston Red Sox,0,True,Final,0.5376223996697133,0.4623776003302866,0.5376223996697133,1,0,4,9,,,,,,,,,,,,,,,,,
2021+ Model,2026-05-31,824512,Cincinnati Reds,Atlanta Braves,Atlanta Braves,Cincinnati Reds,0,True,Final,0.4682205265027466,0.5317794734972543,0.5317794734972543,0,1,6,4,,,,,,,,,,,,,,,,,
2021+ Model,2026-05-31,824592,Chicago White Sox,Detroit Tigers,Chicago White Sox,Chicago White Sox,1,True,Final,0.5556261820493826,0.4443738179506179,0.5556261820493826,1,1,2,1,,,,,,,,,,,,,,,,,
2021+ Model,2026-05-31,824832,Baltimore Orioles,Toronto Blue Jays,Toronto Blue Jays,Baltimore Orioles,0,True,Final,0.4620566404367376,0.537943359563263,0.537943359563263,0,1,9,5,,,,,,,,,,,,,,,,,
2021+ Model,2026-05-31,825001,Athletics,New York Yankees,New York Yankees,New York Yankees,1,True,Final,0.47373763745117,0.5262623625488305,0.5262623625488305,0,0,8,13,,,,,,,,,,,,,,,,,
2021+ Model,2026-06-01,822730,Washington Nationals,Miami Marlins,Miami Marlins,Miami Marlins,1,True,Final,0.5135610501521954,0.4864389498478044,0.5135610501521954,0,0,3,7,,,,,,,,,,,,,,,,,
2021+ Model,2026-06-01,822974,Tampa Bay Rays,Detroit Tigers,Tampa Bay Rays,Detroit Tigers,0,True,Final,0.5644166078678202,0.4355833921321796,0.5644166078678202,1,0,9,10,,,,,,,,,,,,,,,,,
2021+ Model,2026-06-01,823050,St. Louis Cardinals,Texas Rangers,Texas Rangers,Texas Rangers,1,True,Final,0.4988159267413029,0.5011840732586968,0.5011840732586968,0,0,1,2,,,,,,,,,,,,,,,,,
2021+ Model,2026-06-01,823702,Minnesota Twins,Chicago White Sox,Chicago White Sox,Minnesota Twins,0,True,Final,0.4551135371151267,0.5448864628848742,0.5448864628848742,0,1,9,6,,,,,,,,,,,,,,,,,
2021+ Model,2026-06-01,823781,Milwaukee Brewers,San Francisco Giants,Milwaukee Brewers,Milwaukee Brewers,1,True,Final,0.5373550221714408,0.4626449778285601,0.5373550221714408,1,1,16,2,,,,,,,,,,,,,,,,,
2021+ Model,2026-06-01,824510,Cincinnati Reds,Kansas City Royals,Cincinnati Reds,Kansas City Royals,0,True,Final,0.5241795739187234,0.4758204260812765,0.5241795739187234,1,0,2,9,,,,,,,,,,,,,,,,,
2021+ Model,2026-06-01,825078,Arizona Diamondbacks,Los Angeles Dodgers,Los Angeles Dodgers,Arizona Diamondbacks,0,True,Final,0.4991606149308716,0.500839385069129,0.500839385069129,0,1,4,1,,,,,,,,,,,,,,,,,
2021+ Model,2026-06-02,822728,Washington Nationals,Miami Marlins,Miami Marlins,Miami Marlins,1,True,Final,0.517976659460927,0.4820233405390738,0.517976659460927,0,0,3,7,,,,,,,,,,,,,,,,,
2021+ Model,2026-06-02,822971,Tampa Bay Rays,Detroit Tigers,Tampa Bay Rays,Detroit Tigers,0,True,Final,0.5363118393687352,0.4636881606312649,0.5363118393687352,1,0,0,8,,,,,,,,,,,,,,,,,
2021+ Model,2026-06-02,823052,St. Louis Cardinals,Texas Rangers,Texas Rangers,Texas Rangers,1,True,Final,0.51328176594621,0.48671823405379,0.51328176594621,0,0,4,7,,,,,,,,,,,,,,,,,
2021+ Model,2026-06-02,823460,Philadelphia Phillies,San Diego Padres,San Diego Padres,Philadelphia Phillies,0,True,Final,0.5019220084145334,0.4980779915854673,0.5019220084145334,0,1,3,2,,,,,,,,,,,,,,,,,
2021+ Model,2026-06-02,823541,New York Yankees,Cleveland Guardians,New York Yankees,Cleveland Guardians,0,True,Final,0.5450969661067755,0.4549030338932247,0.5450969661067755,1,0,4,9,,,,,,,,,,,,,,,,,
2021+ Model,2026-06-02,823700,Minnesota Twins,Chicago White Sox,Chicago White Sox,Minnesota Twins,0,True,Final,0.4597520283820542,0.540247971617946,0.540247971617946,0,1,6,4,,,,,,,,,,,,,,,,,
2021+ Model,2026-06-02,823782,Milwaukee Brewers,San Francisco Giants,Milwaukee Brewers,Milwaukee Brewers,1,True,Final,0.5807202112043073,0.4192797887956931,0.5807202112043073,1,1,8,3,,,,,,,,,,,,,,,,,
2021+ Model,2026-06-02,824189,Houston Astros,Pittsburgh Pirates,Houston Astros,Pittsburgh Pirates,0,True,Final,0.5482137205012354,0.451786279498765,0.5482137205012354,1,0,6,10,,,,,,,,,,,,,,,,,
2021+ Model,2026-06-02,824511,Cincinnati Reds,Kansas City Royals,Cincinnati Reds,Cincinnati Reds,1,True,Final,0.5409910165540719,0.4590089834459291,0.5409910165540719,1,1,4,3,,,,,,,,,,,,,,,,,
2021+ Model,2026-06-02,824675,Chicago Cubs,Athletics,Athletics,Athletics,1,True,Final,0.5077952038720313,0.4922047961279696,0.5077952038720313,0,0,1,2,,,,,,,,,,,,,,,,,
2021+ Model,2026-06-02,824754,Boston Red Sox,Baltimore Orioles,Boston Red Sox,Baltimore Orioles,0,True,Final,0.5261190845719136,0.4738809154280867,0.5261190845719136,1,0,2,4,,,,,,,,,,,,,,,,,
2021+ Model,2026-06-02,824918,Atlanta Braves,Toronto Blue Jays,Atlanta Braves,Atlanta Braves,1,True,Final,0.5286380590836334,0.4713619409163673,0.5286380590836334,1,1,4,3,,,,,,,,,,,,,,,,,
2021+ Model,2026-06-03,822727,Washington Nationals,Miami Marlins,Washington Nationals,Miami Marlins,0,True,Final,0.5676464624060568,0.4323535375939435,0.5676464624060568,1,0,1,4,,,,,,,,,,,,,,,,,
2021+ Model,2026-06-03,822973,Tampa Bay Rays,Detroit Tigers,Tampa Bay Rays,Detroit Tigers,0,True,Final,0.5344298186131005,0.4655701813868994,0.5344298186131005,1,0,2,7,,,,,,,,,,,,,,,,,
2021+ Model,2026-06-03,823051,St. Louis Cardinals,Texas Rangers,Texas Rangers,St. Louis Cardinals,0,True,Final,0.5136415331285604,0.4863584668714397,0.5136415331285604,0,1,5,3,,,,,,,,,,,,,,,,,
2021+ Model,2026-06-03,823130,Seattle Mariners,New York Mets,Seattle Mariners,New York Mets,0,True,Final,0.5518796697355302,0.4481203302644704,0.5518796697355302,1,0,1,7,,,,,,,,,,,,,,,,,
2021+ Model,2026-06-03,823456,Philadelphia Phillies,San Diego Padres,Philadelphia Phillies,Philadelphia Phillies,1,True,Final,0.5239976403713924,0.4760023596286084,0.5239976403713924,1,1,3,2,,,,,,,,,,,,,,,,,
2021+ Model,2026-06-03,823540,New York Yankees,Cleveland Guardians,New York Yankees,Cleveland Guardians,0,True,Final,0.5497929645960861,0.4502070354039141,0.5497929645960861,1,0,4,5,,,,,,,,,,,,,,,,,
2021+ Model,2026-06-03,823701,Minnesota Twins,Chicago White Sox,Chicago White Sox,Chicago White Sox,1,True,Final,0.4889100791422995,0.511089920857701,0.511089920857701,0,0,0,8,,,,,,,,,,,,,,,,,
2021+ Model,2026-06-03,823780,Milwaukee Brewers,San Francisco Giants,Milwaukee Brewers,San Francisco Giants,0,True,Final,0.6276226483764805,0.37237735162352,0.6276226483764805,1,0,0,1,,,,,,,,,,,,,,,,,
2021+ Model,2026-06-03,824024,Los Angeles Angels,Colorado Rockies,Los Angeles Angels,Los Angeles Angels,1,True,Final,0.6139423344984082,0.3860576655015921,0.6139423344984082,1,1,11,4,,,,,,,,,,,,,,,,,
2021+ Model,2026-06-03,824188,Houston Astros,Pittsburgh Pirates,Pittsburgh Pirates,Houston Astros,0,True,Final,0.5167601840285637,0.4832398159714365,0.5167601840285637,0,1,11,9,,,,,,,,,,,,,,,,,
2021+ Model,2026-06-03,824509,Cincinnati Reds,Kansas City Royals,Cincinnati Reds,Kansas City Royals,0,True,Final,0.5529767516826732,0.4470232483173273,0.5529767516826732,1,0,2,5,,,,,,,,,,,,,,,,,
2021+ Model,2026-06-03,824671,Chicago Cubs,Athletics,Athletics,Athletics,1,True,Final,0.5090407083376243,0.4909592916623763,0.5090407083376243,0,0,4,5,,,,,,,,,,,,,,,,,
2021+ Model,2026-06-03,824755,Boston Red Sox,Baltimore Orioles,Boston Red Sox,Boston Red Sox,1,True,Final,0.525713020888164,0.4742869791118362,0.525713020888164,1,1,8,1,,,,,,,,,,,,,,,,,
2021+ Model,2026-06-03,824917,Atlanta Braves,Toronto Blue Jays,Atlanta Braves,Atlanta Braves,1,True,Final,0.5314502963593721,0.4685497036406286,0.5314502963593721,1,1,7,3,,,,,,,,,,,,,,,,,
2021+ Model,2026-06-03,825077,Arizona Diamondbacks,Los Angeles Dodgers,Los Angeles Dodgers,Los Angeles Dodgers,1,True,Final,0.5124984626786846,0.4875015373213161,0.5124984626786846,0,0,0,7,,,,,,,,,,,,,,,,,
2021+ Model,2026-06-04,823457,Philadelphia Phillies,San Diego Padres,Philadelphia Phillies,Philadelphia Phillies,1,True,Final,0.5261689415870808,0.4738310584129198,0.5261689415870808,1,1,6,4,,,,,,,,,,,,,,,,,
2021+ Model,2026-06-04,823542,New York Yankees,Cleveland Guardians,New York Yankees,New York Yankees,1,True,Final,0.5498483262599094,0.4501516737400908,0.5498483262599094,1,1,2,1,,,,,,,,,,,,,,,,,
2021+ Model,2026-06-04,823698,Minnesota Twins,Kansas City Royals,Minnesota Twins,Kansas City Royals,0,True,Final,0.5503597389406564,0.449640261059344,0.5503597389406564,1,0,6,8,,,,,,,,,,,,,,,,,
2021+ Model,2026-06-04,823779,Milwaukee Brewers,San Francisco Giants,Milwaukee Brewers,San Francisco Giants,0,True,Final,0.6404479932036197,0.3595520067963806,0.6404479932036197,1,0,9,12,,,,,,,,,,,,,,,,,
2021+ Model,2026-06-04,824185,Houston Astros,Pittsburgh Pirates,Houston Astros,Pittsburgh Pirates,0,True,Final,0.5278883241829354,0.472111675817065,0.5278883241829354,1,0,1,5,,,,,,,,,,,,,,,,,
2021+ Model,2026-06-04,824672,Chicago Cubs,Athletics,Chicago Cubs,Chicago Cubs,1,True,Final,0.5219428858020595,0.478057114197941,0.5219428858020595,1,1,7,6,,,,,,,,,,,,,,,,,
2021+ Model,2026-06-04,824753,Boston Red Sox,Baltimore Orioles,Boston Red Sox,Baltimore Orioles,0,True,Final,0.526285266314942,0.4737147336850583,0.526285266314942,1,0,2,8,,,,,,,,,,,,,,,,,
2021+ Model,2026-06-04,824919,Atlanta Braves,Toronto Blue Jays,Atlanta Braves,Toronto Blue Jays,0,True,Final,0.5431310679980523,0.456868932001948,0.5431310679980523,1,0,2,7,,,,,,,,,,,,,,,,,
2021+ Model,2026-06-04,825076,Arizona Diamondbacks,Los Angeles Dodgers,Los Angeles Dodgers,Arizona Diamondbacks,0,True,Final,0.4985140468290148,0.5014859531709861,0.5014859531709861,0,1,3,2,,,,,,,,,,,,,,,,,
2021+ Model,2026-06-05,822810,Toronto Blue Jays,Baltimore Orioles,Toronto Blue Jays,Baltimore Orioles,0,True,Final,0.5565913673659517,0.4434086326340483,0.5565913673659517,1,0,3,13,,,,,,,,,,,,,,,,,
2021+ Model,2026-06-05,822892,Texas Rangers,Cleveland Guardians,Cleveland Guardians,Texas Rangers,0,True,Final,0.4990089428303044,0.5009910571696959,0.5009910571696959,0,1,3,2,,,,,,,,,,,,,,,,,
2021+ Model,2026-06-05,823049,St. Louis Cardinals,Cincinnati Reds,Cincinnati Reds,St. Louis Cardinals,0,True,Final,0.5069413977957974,0.493058602204203,0.5069413977957974,0,1,10,3,,,,,,,,,,,,,,,,,
2021+ Model,2026-06-05,823293,San Diego Padres,New York Mets,New York Mets,New York Mets,1,True,Final,0.455585003020971,0.5444149969790304,0.5444149969790304,0,0,0,5,,,,,,,,,,,,,,,,,
2021+ Model,2026-06-05,823455,Philadelphia Phillies,Chicago White Sox,Chicago White Sox,Philadelphia Phillies,0,True,Final,0.5057234751094364,0.494276524890564,0.5057234751094364,0,1,8,6,,,,,,,,,,,,,,,,,
2021+ Model,2026-06-05,823538,New York Yankees,Boston Red Sox,Boston Red Sox,Boston Red Sox,1,True,Final,0.4652604548299046,0.534739545170096,0.534739545170096,0,0,3,5,,,,,,,,,,,,,,,,,
2021+ Model,2026-06-05,823699,Minnesota Twins,Kansas City Royals,Kansas City Royals,Minnesota Twins,0,True,Final,0.5011634907048029,0.4988365092951971,0.5011634907048029,0,1,5,3,,,,,,,,,,,,,,,,,
2021+ Model,2026-06-05,823860,Miami Marlins,Tampa Bay Rays,Tampa Bay Rays,Tampa Bay Rays,1,True,Final,0.4750537398354375,0.5249462601645631,0.5249462601645631,0,0,0,6,,,,,,,,,,,,,,,,,
2021+ Model,2026-06-05,823943,Los Angeles Dodgers,Los Angeles Angels,Los Angeles Angels,Los Angeles Dodgers,0,True,Final,0.5101006480840614,0.4898993519159389,0.5101006480840614,0,1,1,0,,,,,,,,,,,,,,,,,
2021+ Model,2026-06-05,824186,Houston Astros,Athletics,Houston Astros,Houston Astros,1,True,Final,0.5418335180582656,0.4581664819417346,0.5418335180582656,1,1,5,1,,,,,,,,,,,,,,,,,
2021+ Model,2026-06-05,824271,Detroit Tigers,Seattle Mariners,Seattle Mariners,Detroit Tigers,0,True,Final,0.4694728299745037,0.530527170025497,0.530527170025497,0,1,7,3,,,,,,,,,,,,,,,,,
2021+ Model,2026-06-05,824350,Colorado Rockies,Milwaukee Brewers,Milwaukee Brewers,Milwaukee Brewers,1,True,Final,0.515218746915032,0.4847812530849686,0.515218746915032,0,0,7,9,,,,,,,,,,,,,,,,,
2021+ Model,2026-06-05,824673,Chicago Cubs,San Francisco Giants,San Francisco Giants,San Francisco Giants,1,True,Final,0.5041512744688821,0.4958487255311187,0.5041512744688821,0,0,3,18,,,,,,,,,,,,,,,,,
2021+ Model,2026-06-05,824914,Atlanta Braves,Pittsburgh Pirates,Pittsburgh Pirates,Atlanta Braves,0,True,Final,0.5173144536610755,0.4826855463389248,0.5173144536610755,0,1,6,3,,,,,,,,,,,,,,,,,
2021+ Model,2026-06-05,825073,Arizona Diamondbacks,Washington Nationals,Washington Nationals,Washington Nationals,1,True,Final,0.5171006601168646,0.482899339883136,0.5171006601168646,0,0,1,14,,,,,,,,,,,,,,,,,
2021+ Model,2026-06-06,822808,Toronto Blue Jays,Baltimore Orioles,Baltimore Orioles,Toronto Blue Jays,0,True,Final,0.5129610064034991,0.4870389935965011,0.5129610064034991,0,1,6,4,,,,,,,,,,,,,,,,,
2021+ Model,2026-06-06,822891,Texas Rangers,Cleveland Guardians,Cleveland Guardians,Cleveland Guardians,1,True,Final,0.5000316851234201,0.4999683148765804,0.5000316851234201,0,0,0,6,,,,,,,,,,,,,,,,,
2021+ Model,2026-06-06,823048,St. Louis Cardinals,Cincinnati Reds,Cincinnati Reds,St. Louis Cardinals,0,True,Final,0.4924260762944558,0.5075739237055447,0.5075739237055447,0,1,6,5,,,,,,,,,,,,,,,,,
2021+ Model,2026-06-06,823292,San Diego Padres,New York Mets,New York Mets,San Diego Padres,0,True,Final,0.4417735440281781,0.5582264559718227,0.5582264559718227,0,1,3,2,,,,,,,,,,,,,,,,,
2021+ Model,2026-06-06,823454,Philadelphia Phillies,Chicago White Sox,Chicago White Sox,Chicago White Sox,1,True,Final,0.4778204125092034,0.522179587490797,0.522179587490797,0,0,3,6,,,,,,,,,,,,,,,,,
2021+ Model,2026-06-06,823697,Minnesota Twins,Kansas City Royals,Minnesota Twins,Kansas City Royals,0,True,Final,0.5396200586633918,0.4603799413366078,0.5396200586633918,1,0,2,3,,,,,,,,,,,,,,,,,
2021+ Model,2026-06-06,823859,Miami Marlins,Tampa Bay Rays,Tampa Bay Rays,Miami Marlins,0,True,Final,0.4792182624876052,0.5207817375123958,0.5207817375123958,0,1,4,3,,,,,,,,,,,,,,,,,
2021+ Model,2026-06-06,823942,Los Angeles Dodgers,Los Angeles Angels,Los Angeles Dodgers,Los Angeles Dodgers,1,True,Final,0.5556715485767236,0.4443284514232761,0.5556715485767236,1,1,9,2,,,,,,,,,,,,,,,,,
2021+ Model,2026-06-06,824184,Houston Astros,Athletics,Houston Astros,Houston Astros,1,True,Final,0.5341272208730896,0.4658727791269104,0.5341272208730896,1,1,13,2,,,,,,,,,,,,,,,,,
2021+ Model,2026-06-06,824269,Detroit Tigers,Seattle Mariners,Seattle Mariners,Seattle Mariners,1,True,Final,0.4760290845481758,0.5239709154518248,0.5239709154518248,0,0,0,4,,,,,,,,,,,,,,,,,
2021+ Model,2026-06-06,824351,Colorado Rockies,Milwaukee Brewers,Milwaukee Brewers,Milwaukee Brewers,1,True,Final,0.4999717523912216,0.500028247608779,0.500028247608779,0,0,1,7,,,,,,,,,,,,,,,,,
2021+ Model,2026-06-06,824669,Chicago Cubs,San Francisco Giants,San Francisco Giants,Chicago Cubs,0,True,Final,0.4986704144174519,0.5013295855825487,0.5013295855825487,0,1,3,2,,,,,,,,,,,,,,,,,
2021+ Model,2026-06-06,824915,Atlanta Braves,Pittsburgh Pirates,Pittsburgh Pirates,Atlanta Braves,0,True,Final,0.5112817029731979,0.4887182970268024,0.5112817029731979,0,1,6,3,,,,,,,,,,,,,,,,,
2021+ Model,2026-06-06,825075,Arizona Diamondbacks,Washington Nationals,Arizona Diamondbacks,Washington Nationals,0,True,Final,0.5230046219436368,0.4769953780563635,0.5230046219436368,1,0,1,6,,,,,,,,,,,,,,,,,
2021+ Model,2026-06-07,822807,Toronto Blue Jays,Baltimore Orioles,Toronto Blue Jays,Toronto Blue Jays,1,True,Final,0.5241801321453201,0.4758198678546804,0.5241801321453201,1,1,6,4,,,,,,,,,,,,,,,,,
2021+ Model,2026-06-07,822890,Texas Rangers,Cleveland Guardians,Cleveland Guardians,Texas Rangers,0,True,Final,0.4898627408869344,0.5101372591130658,0.5101372591130658,0,1,10,0,,,,,,,,,,,,,,,,,
2021+ Model,2026-06-07,823047,St. Louis Cardinals,Cincinnati Reds,St. Louis Cardinals,St. Louis Cardinals,1,True,Final,0.5272573805160404,0.4727426194839594,0.5272573805160404,1,1,5,3,,,,,,,,,,,,,,,,,
2021+ Model,2026-06-07,823291,San Diego Padres,New York Mets,New York Mets,New York Mets,1,True,Final,0.4795784257660462,0.5204215742339549,0.5204215742339549,0,0,3,7,,,,,,,,,,,,,,,,,
2021+ Model,2026-06-07,823453,Philadelphia Phillies,Chicago White Sox,Chicago White Sox,Philadelphia Phillies,0,True,Final,0.4806191793278395,0.5193808206721614,0.5193808206721614,0,1,9,5,,,,,,,,,,,,,,,,,
2021+ Model,2026-06-07,823537,New York Yankees,Boston Red Sox,Boston Red Sox,New York Yankees,0,True,Final,0.5038893129054297,0.4961106870945706,0.5038893129054297,0,1,6,1,,,,,,,,,,,,,,,,,
2021+ Model,2026-06-07,823696,Minnesota Twins,Kansas City Royals,Kansas City Royals,Kansas City Royals,1,True,Final,0.4864087047927351,0.5135912952072652,0.5135912952072652,0,0,5,6,,,,,,,,,,,,,,,,,
2021+ Model,2026-06-07,823857,Miami Marlins,Tampa Bay Rays,Miami Marlins,Miami Marlins,1,True,Final,0.5315494678739257,0.4684505321260741,0.5315494678739257,1,1,4,1,,,,,,,,,,,,,,,,,
2021+ Model,2026-06-07,823941,Los Angeles Dodgers,Los Angeles Angels,Los Angeles Dodgers,Los Angeles Angels,0,True,Final,0.5294261582230404,0.4705738417769597,0.5294261582230404,1,0,5,13,,,,,,,,,,,,,,,,,
2021+ Model,2026-06-07,824183,Houston Astros,Athletics,Houston Astros,Athletics,0,True,Final,0.5374805443047823,0.4625194556952179,0.5374805443047823,1,0,0,5,,,,,,,,,,,,,,,,,
2021+ Model,2026-06-07,824268,Detroit Tigers,Seattle Mariners,Seattle Mariners,Detroit Tigers,0,True,Final,0.4937301923675086,0.5062698076324916,0.5062698076324916,0,1,5,4,,,,,,,,,,,,,,,,,
2021+ Model,2026-06-07,824349,Colorado Rockies,Milwaukee Brewers,Milwaukee Brewers,Milwaukee Brewers,1,True,Final,0.4885267237285687,0.5114732762714318,0.5114732762714318,0,0,4,12,,,,,,,,,,,,,,,,,
2021+ Model,2026-06-07,824670,Chicago Cubs,San Francisco Giants,Chicago Cubs,San Francisco Giants,0,True,Final,0.5335123666756697,0.4664876333243308,0.5335123666756697,1,0,1,2,,,,,,,,,,,,,,,,,
2021+ Model,2026-06-07,824916,Atlanta Braves,Pittsburgh Pirates,Atlanta Braves,Atlanta Braves,1,True,Final,0.5764286354625938,0.4235713645374062,0.5764286354625938,1,1,3,2,,,,,,,,,,,,,,,,,
2021+ Model,2026-06-07,825074,Arizona Diamondbacks,Washington Nationals,Arizona Diamondbacks,Arizona Diamondbacks,1,True,Final,0.5849076986181203,0.4150923013818803,0.5849076986181203,1,1,5,1,,,,,,,,,,,,,,,,,
2021+ Model,2026-06-08,822806,Toronto Blue Jays,Philadelphia Phillies,Philadelphia Phillies,Philadelphia Phillies,1,True,Final,0.4934149308896269,0.5065850691103737,0.5065850691103737,0,0,2,5,,,,,,,,,,,,,,,,,
2021+ Model,2026-06-08,822972,Tampa Bay Rays,Boston Red Sox,Boston Red Sox,Tampa Bay Rays,0,True,Final,0.4783987108311148,0.521601289168886,0.521601289168886,0,1,3,1,,,,,,,,,,,,,,,,,
2021+ Model,2026-06-08,823218,San Francisco Giants,Washington Nationals,Washington Nationals,Washington Nationals,1,True,Final,0.5071172484156613,0.4928827515843389,0.5071172484156613,0,0,3,4,,,,,,,,,,,,,,,,,
2021+ Model,2026-06-08,823289,San Diego Padres,Cincinnati Reds,Cincinnati Reds,San Diego Padres,0,True,Final,0.5038774819857214,0.4961225180142795,0.5038774819857214,0,1,6,2,,,,,,,,,,,,,,,,,
2021+ Model,2026-06-08,824025,Los Angeles Angels,Houston Astros,Houston Astros,Houston Astros,1,True,Final,0.4899681614053727,0.5100318385946285,0.5100318385946285,0,0,4,5,,,,,,,,,,,,,,,,,
2021+ Model,2026-06-08,824427,Cleveland Guardians,New York Yankees,New York Yankees,New York Yankees,1,True,Final,0.5047206178873026,0.4952793821126977,0.5047206178873026,0,0,5,7,,,,,,,,,,,,,,,,,
2021+ Model,2026-06-08,824829,Baltimore Orioles,Seattle Mariners,Seattle Mariners,Seattle Mariners,1,True,Final,0.4700636371956938,0.5299363628043066,0.5299363628043066,0,0,3,6,,,,,,,,,,,,,,,,,
2021+ Model,2026-06-08,824998,Athletics,Milwaukee Brewers,Milwaukee Brewers,Milwaukee Brewers,1,True,Final,0.473998205119331,0.5260017948806697,0.5260017948806697,0,0,14,15,,,,,,,,,,,,,,,,,
2021+ Model,2026-06-09,822805,Toronto Blue Jays,Philadelphia Phillies,Philadelphia Phillies,Toronto Blue Jays,0,True,Final,0.5029911183716934,0.4970088816283071,0.5029911183716934,0,1,3,2,,,,,,,,,,,,,,,,,
2021+ Model,2026-06-09,822969,Tampa Bay Rays,Boston Red Sox,Boston Red Sox,Tampa Bay Rays,0,True,Final,0.5092901977283157,0.4907098022716851,0.5092901977283157,0,1,4,3,,,,,,,,,,,,,,,,,
2021+ Model,2026-06-09,823214,San Francisco Giants,Washington Nationals,Washington Nationals,Washington Nationals,1,True,Final,0.4615515008472333,0.5384484991527673,0.5384484991527673,0,0,3,6,,,,,,,,,,,,,,,,,
2021+ Model,2026-06-09,823290,San Diego Padres,Cincinnati Reds,Cincinnati Reds,Cincinnati Reds,1,True,Final,0.4859671909421892,0.5140328090578116,0.5140328090578116,0,0,3,5,,,,,,,,,,,,,,,,,
2021+ Model,2026-06-09,823374,Pittsburgh Pirates,Los Angeles Dodgers,Pittsburgh Pirates,Los Angeles Dodgers,0,True,Final,0.5281289545653979,0.4718710454346023,0.5281289545653979,1,0,3,12,,,,,,,,,,,,,,,,,
2021+ Model,2026-06-09,823620,New York Mets,St. Louis Cardinals,St. Louis Cardinals,St. Louis Cardinals,1,True,Final,0.5174158592210008,0.4825841407789993,0.5174158592210008,0,0,0,7,,,,,,,,,,,,,,,,,
2021+ Model,2026-06-09,823858,Miami Marlins,Arizona Diamondbacks,Arizona Diamondbacks,Miami Marlins,0,True,Final,0.4731520911397431,0.5268479088602579,0.5268479088602579,0,1,10,6,,,,,,,,,,,,,,,,,
2021+ Model,2026-06-09,824023,Los Angeles Angels,Houston Astros,Houston Astros,Los Angeles Angels,0,True,Final,0.4967741855839349,0.5032258144160654,0.5032258144160654,0,1,10,1,,,,,,,,,,,,,,,,,
2021+ Model,2026-06-09,824105,Kansas City Royals,Texas Rangers,Texas Rangers,Kansas City Royals,0,True,Final,0.4879685638319241,0.5120314361680776,0.5120314361680776,0,1,5,3,,,,,,,,,,,,,,,,,
2021+ Model,2026-06-09,824267,Detroit Tigers,Minnesota Twins,Detroit Tigers,Detroit Tigers,1,True,Final,0.5202650013629992,0.479734998637001,0.5202650013629992,1,1,10,4,,,,,,,,,,,,,,,,,
2021+ Model,2026-06-09,824347,Colorado Rockies,Chicago Cubs,Chicago Cubs,Colorado Rockies,0,True,Final,0.5191164465876791,0.4808835534123211,0.5191164465876791,0,1,7,3,,,,,,,,,,,,,,,,,
2021+ Model,2026-06-09,824429,Cleveland Guardians,New York Yankees,New York Yankees,New York Yankees,1,True,Final,0.4878188342186786,0.5121811657813221,0.5121811657813221,0,0,2,3,,,,,,,,,,,,,,,,,
2021+ Model,2026-06-09,824591,Chicago White Sox,Atlanta Braves,Atlanta Braves,Chicago White Sox,0,True,Final,0.5068785246393909,0.4931214753606097,0.5068785246393909,0,1,6,5,,,,,,,,,,,,,,,,,
2021+ Model,2026-06-09,824830,Baltimore Orioles,Seattle Mariners,Seattle Mariners,Seattle Mariners,1,True,Final,0.4761878582910566,0.5238121417089442,0.5238121417089442,0,0,5,6,,,,,,,,,,,,,,,,,
2021+ Model,2026-06-09,824999,Athletics,Milwaukee Brewers,Milwaukee Brewers,Athletics,0,True,Final,0.4661594710138302,0.5338405289861712,0.5338405289861712,0,1,7,5,,,,,,,,,,,,,,,,,
2021+ Model,2026-06-10,822804,Toronto Blue Jays,Philadelphia Phillies,Philadelphia Phillies,Philadelphia Phillies,1,True,Final,0.4899318374550376,0.5100681625449629,0.5100681625449629,0,0,4,7,,,,,,,,,,,,,,,,,
2021+ Model,2026-06-10,822970,Tampa Bay Rays,Boston Red Sox,Tampa Bay Rays,Tampa Bay Rays,1,True,Final,0.5407861496002959,0.4592138503997046,0.5407861496002959,1,1,7,5,,,,,,,,,,,,,,,,,
2021+ Model,2026-06-10,823215,San Francisco Giants,Washington Nationals,Washington Nationals,San Francisco Giants,0,True,Final,0.4617113278636619,0.538288672136339,0.538288672136339,0,1,11,10,,,,,,,,,,,,,,,,,
2021+ Model,2026-06-10,823287,San Diego Padres,Cincinnati Reds,San Diego Padres,San Diego Padres,1,True,Final,0.5519843694203307,0.4480156305796698,0.5519843694203307,1,1,5,4,,,,,,,,,,,,,,,,,
2021+ Model,2026-06-10,823372,Pittsburgh Pirates,Los Angeles Dodgers,Los Angeles Dodgers,Pittsburgh Pirates,0,True,Final,0.4676739593529822,0.5323260406470178,0.5323260406470178,0,1,9,8,,,,,,,,,,,,,,,,,
2021+ Model,2026-06-10,823618,New York Mets,St. Louis Cardinals,New York Mets,St. Louis Cardinals,0,True,Final,0.5511784127572933,0.4488215872427064,0.5511784127572933,1,0,2,9,,,,,,,,,,,,,,,,,
2021+ Model,2026-06-10,823856,Miami Marlins,Arizona Diamondbacks,Arizona Diamondbacks,Miami Marlins,0,True,Final,0.4856917684535936,0.5143082315464078,0.5143082315464078,0,1,8,0,,,,,,,,,,,,,,,,,
2021+ Model,2026-06-10,824022,Los Angeles Angels,Houston Astros,Houston Astros,Los Angeles Angels,0,True,Final,0.4885451150172178,0.5114548849827834,0.5114548849827834,0,1,3,2,,,,,,,,,,,,,,,,,
2021+ Model,2026-06-10,824103,Kansas City Royals,Texas Rangers,Texas Rangers,Texas Rangers,1,True,Final,0.4875112687169227,0.5124887312830788,0.5124887312830788,0,0,4,6,,,,,,,,,,,,,,,,,
2021+ Model,2026-06-10,824266,Detroit Tigers,Minnesota Twins,Minnesota Twins,Minnesota Twins,1,True,Final,0.4816056052020798,0.5183943947979213,0.5183943947979213,0,0,4,6,,,,,,,,,,,,,,,,,
2021+ Model,2026-06-10,824348,Colorado Rockies,Chicago Cubs,Chicago Cubs,Colorado Rockies,0,True,Final,0.5183642938345291,0.4816357061654714,0.5183642938345291,0,1,3,2,,,,,,,,,,,,,,,,,
2021+ Model,2026-06-10,824428,Cleveland Guardians,New York Yankees,New York Yankees,New York Yankees,1,True,Final,0.5173665281786519,0.4826334718213486,0.5173665281786519,0,0,4,8,,,,,,,,,,,,,,,,,
2021+ Model,2026-06-10,824590,Chicago White Sox,Atlanta Braves,Atlanta Braves,Chicago White Sox,0,True,Final,0.4908548960399057,0.5091451039600952,0.5091451039600952,0,1,2,1,,,,,,,,,,,,,,,,,
2021+ Model,2026-06-10,824831,Baltimore Orioles,Seattle Mariners,Seattle Mariners,Baltimore Orioles,0,True,Final,0.4792731339573495,0.5207268660426516,0.5207268660426516,0,1,7,2,,,,,,,,,,,,,,,,,
2021+ Model,2026-06-10,824996,Athletics,Milwaukee Brewers,Milwaukee Brewers,Athletics,0,True,Final,0.4650502512337671,0.5349497487662344,0.5349497487662344,0,1,4,3,,,,,,,,,,,,,,,,,
2021+ Model,2026-06-11,823371,Pittsburgh Pirates,Los Angeles Dodgers,Los Angeles Dodgers,Los Angeles Dodgers,1,True,Final,0.4677515260749734,0.532248473925027,0.532248473925027,0,0,6,8,,,,,,,,,,,,,,,,,
2021+ Model,2026-06-11,823619,New York Mets,St. Louis Cardinals,St. Louis Cardinals,New York Mets,0,True,Final,0.5172562391719421,0.4827437608280583,0.5172562391719421,0,1,5,4,,,,,,,,,,,,,,,,,
2021+ Model,2026-06-11,823855,Miami Marlins,Arizona Diamondbacks,Arizona Diamondbacks,Miami Marlins,0,True,Final,0.4812569701246856,0.5187430298753148,0.5187430298753148,0,1,2,0,,,,,,,,,,,,,,,,,
2021+ Model,2026-06-11,824101,Kansas City Royals,Texas Rangers,Texas Rangers,Texas Rangers,1,True,Final,0.5123736387339045,0.487626361266096,0.5123736387339045,0,0,2,4,,,,,,,,,,,,,,,,,
2021+ Model,2026-06-11,824265,Detroit Tigers,Minnesota Twins,Detroit Tigers,Detroit Tigers,1,True,Final,0.5330297020331668,0.4669702979668333,0.5330297020331668,1,1,11,0,,,,,,,,,,,,,,,,,
2021+ Model,2026-06-11,824346,Colorado Rockies,Chicago Cubs,Chicago Cubs,Chicago Cubs,1,True,Final,0.5136985953655588,0.4863014046344413,0.5136985953655588,0,0,3,9,,,,,,,,,,,,,,,,,
2021+ Model,2026-06-11,824827,Baltimore Orioles,Seattle Mariners,Seattle Mariners,Baltimore Orioles,0,True,Final,0.4735362485340917,0.526463751465909,0.526463751465909,0,1,7,5,,,,,,,,,,,,,,,,,
2021+ Model,2026-06-12,822726,Washington Nationals,Seattle Mariners,Seattle Mariners,Seattle Mariners,1,True,Final,0.4625413897593691,0.5374586102406318,0.5374586102406318,0,0,2,10,,,,,,,,,,,,,,,,,
2021+ Model,2026-06-12,822803,Toronto Blue Jays,New York Yankees,New York Yankees,Toronto Blue Jays,0,True,Final,0.4882032524347591,0.5117967475652414,0.5117967475652414,0,1,8,5,,,,,,,,,,,,,,,,,
2021+ Model,2026-06-12,823211,San Francisco Giants,Chicago Cubs,Chicago Cubs,Chicago Cubs,1,True,Final,0.4871451627905749,0.5128548372094254,0.5128548372094254,0,0,1,5,,,,,,,,,,,,,,,,,
2021+ Model,2026-06-12,823370,Pittsburgh Pirates,Miami Marlins,Pittsburgh Pirates,Miami Marlins,0,True,Final,0.5299636530613613,0.470036346938639,0.5299636530613613,1,0,3,8,,,,,,,,,,,,,,,,,
2021+ Model,2026-06-12,823617,New York Mets,Atlanta Braves,Atlanta Braves,New York Mets,0,True,Final,0.491416339582636,0.5085836604173647,0.5085836604173647,0,1,7,5,,,,,,,,,,,,,,,,,
2021+ Model,2026-06-12,823695,Minnesota Twins,St. Louis Cardinals,St. Louis Cardinals,Minnesota Twins,0,True,Final,0.4674803720806075,0.5325196279193931,0.5325196279193931,0,1,9,8,,,,,,,,,,,,,,,,,
2021+ Model,2026-06-12,823778,Milwaukee Brewers,Philadelphia Phillies,Philadelphia Phillies,Milwaukee Brewers,0,True,Final,0.4920322601176775,0.5079677398823228,0.5079677398823228,0,1,6,0,,,,,,,,,,,,,,,,,
2021+ Model,2026-06-12,824020,Los Angeles Angels,Tampa Bay Rays,Tampa Bay Rays,Los Angeles Angels,0,True,Final,0.4947351219668097,0.5052648780331905,0.5052648780331905,0,1,4,3,,,,,,,,,,,,,,,,,
2021+ Model,2026-06-12,824102,Kansas City Royals,Houston Astros,Houston Astros,Houston Astros,1,True,Final,0.4792372769836436,0.5207627230163571,0.5207627230163571,0,0,8,10,,,,,,,,,,,,,,,,,
2021+ Model,2026-06-12,824425,Cleveland Guardians,Detroit Tigers,Cleveland Guardians,Cleveland Guardians,1,True,Final,0.5285292546142425,0.4714707453857574,0.5285292546142425,1,1,3,2,,,,,,,,,,,,,,,,,
2021+ Model,2026-06-12,824507,Cincinnati Reds,Arizona Diamondbacks,Arizona Diamondbacks,Arizona Diamondbacks,1,True,Final,0.4604803312209562,0.5395196687790444,0.5395196687790444,0,0,2,5,,,,,,,,,,,,,,,,,
2021+ Model,2026-06-12,824588,Chicago White Sox,Los Angeles Dodgers,Los Angeles Dodgers,Chicago White Sox,0,True,Final,0.4874160732676852,0.5125839267323151,0.5125839267323151,0,1,8,2,,,,,,,,,,,,,,,,,
2021+ Model,2026-06-12,824752,Boston Red Sox,Texas Rangers,Boston Red Sox,Boston Red Sox,1,True,Final,0.5661975023535584,0.4338024976464419,0.5661975023535584,1,1,10,1,,,,,,,,,,,,,,,,,
2021+ Model,2026-06-12,824826,Baltimore Orioles,San Diego Padres,San Diego Padres,Baltimore Orioles,0,True,Final,0.5158577064289489,0.4841422935710517,0.5158577064289489,0,1,7,3,,,,,,,,,,,,,,,,,
2021+ Model,2026-06-12,824997,Athletics,Colorado Rockies,Colorado Rockies,Athletics,0,True,Final,0.467842785667979,0.5321572143320218,0.5321572143320218,0,1,6,4,,,,,,,,,,,,,,,,,
2021+ Model,2026-06-13,822725,Washington Nationals,Seattle Mariners,Seattle Mariners,Washington Nationals,0,True,Final,0.4650877731001489,0.534912226899852,0.534912226899852,0,1,8,3,,,,,,,,,,,,,,,,,
2021+ Model,2026-06-13,822802,Toronto Blue Jays,New York Yankees,New York Yankees,New York Yankees,1,True,Final,0.4642434604292369,0.5357565395707642,0.5357565395707642,0,0,1,3,,,,,,,,,,,,,,,,,
2021+ Model,2026-06-13,823213,San Francisco Giants,Chicago Cubs,Chicago Cubs,Chicago Cubs,1,True,Final,0.4974453680720674,0.5025546319279329,0.5025546319279329,0,0,1,6,,,,,,,,,,,,,,,,,
2021+ Model,2026-06-13,823369,Pittsburgh Pirates,Miami Marlins,Miami Marlins,Pittsburgh Pirates,0,True,Final,0.5021281288374804,0.4978718711625202,0.5021281288374804,0,1,3,2,,,,,,,,,,,,,,,,,
2021+ Model,2026-06-13,823616,New York Mets,Atlanta Braves,Atlanta Braves,Atlanta Braves,1,True,Final,0.4586473693266442,0.5413526306733567,0.5413526306733567,0,0,1,3,,,,,,,,,,,,,,,,,
2021+ Model,2026-06-13,823694,Minnesota Twins,St. Louis Cardinals,St. Louis Cardinals,St. Louis Cardinals,1,True,Final,0.4732341494216203,0.5267658505783807,0.5267658505783807,0,0,6,9,,,,,,,,,,,,,,,,,
2021+ Model,2026-06-13,823776,Milwaukee Brewers,Philadelphia Phillies,Milwaukee Brewers,Philadelphia Phillies,0,True,Final,0.5224118021729275,0.4775881978270732,0.5224118021729275,1,0,8,9,,,,,,,,,,,,,,,,,
2021+ Model,2026-06-13,824019,Los Angeles Angels,Tampa Bay Rays,Tampa Bay Rays,Los Angeles Angels,0,True,Final,0.5190557695375074,0.4809442304624932,0.5190557695375074,0,1,8,0,,,,,,,,,,,,,,,,,
2021+ Model,2026-06-13,824100,Kansas City Royals,Houston Astros,Houston Astros,Houston Astros,1,True,Final,0.4733472159308529,0.5266527840691478,0.5266527840691478,0,0,7,8,,,,,,,,,,,,,,,,,
2021+ Model,2026-06-13,824426,Cleveland Guardians,Detroit Tigers,Cleveland Guardians,Cleveland Guardians,1,True,Final,0.5215900853234728,0.4784099146765268,0.5215900853234728,1,1,3,1,,,,,,,,,,,,,,,,,
2021+ Model,2026-06-13,824508,Cincinnati Reds,Arizona Diamondbacks,Arizona Diamondbacks,Cincinnati Reds,0,True,Final,0.482061275768628,0.5179387242313725,0.5179387242313725,0,1,2,1,,,,,,,,,,,,,,,,,
2021+ Model,2026-06-13,824587,Chicago White Sox,Los Angeles Dodgers,Los Angeles Dodgers,Los Angeles Dodgers,1,True,Final,0.512381112880721,0.4876188871192795,0.512381112880721,0,0,1,7,,,,,,,,,,,,,,,,,
2021+ Model,2026-06-13,824749,Boston Red Sox,Texas Rangers,Boston Red Sox,Boston Red Sox,1,True,Final,0.5325072010225467,0.4674927989774535,0.5325072010225467,1,1,6,3,,,,,,,,,,,,,,,,,
2021+ Model,2026-06-13,824828,Baltimore Orioles,San Diego Padres,Baltimore Orioles,San Diego Padres,0,True,Final,0.5329779103336557,0.4670220896663448,0.5329779103336557,1,0,3,9,,,,,,,,,,,,,,,,,
2021+ Model,2026-06-13,824995,Athletics,Colorado Rockies,Colorado Rockies,Athletics,0,True,Final,0.4781915706800052,0.521808429319995,0.521808429319995,0,1,7,5,,,,,,,,,,,,,,,,,
2021+ Model,2026-06-14,822722,Washington Nationals,Seattle Mariners,Seattle Mariners,Washington Nationals,0,True,Final,0.473174281430244,0.5268257185697569,0.5268257185697569,0,1,10,1,,,,,,,,,,,,,,,,,
2021+ Model,2026-06-14,822801,Toronto Blue Jays,New York Yankees,New York Yankees,New York Yankees,1,True,Final,0.4740505702424573,0.525949429757544,0.525949429757544,0,0,3,8,,,,,,,,,,,,,,,,,
2021+ Model,2026-06-14,823212,San Francisco Giants,Chicago Cubs,San Francisco Giants,San Francisco Giants,1,True,Final,0.5241570498093673,0.4758429501906331,0.5241570498093673,1,1,5,1,,,,,,,,,,,,,,,,,
2021+ Model,2026-06-14,823368,Pittsburgh Pirates,Miami Marlins,Pittsburgh Pirates,Miami Marlins,0,True,Final,0.5903801406007573,0.4096198593992428,0.5903801406007573,1,0,2,4,,,,,,,,,,,,,,,,,
2021+ Model,2026-06-14,823615,New York Mets,Atlanta Braves,Atlanta Braves,New York Mets,0,True,Final,0.4800571569574431,0.5199428430425574,0.5199428430425574,0,1,8,1,,,,,,,,,,,,,,,,,
2021+ Model,2026-06-14,823693,Minnesota Twins,St. Louis Cardinals,St. Louis Cardinals,Minnesota Twins,0,True,Final,0.4706311973295869,0.5293688026704145,0.5293688026704145,0,1,5,4,,,,,,,,,,,,,,,,,
2021+ Model,2026-06-14,823777,Milwaukee Brewers,Philadelphia Phillies,Philadelphia Phillies,Milwaukee Brewers,0,True,Final,0.4799948895913891,0.5200051104086119,0.5200051104086119,0,1,4,0,,,,,,,,,,,,,,,,,
2021+ Model,2026-06-14,824021,Los Angeles Angels,Tampa Bay Rays,Tampa Bay Rays,Tampa Bay Rays,1,True,Final,0.4966311085520871,0.5033688914479136,0.5033688914479136,0,0,3,8,,,,,,,,,,,,,,,,,
2021+ Model,2026-06-14,824099,Kansas City Royals,Houston Astros,Houston Astros,Kansas City Royals,0,True,Final,0.4839817440984351,0.516018255901566,0.516018255901566,0,1,4,0,,,,,,,,,,,,,,,,,
2021+ Model,2026-06-14,824506,Cincinnati Reds,Arizona Diamondbacks,Arizona Diamondbacks,Arizona Diamondbacks,1,True,Final,0.4699937211061111,0.5300062788938896,0.5300062788938896,0,0,3,5,,,,,,,,,,,,,,,,,
2021+ Model,2026-06-14,824586,Chicago White Sox,Los Angeles Dodgers,Chicago White Sox,Chicago White Sox,1,True,Final,0.5351463140170439,0.4648536859829565,0.5351463140170439,1,1,6,4,,,,,,,,,,,,,,,,,
2021+ Model,2026-06-14,824751,Boston Red Sox,Texas Rangers,Boston Red Sox,Texas Rangers,0,True,Final,0.5831528646153232,0.4168471353846768,0.5831528646153232,1,0,4,6,,,,,,,,,,,,,,,,,
2021+ Model,2026-06-14,824823,Baltimore Orioles,San Diego Padres,San Diego Padres,San Diego Padres,1,True,Final,0.5105600888222827,0.4894399111777178,0.5105600888222827,0,0,2,5,,,,,,,,,,,,,,,,,
2021+ Model,2026-06-14,824994,Athletics,Colorado Rockies,Colorado Rockies,Colorado Rockies,1,True,Final,0.5166543281738558,0.4833456718261448,0.5166543281738558,0,0,9,23,,,,,,,,,,,,,,,,,
2021+ Model,2026-06-15,822724,Washington Nationals,Kansas City Royals,Kansas City Royals,Washington Nationals,0,True,Final,0.4845491287010801,0.5154508712989212,0.5154508712989212,0,1,7,3,,,,,,,,,,,,,,,,,
2021+ Model,2026-06-15,822887,Texas Rangers,Minnesota Twins,Texas Rangers,Minnesota Twins,0,True,Final,0.5638773112543521,0.436122688745648,0.5638773112543521,1,0,2,4,,,,,,,,,,,,,,,,,
2021+ Model,2026-06-15,823046,St. Louis Cardinals,San Diego Padres,San Diego Padres,St. Louis Cardinals,0,True,Final,0.487176318676762,0.5128236813232384,0.5128236813232384,0,1,3,0,,,,,,,,,,,,,,,,,
2021+ Model,2026-06-15,823452,Philadelphia Phillies,Miami Marlins,Philadelphia Phillies,Philadelphia Phillies,1,True,Final,0.5635034401751969,0.4364965598248035,0.5635034401751969,1,1,7,0,,,,,,,,,,,,,,,,,
2021+ Model,2026-06-15,823938,Los Angeles Dodgers,Tampa Bay Rays,Tampa Bay Rays,Los Angeles Dodgers,0,True,Final,0.4962672026789549,0.5037327973210458,0.5037327973210458,0,1,4,3,,,,,,,,,,,,,,,,,
2021+ Model,2026-06-15,824181,Houston Astros,Detroit Tigers,Houston Astros,Detroit Tigers,0,True,Final,0.6021046419667425,0.3978953580332575,0.6021046419667425,1,0,3,9,,,,,,,,,,,,,,,,,
2021+ Model,2026-06-15,824505,Cincinnati Reds,New York Mets,New York Mets,Cincinnati Reds,0,True,Final,0.4877844665208998,0.5122155334791016,0.5122155334791016,0,1,12,0,,,,,,,,,,,,,,,,,
2021+ Model,2026-06-15,824666,Chicago Cubs,Colorado Rockies,Chicago Cubs,Chicago Cubs,1,True,Final,0.5314441139873914,0.4685558860126089,0.5314441139873914,1,1,5,4,,,,,,,,,,,,,,,,,
2021+ Model,2026-06-15,824993,Athletics,Pittsburgh Pirates,Athletics,Athletics,1,True,Final,0.5219577446831111,0.4780422553168899,0.5219577446831111,1,1,11,2,,,,,,,,,,,,,,,,,
2021+ Model,2026-06-15,825071,Arizona Diamondbacks,Los Angeles Angels,Los Angeles Angels,Arizona Diamondbacks,0,True,Final,0.4607312953222722,0.5392687046777285,0.5392687046777285,0,1,4,3,,,,,,,,,,,,,,,,,
2021+ Model,2026-06-16,822723,Washington Nationals,Kansas City Royals,Kansas City Royals,Washington Nationals,0,True,Final,0.5125840649811256,0.4874159350188746,0.5125840649811256,0,1,6,4,,,,,,,,,,,,,,,,,
2021+ Model,2026-06-16,822888,Texas Rangers,Minnesota Twins,Texas Rangers,Minnesota Twins,0,True,Final,0.5345344523244033,0.4654655476755973,0.5345344523244033,1,0,2,12,,,,,,,,,,,,,,,,,
2021+ Model,2026-06-16,823045,St. Louis Cardinals,San Diego Padres,San Diego Padres,St. Louis Cardinals,0,True,Final,0.5034667904539701,0.4965332095460299,0.5034667904539701,0,1,3,2,,,,,,,,,,,,,,,,,
2021+ Model,2026-06-16,823128,Seattle Mariners,Baltimore Orioles,Baltimore Orioles,Seattle Mariners,0,True,Final,0.5145651528388168,0.4854348471611834,0.5145651528388168,0,1,3,1,,,,,,,,,,,,,,,,,
2021+ Model,2026-06-16,823451,Philadelphia Phillies,Miami Marlins,Philadelphia Phillies,Philadelphia Phillies,1,True,Final,0.529500864501218,0.470499135498782,0.529500864501218,1,1,8,2,,,,,,,,,,,,,,,,,
2021+ Model,2026-06-16,823535,New York Yankees,Chicago White Sox,New York Yankees,New York Yankees,1,True,Final,0.5467774661347016,0.4532225338652986,0.5467774661347016,1,1,12,2,,,,,,,,,,,,,,,,,
2021+ Model,2026-06-16,823775,Milwaukee Brewers,Cleveland Guardians,Milwaukee Brewers,Milwaukee Brewers,1,True,Final,0.5677701073499272,0.4322298926500731,0.5677701073499272,1,1,2,1,,,,,,,,,,,,,,,,,
2021+ Model,2026-06-16,823939,Los Angeles Dodgers,Tampa Bay Rays,Tampa Bay Rays,Los Angeles Dodgers,0,True,Final,0.5119443725809981,0.4880556274190025,0.5119443725809981,0,1,1,0,,,,,,,,,,,,,,,,,
2021+ Model,2026-06-16,824182,Houston Astros,Detroit Tigers,Houston Astros,Houston Astros,1,True,Final,0.5773377952831775,0.4226622047168223,0.5773377952831775,1,1,4,2,,,,,,,,,,,,,,,,,
2021+ Model,2026-06-16,824504,Cincinnati Reds,New York Mets,New York Mets,Cincinnati Reds,0,True,Final,0.4792645740865885,0.520735425913412,0.520735425913412,0,1,5,3,,,,,,,,,,,,,,,,,
2021+ Model,2026-06-16,824667,Chicago Cubs,Colorado Rockies,Chicago Cubs,Colorado Rockies,0,True,Final,0.5359121481286644,0.4640878518713358,0.5359121481286644,1,0,2,5,,,,,,,,,,,,,,,,,
2021+ Model,2026-06-16,824750,Boston Red Sox,Toronto Blue Jays,Toronto Blue Jays,Toronto Blue Jays,1,True,Final,0.5064461344905543,0.4935538655094461,0.5064461344905543,0,0,1,6,,,,,,,,,,,,,,,,,
2021+ Model,2026-06-16,824991,Athletics,Pittsburgh Pirates,Athletics,Pittsburgh Pirates,0,True,Final,0.5279271671165332,0.4720728328834674,0.5279271671165332,1,0,5,6,,,,,,,,,,,,,,,,,
2021+ Model,2026-06-16,825070,Arizona Diamondbacks,Los Angeles Angels,Los Angeles Angels,Los Angeles Angels,1,True,Final,0.4798618625945813,0.5201381374054195,0.5201381374054195,0,0,0,7,,,,,,,,,,,,,,,,,
2021+ Model,2026-06-17,822721,Washington Nationals,Kansas City Royals,Kansas City Royals,Kansas City Royals,1,True,Final,0.5008672679390365,0.499132732060964,0.5008672679390365,0,0,2,6,,,,,,,,,,,,,,,,,
2021+ Model,2026-06-17,823044,St. Louis Cardinals,San Diego Padres,San Diego Padres,San Diego Padres,1,True,Final,0.5040630923564487,0.4959369076435511,0.5040630923564487,0,0,1,6,,,,,,,,,,,,,,,,,
2021+ Model,2026-06-17,823127,Seattle Mariners,Baltimore Orioles,Baltimore Orioles,Baltimore Orioles,1,True,Final,0.5083026391696535,0.4916973608303475,0.5083026391696535,0,0,3,5,,,,,,,,,,,,,,,,,
2021+ Model,2026-06-17,823450,Philadelphia Phillies,Miami Marlins,Miami Marlins,Miami Marlins,1,True,Final,0.5044476318307741,0.4955523681692259,0.5044476318307741,0,0,4,12,,,,,,,,,,,,,,,,,
2021+ Model,2026-06-17,823536,New York Yankees,Chicago White Sox,New York Yankees,New York Yankees,1,True,Final,0.5392818675135614,0.4607181324864386,0.5392818675135614,1,1,10,5,,,,,,,,,,,,,,,,,
2021+ Model,2026-06-17,823774,Milwaukee Brewers,Cleveland Guardians,Cleveland Guardians,Milwaukee Brewers,0,True,Final,0.5159792299516633,0.4840207700483368,0.5159792299516633,0,1,9,4,,,,,,,,,,,,,,,,,
2021+ Model,2026-06-17,823940,Los Angeles Dodgers,Tampa Bay Rays,Tampa Bay Rays,Los Angeles Dodgers,0,True,Final,0.5151245352627523,0.4848754647372484,0.5151245352627523,0,1,5,4,,,,,,,,,,,,,,,,,
2021+ Model,2026-06-17,824178,Houston Astros,Detroit Tigers,Houston Astros,Houston Astros,1,True,Final,0.5234796274153997,0.4765203725846005,0.5234796274153997,1,1,4,2,,,,,,,,,,,,,,,,,
2021+ Model,2026-06-17,824503,Cincinnati Reds,New York Mets,New York Mets,New York Mets,1,True,Final,0.4666029594985948,0.533397040501406,0.533397040501406,0,0,1,9,,,,,,,,,,,,,,,,,
2021+ Model,2026-06-17,824668,Chicago Cubs,Colorado Rockies,Chicago Cubs,Chicago Cubs,1,True,Final,0.5358641031022487,0.4641358968977516,0.5358641031022487,1,1,8,6,,,,,,,,,,,,,,,,,
2021+ Model,2026-06-17,824746,Boston Red Sox,Toronto Blue Jays,Toronto Blue Jays,Toronto Blue Jays,1,True,Final,0.5001736501805798,0.4998263498194205,0.5001736501805798,0,0,0,3,,,,,,,,,,,,,,,,,
2021+ Model,2026-06-17,824912,Atlanta Braves,San Francisco Giants,Atlanta Braves,San Francisco Giants,0,True,Final,0.5293649811347094,0.4706350188652902,0.5293649811347094,1,0,2,7,,,,,,,,,,,,,,,,,
2021+ Model,2026-06-17,824913,Atlanta Braves,San Francisco Giants,Atlanta Braves,San Francisco Giants,0,True,Final,0.5459435027831813,0.4540564972168188,0.5459435027831813,1,0,5,7,,,,,,,,,,,,,,,,,
2021+ Model,2026-06-17,824992,Athletics,Pittsburgh Pirates,Pittsburgh Pirates,Pittsburgh Pirates,1,True,Final,0.51951167596003,0.48048832403997,0.51951167596003,0,0,4,12,,,,,,,,,,,,,,,,,
2021+ Model,2026-06-17,825072,Arizona Diamondbacks,Los Angeles Angels,Arizona Diamondbacks,Arizona Diamondbacks,1,True,Final,0.5422556591853844,0.4577443408146162,0.5422556591853844,1,1,8,1,,,,,,,,,,,,,,,,,
2021+ Model,2026-06-18,822889,Texas Rangers,Minnesota Twins,Minnesota Twins,Minnesota Twins,1,True,Final,0.4994096376781354,0.500590362321865,0.500590362321865,0,0,3,9,,,,,,,,,,,,,,,,,
2021+ Model,2026-06-18,823125,Seattle Mariners,Baltimore Orioles,Baltimore Orioles,Seattle Mariners,0,True,Final,0.5149393292994093,0.4850606707005907,0.5149393292994093,0,1,3,0,,,,,,,,,,,,,,,,,
2021+ Model,2026-06-18,823448,Philadelphia Phillies,New York Mets,Philadelphia Phillies,New York Mets,0,True,Final,0.5794598266993053,0.4205401733006944,0.5794598266993053,1,0,4,6,,,,,,,,,,,,,,,,,
2021+ Model,2026-06-18,823533,New York Yankees,Chicago White Sox,Chicago White Sox,Chicago White Sox,1,True,Final,0.5137803560177943,0.4862196439822059,0.5137803560177943,0,0,1,5,,,,,,,,,,,,,,,,,
2021+ Model,2026-06-18,823772,Milwaukee Brewers,Cleveland Guardians,Cleveland Guardians,Cleveland Guardians,1,True,Final,0.5100825520918244,0.4899174479081762,0.5100825520918244,0,0,2,4,,,,,,,,,,,,,,,,,
2021+ Model,2026-06-18,824098,Kansas City Royals,St. Louis Cardinals,St. Louis Cardinals,Kansas City Royals,0,True,Final,0.5006035015101373,0.4993964984898633,0.5006035015101373,0,1,14,6,,,,,,,,,,,,,,,,,
2021+ Model,2026-06-18,824748,Boston Red Sox,Toronto Blue Jays,Toronto Blue Jays,Toronto Blue Jays,1,True,Final,0.4817415127621469,0.5182584872378535,0.5182584872378535,0,0,3,4,,,,,,,,,,,,,,,,,
2021+ Model,2026-06-18,824989,Athletics,Los Angeles Angels,Los Angeles Angels,Athletics,0,True,Final,0.476955872647046,0.5230441273529549,0.5230441273529549,0,1,5,0,,,,,,,,,,,,,,,,,
2021+ Model,2026-06-19,822886,Texas Rangers,San Diego Padres,Texas Rangers,Texas Rangers,1,True,Final,0.5550033034889882,0.444996696511012,0.5550033034889882,1,1,9,7,,,,,,,,,,,,,,,,,
2021+ Model,2026-06-19,822966,Tampa Bay Rays,Washington Nationals,Washington Nationals,Tampa Bay Rays,0,True,Final,0.5060819024655516,0.493918097534449,0.5060819024655516,0,1,5,2,,,,,,,,,,,,,,,,,
2021+ Model,2026-06-19,823124,Seattle Mariners,Boston Red Sox,Boston Red Sox,Boston Red Sox,1,True,Final,0.4998976770398082,0.5001023229601925,0.5001023229601925,0,0,2,6,,,,,,,,,,,,,,,,,
2021+ Model,2026-06-19,823534,New York Yankees,Cincinnati Reds,New York Yankees,New York Yankees,1,True,Final,0.5927952171906756,0.4072047828093247,0.5927952171906756,1,1,5,0,,,,,,,,,,,,,,,,,
2021+ Model,2026-06-19,823853,Miami Marlins,San Francisco Giants,San Francisco Giants,Miami Marlins,0,True,Final,0.5119713469513288,0.488028653048672,0.5119713469513288,0,1,4,3,,,,,,,,,,,,,,,,,
2021+ Model,2026-06-19,823936,Los Angeles Dodgers,Baltimore Orioles,Los Angeles Dodgers,Los Angeles Dodgers,1,True,Final,0.5405034900459469,0.4594965099540536,0.5405034900459469,1,1,6,5,,,,,,,,,,,,,,,,,
2021+ Model,2026-06-19,824097,Kansas City Royals,St. Louis Cardinals,St. Louis Cardinals,Kansas City Royals,0,True,Final,0.4972596382354812,0.5027403617645199,0.5027403617645199,0,1,6,5,,,,,,,,,,,,,,,,,
2021+ Model,2026-06-19,824179,Houston Astros,Cleveland Guardians,Cleveland Guardians,Houston Astros,0,True,Final,0.4853287675056625,0.5146712324943382,0.5146712324943382,0,1,9,3,,,,,,,,,,,,,,,,,
2021+ Model,2026-06-19,824264,Detroit Tigers,Chicago White Sox,Chicago White Sox,Detroit Tigers,0,True,Final,0.4826511941606792,0.5173488058393213,0.5173488058393213,0,1,4,3,,,,,,,,,,,,,,,,,
2021+ Model,2026-06-19,824345,Colorado Rockies,Pittsburgh Pirates,Colorado Rockies,Colorado Rockies,1,True,Final,0.5300567463841165,0.4699432536158838,0.5300567463841165,1,1,4,3,,,,,,,,,,,,,,,,,
2021+ Model,2026-06-19,824663,Chicago Cubs,Toronto Blue Jays,Chicago Cubs,Chicago Cubs,1,True,Final,0.5321786745651708,0.4678213254348298,0.5321786745651708,1,1,16,2,,,,,,,,,,,,,,,,,
2021+ Model,2026-06-19,824910,Atlanta Braves,Milwaukee Brewers,Milwaukee Brewers,Atlanta Braves,0,True,Final,0.4766758905911874,0.5233241094088134,0.5233241094088134,0,1,3,2,,,,,,,,,,,,,,,,,
2021+ Model,2026-06-19,824990,Athletics,Los Angeles Angels,Los Angeles Angels,Athletics,0,True,Final,0.4723004709366931,0.5276995290633075,0.5276995290633075,0,1,12,11,,,,,,,,,,,,,,,,,
2021+ Model,2026-06-19,825069,Arizona Diamondbacks,Minnesota Twins,Arizona Diamondbacks,Arizona Diamondbacks,1,True,Final,0.5274840148877598,0.4725159851122406,0.5274840148877598,1,1,9,5,,,,,,,,,,,,,,,,,
2021+ Model,2026-06-20,822885,Texas Rangers,San Diego Padres,San Diego Padres,San Diego Padres,1,True,Final,0.5007300384791784,0.4992699615208223,0.5007300384791784,0,0,4,6,,,,,,,,,,,,,,,,,
2021+ Model,2026-06-20,822967,Tampa Bay Rays,Washington Nationals,Tampa Bay Rays,Washington Nationals,0,True,Final,0.5729502928716564,0.4270497071283438,0.5729502928716564,1,0,3,4,,,,,,,,,,,,,,,,,
2021+ Model,2026-06-20,823126,Seattle Mariners,Boston Red Sox,Boston Red Sox,Boston Red Sox,1,True,Final,0.4803141464889414,0.5196858535110596,0.5196858535110596,0,0,1,5,,,,,,,,,,,,,,,,,
2021+ Model,2026-06-20,823447,Philadelphia Phillies,New York Mets,Philadelphia Phillies,Philadelphia Phillies,1,True,Final,0.5401366178962579,0.4598633821037428,0.5401366178962579,1,1,15,3,,,,,,,,,,,,,,,,,
2021+ Model,2026-06-20,823532,New York Yankees,Cincinnati Reds,New York Yankees,Cincinnati Reds,0,True,Final,0.5403587115124027,0.4596412884875974,0.5403587115124027,1,0,2,10,,,,,,,,,,,,,,,,,
2021+ Model,2026-06-20,823854,Miami Marlins,San Francisco Giants,San Francisco Giants,Miami Marlins,0,True,Final,0.4811923902114319,0.5188076097885691,0.5188076097885691,0,1,6,3,,,,,,,,,,,,,,,,,
2021+ Model,2026-06-20,823937,Los Angeles Dodgers,Baltimore Orioles,Los Angeles Dodgers,Baltimore Orioles,0,True,Final,0.5691570452450012,0.4308429547549988,0.5691570452450012,1,0,2,3,,,,,,,,,,,,,,,,,
2021+ Model,2026-06-20,824180,Houston Astros,Cleveland Guardians,Cleveland Guardians,Cleveland Guardians,1,True,Final,0.5064798185949875,0.4935201814050138,0.5064798185949875,0,0,1,8,,,,,,,,,,,,,,,,,
2021+ Model,2026-06-20,824263,Detroit Tigers,Chicago White Sox,Chicago White Sox,Detroit Tigers,0,True,Final,0.4892125474705293,0.5107874525294714,0.5107874525294714,0,1,4,1,,,,,,,,,,,,,,,,,
2021+ Model,2026-06-20,824342,Colorado Rockies,Pittsburgh Pirates,Colorado Rockies,Colorado Rockies,1,True,Final,0.5263431935062814,0.4736568064937193,0.5263431935062814,1,1,2,1,,,,,,,,,,,,,,,,,
2021+ Model,2026-06-20,824665,Chicago Cubs,Toronto Blue Jays,Toronto Blue Jays,Toronto Blue Jays,1,True,Final,0.507287660126933,0.4927123398730682,0.507287660126933,0,0,6,8,,,,,,,,,,,,,,,,,
2021+ Model,2026-06-20,824909,Atlanta Braves,Milwaukee Brewers,Atlanta Braves,Atlanta Braves,1,True,Final,0.5319968595975837,0.4680031404024164,0.5319968595975837,1,1,4,3,,,,,,,,,,,,,,,,,
2021+ Model,2026-06-20,824988,Athletics,Los Angeles Angels,Los Angeles Angels,Los Angeles Angels,1,True,Final,0.4818162766995836,0.5181837233004172,0.5181837233004172,0,0,0,7,,,,,,,,,,,,,,,,,
2021+ Model,2026-06-20,825068,Arizona Diamondbacks,Minnesota Twins,Arizona Diamondbacks,Minnesota Twins,0,True,Final,0.5228885192121008,0.4771114807878994,0.5228885192121008,1,0,8,16,,,,,,,,,,,,,,,,,
2021+ Model,2026-06-21,822883,Texas Rangers,San Diego Padres,San Diego Padres,Texas Rangers,0,True,Final,0.5126953570421753,0.4873046429578258,0.5126953570421753,0,1,4,3,,,,,,,,,,,,,,,,,
2021+ Model,2026-06-21,822968,Tampa Bay Rays,Washington Nationals,Tampa Bay Rays,Tampa Bay Rays,1,True,Final,0.5341845653504059,0.4658154346495943,0.5341845653504059,1,1,4,3,,,,,,,,,,,,,,,,,
2021+ Model,2026-06-21,823123,Seattle Mariners,Boston Red Sox,Boston Red Sox,Seattle Mariners,0,True,Final,0.4895438174511737,0.5104561825488266,0.5104561825488266,0,1,3,1,,,,,,,,,,,,,,,,,
2021+ Model,2026-06-21,823449,Philadelphia Phillies,New York Mets,Philadelphia Phillies,Philadelphia Phillies,1,True,Final,0.5519638935603021,0.4480361064396984,0.5519638935603021,1,1,6,2,,,,,,,,,,,,,,,,,
2021+ Model,2026-06-21,823531,New York Yankees,Cincinnati Reds,Cincinnati Reds,Cincinnati Reds,1,True,Final,0.5048513401802837,0.4951486598197165,0.5048513401802837,0,0,1,4,,,,,,,,,,,,,,,,,
2021+ Model,2026-06-21,823852,Miami Marlins,San Francisco Giants,San Francisco Giants,Miami Marlins,0,True,Final,0.4808677982265492,0.5191322017734511,0.5191322017734511,0,1,2,1,,,,,,,,,,,,,,,,,
2021+ Model,2026-06-21,823934,Los Angeles Dodgers,Baltimore Orioles,Los Angeles Dodgers,Baltimore Orioles,0,True,Final,0.5763344023233902,0.4236655976766102,0.5763344023233902,1,0,1,12,,,,,,,,,,,,,,,,,
2021+ Model,2026-06-21,824095,Kansas City Royals,St. Louis Cardinals,St. Louis Cardinals,St. Louis Cardinals,1,True,Final,0.4639745817096872,0.5360254182903139,0.5360254182903139,0,0,10,12,,,,,,,,,,,,,,,,,
2021+ Model,2026-06-21,824177,Houston Astros,Cleveland Guardians,Cleveland Guardians,Houston Astros,0,True,Final,0.5121482229250092,0.4878517770749919,0.5121482229250092,0,1,2,1,,,,,,,,,,,,,,,,,
2021+ Model,2026-06-21,824260,Detroit Tigers,Chicago White Sox,Chicago White Sox,Detroit Tigers,0,True,Final,0.4712403567194498,0.5287596432805515,0.5287596432805515,0,1,5,4,,,,,,,,,,,,,,,,,
2021+ Model,2026-06-21,824343,Colorado Rockies,Pittsburgh Pirates,Colorado Rockies,Pittsburgh Pirates,0,True,Final,0.545881041678295,0.454118958321706,0.545881041678295,1,0,6,8,,,,,,,,,,,,,,,,,
2021+ Model,2026-06-21,824908,Atlanta Braves,Milwaukee Brewers,Milwaukee Brewers,Milwaukee Brewers,1,True,Final,0.4990827380545993,0.5009172619454011,0.5009172619454011,0,0,4,9,,,,,,,,,,,,,,,,,
2021+ Model,2026-06-21,824987,Athletics,Los Angeles Angels,Los Angeles Angels,Los Angeles Angels,1,True,Final,0.4827894089334168,0.5172105910665845,0.5172105910665845,0,0,7,9,,,,,,,,,,,,,,,,,
2021+ Model,2026-06-21,825067,Arizona Diamondbacks,Minnesota Twins,Minnesota Twins,Minnesota Twins,1,True,Final,0.5130980886459549,0.4869019113540455,0.5130980886459549,0,0,2,4,,,,,,,,,,,,,,,,,
2021+ Model,2026-06-22,822720,Washington Nationals,Philadelphia Phillies,Philadelphia Phillies,Washington Nationals,0,True,Final,0.4708149136940727,0.529185086305929,0.529185086305929,0,1,4,1,,,,,,,,,,,,,,,,,
2021+ Model,2026-06-22,822800,Toronto Blue Jays,Houston Astros,Houston Astros,Toronto Blue Jays,0,True,Final,0.4899937788736739,0.5100062211263272,0.5100062211263272,0,1,4,2,,,,,,,,,,,,,,,,,
2021+ Model,2026-06-22,822964,Tampa Bay Rays,Kansas City Royals,Tampa Bay Rays,Kansas City Royals,0,True,Final,0.5701847460377889,0.429815253962211,0.5701847460377889,1,0,1,2,,,,,,,,,,,,,,,,,
2021+ Model,2026-06-22,823040,St. Louis Cardinals,Arizona Diamondbacks,Arizona Diamondbacks,St. Louis Cardinals,0,True,Final,0.4895026894035816,0.5104973105964193,0.5104973105964193,0,1,3,2,,,,,,,,,,,,,,,,,
2021+ Model,2026-06-22,823288,San Diego Padres,Atlanta Braves,Atlanta Braves,San Diego Padres,0,True,Final,0.5122762375167469,0.487723762483254,0.5122762375167469,0,1,1,0,,,,,,,,,,,,,,,,,
2021+ Model,2026-06-22,823692,Minnesota Twins,Los Angeles Dodgers,Los Angeles Dodgers,Los Angeles Dodgers,1,True,Final,0.4829431586440155,0.5170568413559855,0.5170568413559855,0,0,1,2,,,,,,,,,,,,,,,,,
2021+ Model,2026-06-22,823851,Miami Marlins,Texas Rangers,Texas Rangers,Texas Rangers,1,True,Final,0.5113766531014604,0.4886233468985398,0.5113766531014604,0,0,3,4,,,,,,,,,,,,,,,,,
2021+ Model,2026-06-22,824016,Los Angeles Angels,Baltimore Orioles,Baltimore Orioles,Baltimore Orioles,1,True,Final,0.4506242981992033,0.549375701800798,0.549375701800798,0,0,1,6,,,,,,,,,,,,,,,,,
2021+ Model,2026-06-22,824261,Detroit Tigers,New York Yankees,New York Yankees,Detroit Tigers,0,True,Final,0.4729668213232887,0.5270331786767125,0.5270331786767125,0,1,5,3,,,,,,,,,,,,,,,,,
2021+ Model,2026-06-22,824344,Colorado Rockies,Boston Red Sox,Boston Red Sox,Colorado Rockies,0,True,Final,0.472032396703318,0.5279676032966832,0.5279676032966832,0,1,3,2,,,,,,,,,,,,,,,,,
2021+ Model,2026-06-22,824502,Cincinnati Reds,Milwaukee Brewers,Milwaukee Brewers,Milwaukee Brewers,1,True,Final,0.438832187524677,0.5611678124753248,0.5611678124753248,0,0,1,2,,,,,,,,,,,,,,,,,
2021+ Model,2026-06-22,824585,Chicago White Sox,Cleveland Guardians,Cleveland Guardians,Chicago White Sox,0,True,Final,0.4900766332141444,0.5099233667858563,0.5099233667858563,0,1,6,5,,,,,,,,,,,,,,,,,
2021+ Model,2026-06-23,822718,Washington Nationals,Philadelphia Phillies,Philadelphia Phillies,Philadelphia Phillies,1,True,Final,0.4644941542549285,0.5355058457450727,0.5355058457450727,0,0,9,14,,,,,,,,,,,,,,,,,
2021+ Model,2026-06-23,822799,Toronto Blue Jays,Houston Astros,Houston Astros,Houston Astros,1,True,Final,0.5196272779045594,0.4803727220954413,0.5196272779045594,0,0,7,9,,,,,,,,,,,,,,,,,
2021+ Model,2026-06-23,822963,Tampa Bay Rays,Kansas City Royals,Tampa Bay Rays,Kansas City Royals,0,True,Final,0.5851641703402339,0.4148358296597658,0.5851641703402339,1,0,5,12,,,,,,,,,,,,,,,,,
2021+ Model,2026-06-23,823043,St. Louis Cardinals,Arizona Diamondbacks,Arizona Diamondbacks,Arizona Diamondbacks,1,True,Final,0.4893164689597574,0.5106835310402438,0.5106835310402438,0,0,3,4,,,,,,,,,,,,,,,,,
2021+ Model,2026-06-23,823210,San Francisco Giants,Athletics,Athletics,San Francisco Giants,0,True,Final,0.5163871954039769,0.4836128045960233,0.5163871954039769,0,1,3,1,,,,,,,,,,,,,,,,,
2021+ Model,2026-06-23,823286,San Diego Padres,Atlanta Braves,San Diego Padres,San Diego Padres,1,True,Final,0.5384412570499916,0.4615587429500092,0.5384412570499916,1,1,7,6,,,,,,,,,,,,,,,,,
2021+ Model,2026-06-23,823365,Pittsburgh Pirates,Seattle Mariners,Seattle Mariners,Seattle Mariners,1,True,Final,0.4843188254400572,0.515681174559944,0.515681174559944,0,0,2,3,,,,,,,,,,,,,,,,,
2021+ Model,2026-06-23,823614,New York Mets,Chicago Cubs,Chicago Cubs,Chicago Cubs,1,True,Final,0.5003109374123611,0.49968906258764,0.5003109374123611,0,0,6,9,,,,,,,,,,,,,,,,,
2021+ Model,2026-06-23,823690,Minnesota Twins,Los Angeles Dodgers,Los Angeles Dodgers,Los Angeles Dodgers,1,True,Final,0.5074400306098569,0.4925599693901436,0.5074400306098569,0,0,3,12,,,,,,,,,,,,,,,,,
2021+ Model,2026-06-23,823849,Miami Marlins,Texas Rangers,Miami Marlins,Miami Marlins,1,True,Final,0.5417625133373355,0.4582374866626644,0.5417625133373355,1,1,6,4,,,,,,,,,,,,,,,,,
2021+ Model,2026-06-23,824017,Los Angeles Angels,Baltimore Orioles,Baltimore Orioles,Los Angeles Angels,0,True,Final,0.4514375455351774,0.5485624544648234,0.5485624544648234,0,1,5,1,,,,,,,,,,,,,,,,,
2021+ Model,2026-06-23,824262,Detroit Tigers,New York Yankees,New York Yankees,New York Yankees,1,True,Final,0.4657351460276392,0.5342648539723616,0.5342648539723616,0,0,3,4,,,,,,,,,,,,,,,,,
2021+ Model,2026-06-23,824340,Colorado Rockies,Boston Red Sox,Boston Red Sox,Boston Red Sox,1,True,Final,0.5010759224667688,0.4989240775332321,0.5010759224667688,0,0,2,5,,,,,,,,,,,,,,,,,
2021+ Model,2026-06-23,824501,Cincinnati Reds,Milwaukee Brewers,Milwaukee Brewers,Milwaukee Brewers,1,True,Final,0.4620633273978411,0.5379366726021602,0.5379366726021602,0,0,0,2,,,,,,,,,,,,,,,,,
2021+ Model,2026-06-23,824584,Chicago White Sox,Cleveland Guardians,Cleveland Guardians,Chicago White Sox,0,True,Final,0.5024057085351186,0.4975942914648819,0.5024057085351186,0,1,2,1,,,,,,,,,,,,,,,,,
2021+ Model,2026-06-24,822719,Washington Nationals,Philadelphia Phillies,Philadelphia Phillies,Philadelphia Phillies,1,True,Final,0.4879356771474423,0.5120643228525583,0.5120643228525583,0,0,4,5,,,,,,,,,,,,,,,,,
2021+ Model,2026-06-24,822798,Toronto Blue Jays,Houston Astros,Toronto Blue Jays,Houston Astros,0,True,Final,0.5427168671736489,0.4572831328263519,0.5427168671736489,1,0,1,3,,,,,,,,,,,,,,,,,
2021+ Model,2026-06-24,822965,Tampa Bay Rays,Kansas City Royals,Tampa Bay Rays,Tampa Bay Rays,1,True,Final,0.5343426033161665,0.4656573966838337,0.5343426033161665,1,1,5,3,,,,,,,,,,,,,,,,,
2021+ Model,2026-06-24,823041,St. Louis Cardinals,Arizona Diamondbacks,Arizona Diamondbacks,Arizona Diamondbacks,1,True,Final,0.5105298120103836,0.4894701879896167,0.5105298120103836,0,0,4,9,,,,,,,,,,,,,,,,,
2021+ Model,2026-06-24,823208,San Francisco Giants,Athletics,San Francisco Giants,San Francisco Giants,1,True,Final,0.5250539523245495,0.4749460476754509,0.5250539523245495,1,1,2,1,,,,,,,,,,,,,,,,,
2021+ Model,2026-06-24,823284,San Diego Padres,Atlanta Braves,Atlanta Braves,San Diego Padres,0,True,Final,0.5098998552072723,0.490100144792728,0.5098998552072723,0,1,5,2,,,,,,,,,,,,,,,,,
2021+ Model,2026-06-24,823367,Pittsburgh Pirates,Seattle Mariners,Seattle Mariners,Pittsburgh Pirates,0,True,Final,0.4836525156453559,0.5163474843546448,0.5163474843546448,0,1,11,1,,,,,,,,,,,,,,,,,
2021+ Model,2026-06-24,823611,New York Mets,Chicago Cubs,Chicago Cubs,Chicago Cubs,1,True,Final,0.4471696410470089,0.5528303589529919,0.5528303589529919,0,0,5,10,,,,,,,,,,,,,,,,,
2021+ Model,2026-06-24,823613,New York Mets,Chicago Cubs,Chicago Cubs,Chicago Cubs,1,True,Final,0.4799741578311907,0.5200258421688102,0.5200258421688102,0,0,3,10,,,,,,,,,,,,,,,,,
2021+ Model,2026-06-24,823691,Minnesota Twins,Los Angeles Dodgers,Los Angeles Dodgers,Los Angeles Dodgers,1,True,Final,0.490778278331045,0.5092217216689552,0.5092217216689552,0,0,3,4,,,,,,,,,,,,,,,,,
2021+ Model,2026-06-24,823850,Miami Marlins,Texas Rangers,Texas Rangers,Miami Marlins,0,True,Final,0.5161030097043199,0.4838969902956805,0.5161030097043199,0,1,4,2,,,,,,,,,,,,,,,,,
2021+ Model,2026-06-24,824018,Los Angeles Angels,Baltimore Orioles,Baltimore Orioles,Los Angeles Angels,0,True,Final,0.4797780778072131,0.5202219221927881,0.5202219221927881,0,1,7,6,,,,,,,,,,,,,,,,,
2021+ Model,2026-06-24,824259,Detroit Tigers,New York Yankees,New York Yankees,New York Yankees,1,True,Final,0.4924547300084608,0.5075452699915394,0.5075452699915394,0,0,2,4,,,,,,,,,,,,,,,,,
2021+ Model,2026-06-24,824341,Colorado Rockies,Boston Red Sox,Boston Red Sox,Colorado Rockies,0,True,Final,0.4559111051898031,0.5440888948101968,0.5440888948101968,0,1,8,6,,,,,,,,,,,,,,,,,
2021+ Model,2026-06-24,824500,Cincinnati Reds,Milwaukee Brewers,Milwaukee Brewers,Milwaukee Brewers,1,True,Final,0.4478195820196808,0.5521804179803202,0.5521804179803202,0,0,5,6,,,,,,,,,,,,,,,,,
2021+ Model,2026-06-24,824583,Chicago White Sox,Cleveland Guardians,Chicago White Sox,Cleveland Guardians,0,True,Final,0.5382092837451893,0.4617907162548111,0.5382092837451893,1,0,3,4,,,,,,,,,,,,,,,,,
2021+ Model,2026-06-25,822717,Washington Nationals,Philadelphia Phillies,Philadelphia Phillies,Philadelphia Phillies,1,True,Final,0.5085340290518006,0.4914659709481999,0.5085340290518006,0,0,5,10,,,,,,,,,,,,,,,,,
2021+ Model,2026-06-25,822797,Toronto Blue Jays,Texas Rangers,Texas Rangers,Texas Rangers,1,True,Final,0.4905900208985164,0.5094099791014847,0.5094099791014847,0,0,5,6,,,,,,,,,,,,,,,,,
2021+ Model,2026-06-25,822961,Tampa Bay Rays,Kansas City Royals,Kansas City Royals,Tampa Bay Rays,0,True,Final,0.5165569270429166,0.4834430729570835,0.5165569270429166,0,1,13,2,,,,,,,,,,,,,,,,,
2021+ Model,2026-06-25,823209,San Francisco Giants,Athletics,San Francisco Giants,Athletics,0,True,Final,0.548835940300002,0.4511640596999987,0.548835940300002,1,0,6,9,,,,,,,,,,,,,,,,,
2021+ Model,2026-06-25,823366,Pittsburgh Pirates,Seattle Mariners,Seattle Mariners,Pittsburgh Pirates,0,True,Final,0.4712233467442955,0.5287766532557053,0.5287766532557053,0,1,5,1,,,,,,,,,,,,,,,,,
2021+ Model,2026-06-25,823612,New York Mets,Chicago Cubs,Chicago Cubs,Chicago Cubs,1,True,Final,0.4900991122009918,0.5099008877990091,0.5099008877990091,0,0,3,4,,,,,,,,,,,,,,,,,
2021+ Model,2026-06-25,824258,Detroit Tigers,Houston Astros,Detroit Tigers,Houston Astros,0,True,Final,0.5603536054505129,0.4396463945494876,0.5603536054505129,1,0,1,2,,,,,,,,,,,,,,,,,
2021+ Model,2026-06-25,824747,Boston Red Sox,New York Yankees,New York Yankees,Boston Red Sox,0,True,Final,0.4570854044435536,0.5429145955564475,0.5429145955564475,0,1,6,3,,,,,,,,,,,,,,,,,
2021+ Model,2026-06-26,822796,Toronto Blue Jays,Texas Rangers,Texas Rangers,Texas Rangers,1,True,Final,0.475545523361538,0.5244544766384625,0.5244544766384625,0,0,4,5,,,,,,,,,,,,,,,,,
2021+ Model,2026-06-26,822962,Tampa Bay Rays,Arizona Diamondbacks,Tampa Bay Rays,Tampa Bay Rays,1,True,Final,0.5358014220065161,0.4641985779934841,0.5358014220065161,1,1,6,1,,,,,,,,,,,,,,,,,
2021+ Model,2026-06-26,823039,St. Louis Cardinals,Miami Marlins,St. Louis Cardinals,Miami Marlins,0,True,Final,0.5628730917083049,0.4371269082916957,0.5628730917083049,1,0,0,4,,,,,,,,,,,,,,,,,
2021+ Model,2026-06-26,823206,San Francisco Giants,Atlanta Braves,San Francisco Giants,Atlanta Braves,0,True,Final,0.5323789256200566,0.4676210743799444,0.5323789256200566,1,0,1,3,,,,,,,,,,,,,,,,,
2021+ Model,2026-06-26,823285,San Diego Padres,Los Angeles Dodgers,San Diego Padres,San Diego Padres,1,True,Final,0.5376646220755028,0.4623353779244976,0.5376646220755028,1,1,7,1,,,,,,,,,,,,,,,,,
2021+ Model,2026-06-26,823363,Pittsburgh Pirates,Cincinnati Reds,Cincinnati Reds,Cincinnati Reds,1,True,Final,0.4970595986527202,0.5029404013472806,0.5029404013472806,0,0,4,6,,,,,,,,,,,,,,,,,
2021+ Model,2026-06-26,823610,New York Mets,Philadelphia Phillies,Philadelphia Phillies,Philadelphia Phillies,1,True,Final,0.4607128211915738,0.539287178808427,0.539287178808427,0,0,1,2,,,,,,,,,,,,,,,,,
2021+ Model,2026-06-26,823688,Minnesota Twins,Colorado Rockies,Minnesota Twins,Minnesota Twins,1,True,Final,0.5216541539273549,0.4783458460726458,0.5216541539273549,1,1,9,8,,,,,,,,,,,,,,,,,
2021+ Model,2026-06-26,823773,Milwaukee Brewers,Chicago Cubs,Milwaukee Brewers,Milwaukee Brewers,1,True,Final,0.5678562076423138,0.4321437923576869,0.5678562076423138,1,1,6,2,,,,,,,,,,,,,,,,,
2021+ Model,2026-06-26,824014,Los Angeles Angels,Athletics,Los Angeles Angels,Athletics,0,True,Final,0.5315738798852804,0.46842612011472,0.5315738798852804,1,0,3,9,,,,,,,,,,,,,,,,,
2021+ Model,2026-06-26,824255,Detroit Tigers,Houston Astros,Houston Astros,Detroit Tigers,0,True,Final,0.4760637069802223,0.523936293019779,0.523936293019779,0,1,8,0,,,,,,,,,,,,,,,,,
2021+ Model,2026-06-26,824423,Cleveland Guardians,Seattle Mariners,Cleveland Guardians,Seattle Mariners,0,True,Final,0.5240462576866146,0.4759537423133854,0.5240462576866146,1,0,1,3,,,,,,,,,,,,,,,,,
2021+ Model,2026-06-26,824582,Chicago White Sox,Kansas City Royals,Chicago White Sox,Chicago White Sox,1,True,Final,0.5243679872944284,0.4756320127055727,0.5243679872944284,1,1,22,1,,,,,,,,,,,,,,,,,
2021+ Model,2026-06-26,824743,Boston Red Sox,New York Yankees,New York Yankees,Boston Red Sox,0,True,Final,0.4915537622823712,0.5084462377176296,0.5084462377176296,0,1,6,1,,,,,,,,,,,,,,,,,
2021+ Model,2026-06-26,824824,Baltimore Orioles,Washington Nationals,Baltimore Orioles,Baltimore Orioles,1,True,Final,0.5239003137704196,0.4760996862295806,0.5239003137704196,1,1,3,1,,,,,,,,,,,,,,,,,
2021+ Model,2026-06-27,822794,Toronto Blue Jays,Texas Rangers,Texas Rangers,Texas Rangers,1,True,Final,0.5167072563605822,0.483292743639418,0.5167072563605822,0,0,4,7,,,,,,,,,,,,,,,,,
2021+ Model,2026-06-27,822960,Tampa Bay Rays,Arizona Diamondbacks,Tampa Bay Rays,Tampa Bay Rays,1,True,Final,0.5637908231445444,0.4362091768554559,0.5637908231445444,1,1,4,2,,,,,,,,,,,,,,,,,
2021+ Model,2026-06-27,823038,St. Louis Cardinals,Miami Marlins,St. Louis Cardinals,Miami Marlins,0,True,Final,0.5321853689388056,0.4678146310611946,0.5321853689388056,1,0,1,5,,,,,,,,,,,,,,,,,
2021+ Model,2026-06-27,823207,San Francisco Giants,Atlanta Braves,San Francisco Giants,San Francisco Giants,1,True,Final,0.5724086732339313,0.4275913267660695,0.5724086732339313,1,1,5,0,,,,,,,,,,,,,,,,,
2021+ Model,2026-06-27,823283,San Diego Padres,Los Angeles Dodgers,Los Angeles Dodgers,Los Angeles Dodgers,1,True,Final,0.4751137973398307,0.5248862026601702,0.5248862026601702,0,0,3,15,,,,,,,,,,,,,,,,,
2021+ Model,2026-06-27,823364,Pittsburgh Pirates,Cincinnati Reds,Cincinnati Reds,Cincinnati Reds,1,True,Final,0.4892207172617158,0.5107792827382845,0.5107792827382845,0,0,7,9,,,,,,,,,,,,,,,,,
2021+ Model,2026-06-27,823609,New York Mets,Philadelphia Phillies,Philadelphia Phillies,New York Mets,0,True,Final,0.4818139513709091,0.5181860486290915,0.5181860486290915,0,1,6,2,,,,,,,,,,,,,,,,,
2021+ Model,2026-06-27,823689,Minnesota Twins,Colorado Rockies,Minnesota Twins,Colorado Rockies,0,True,Final,0.5229033587906954,0.4770966412093052,0.5229033587906954,1,0,5,8,,,,,,,,,,,,,,,,,
2021+ Model,2026-06-27,823770,Milwaukee Brewers,Chicago Cubs,Milwaukee Brewers,Chicago Cubs,0,True,Final,0.5429021471816255,0.4570978528183753,0.5429021471816255,1,0,2,8,,,,,,,,,,,,,,,,,
2021+ Model,2026-06-27,824015,Los Angeles Angels,Athletics,Athletics,Los Angeles Angels,0,True,Final,0.5115001169754599,0.4884998830245406,0.5115001169754599,0,1,5,2,,,,,,,,,,,,,,,,,
2021+ Model,2026-06-27,824257,Detroit Tigers,Houston Astros,Detroit Tigers,Houston Astros,0,True,Final,0.5390621453790938,0.4609378546209068,0.5390621453790938,1,0,6,8,,,,,,,,,,,,,,,,,
2021+ Model,2026-06-27,824421,Cleveland Guardians,Seattle Mariners,Cleveland Guardians,Cleveland Guardians,1,True,Final,0.5369638403384068,0.4630361596615934,0.5369638403384068,1,1,4,3,,,,,,,,,,,,,,,,,
2021+ Model,2026-06-27,824581,Chicago White Sox,Kansas City Royals,Chicago White Sox,Chicago White Sox,1,True,Final,0.5234573486822126,0.4765426513177878,0.5234573486822126,1,1,2,1,,,,,,,,,,,,,,,,,
2021+ Model,2026-06-27,824745,Boston Red Sox,New York Yankees,New York Yankees,Boston Red Sox,0,True,Final,0.4873914116464016,0.512608588353599,0.512608588353599,0,1,4,1,,,,,,,,,,,,,,,,,
2021+ Model,2026-06-27,824825,Baltimore Orioles,Washington Nationals,Baltimore Orioles,Washington Nationals,0,True,Final,0.5382202152713643,0.4617797847286363,0.5382202152713643,1,0,3,4,,,,,,,,,,,,,,,,,
2021+ Model,2026-06-28,822795,Toronto Blue Jays,Texas Rangers,Texas Rangers,Texas Rangers,1,True,Final,0.5177583217009225,0.4822416782990781,0.5177583217009225,0,0,2,3,,,,,,,,,,,,,,,,,
2021+ Model,2026-06-28,822959,Tampa Bay Rays,Arizona Diamondbacks,Tampa Bay Rays,Tampa Bay Rays,1,True,Final,0.5926510328361257,0.4073489671638744,0.5926510328361257,1,1,5,1,,,,,,,,,,,,,,,,,
2021+ Model,2026-06-28,823037,St. Louis Cardinals,Miami Marlins,St. Louis Cardinals,St. Louis Cardinals,1,True,Final,0.5255734599410625,0.4744265400589377,0.5255734599410625,1,1,2,1,,,,,,,,,,,,,,,,,
2021+ Model,2026-06-28,823204,San Francisco Giants,Atlanta Braves,Atlanta Braves,San Francisco Giants,0,True,Final,0.512254803951423,0.4877451960485777,0.512254803951423,0,1,3,2,,,,,,,,,,,,,,,,,
2021+ Model,2026-06-28,823281,San Diego Padres,Los Angeles Dodgers,Los Angeles Dodgers,Los Angeles Dodgers,1,True,Final,0.5069787769850187,0.4930212230149822,0.5069787769850187,0,0,2,4,,,,,,,,,,,,,,,,,
2021+ Model,2026-06-28,823362,Pittsburgh Pirates,Cincinnati Reds,Cincinnati Reds,Pittsburgh Pirates,0,True,Final,0.5101456941543877,0.4898543058456126,0.5101456941543877,0,1,9,4,,,,,,,,,,,,,,,,,
2021+ Model,2026-06-28,823608,New York Mets,Philadelphia Phillies,Philadelphia Phillies,Philadelphia Phillies,1,True,Final,0.4653158930416848,0.5346841069583156,0.5346841069583156,0,0,4,5,,,,,,,,,,,,,,,,,
2021+ Model,2026-06-28,823686,Minnesota Twins,Colorado Rockies,Minnesota Twins,Minnesota Twins,1,True,Final,0.5389961099490426,0.4610038900509575,0.5389961099490426,1,1,3,2,,,,,,,,,,,,,,,,,
2021+ Model,2026-06-28,823769,Milwaukee Brewers,Chicago Cubs,Milwaukee Brewers,Chicago Cubs,0,True,Final,0.5669811055680174,0.4330188944319835,0.5669811055680174,1,0,3,4,,,,,,,,,,,,,,,,,
2021+ Model,2026-06-28,824011,Los Angeles Angels,Athletics,Athletics,Los Angeles Angels,0,True,Final,0.5059641251728448,0.4940358748271556,0.5059641251728448,0,1,4,1,,,,,,,,,,,,,,,,,
2021+ Model,2026-06-28,824256,Detroit Tigers,Houston Astros,Houston Astros,Houston Astros,1,True,Final,0.5032943248521847,0.4967056751478158,0.5032943248521847,0,0,5,7,,,,,,,,,,,,,,,,,
2021+ Model,2026-06-28,824422,Cleveland Guardians,Seattle Mariners,Cleveland Guardians,Cleveland Guardians,1,True,Final,0.5418016329786125,0.4581983670213875,0.5418016329786125,1,1,6,5,,,,,,,,,,,,,,,,,
2021+ Model,2026-06-28,824580,Chicago White Sox,Kansas City Royals,Chicago White Sox,Kansas City Royals,0,True,Final,0.536224851552963,0.4637751484470374,0.536224851552963,1,0,4,5,,,,,,,,,,,,,,,,,
2021+ Model,2026-06-28,824744,Boston Red Sox,New York Yankees,New York Yankees,Boston Red Sox,0,True,Final,0.4989465560257808,0.5010534439742198,0.5010534439742198,0,1,5,4,,,,,,,,,,,,,,,,,
2021+ Model,2026-06-28,824821,Baltimore Orioles,Washington Nationals,Baltimore Orioles,Washington Nationals,0,True,Final,0.5619381776355158,0.4380618223644849,0.5619381776355158,1,0,4,6,,,,,,,,,,,,,,,,,
2021+ Model,2026-06-29,822792,Toronto Blue Jays,New York Mets,Toronto Blue Jays,Toronto Blue Jays,1,True,Final,0.5591691731948787,0.4408308268051218,0.5591691731948787,1,1,2,1,,,,,,,,,,,,,,,,,
2021+ Model,2026-06-29,823121,Seattle Mariners,Los Angeles Angels,Seattle Mariners,Seattle Mariners,1,True,Final,0.5383536963073969,0.4616463036926028,0.5383536963073969,1,1,6,2,,,,,,,,,,,,,,,,,
2021+ Model,2026-06-29,823444,Philadelphia Phillies,Pittsburgh Pirates,Pittsburgh Pirates,Pittsburgh Pirates,1,True,Final,0.5153674498877174,0.4846325501122831,0.5153674498877174,0,0,7,11,,,,,,,,,,,,,,,,,
2021+ Model,2026-06-29,823529,New York Yankees,Detroit Tigers,Detroit Tigers,Detroit Tigers,1,True,Final,0.5178426248013215,0.4821573751986789,0.5178426248013215,0,0,3,7,,,,,,,,,,,,,,,,,
2021+ Model,2026-06-29,823771,Milwaukee Brewers,Cincinnati Reds,Milwaukee Brewers,Milwaukee Brewers,1,True,Final,0.6230082872241108,0.3769917127758887,0.6230082872241108,1,1,5,3,,,,,,,,,,,,,,,,,
2021+ Model,2026-06-29,824176,Houston Astros,Minnesota Twins,Minnesota Twins,Minnesota Twins,1,True,Final,0.5046358777961638,0.4953641222038366,0.5046358777961638,0,0,4,5,,,,,,,,,,,,,,,,,
2021+ Model,2026-06-29,824339,Colorado Rockies,Miami Marlins,Colorado Rockies,Miami Marlins,0,True,Final,0.5420320913405764,0.4579679086594239,0.5420320913405764,1,0,7,10,,,,,,,,,,,,,,,,,
2021+ Model,2026-06-29,824420,Cleveland Guardians,Texas Rangers,Cleveland Guardians,Texas Rangers,0,True,Final,0.5705493403618569,0.4294506596381435,0.5705493403618569,1,0,3,6,,,,,,,,,,,,,,,,,
2021+ Model,2026-06-29,824662,Chicago Cubs,San Diego Padres,Chicago Cubs,Chicago Cubs,1,True,Final,0.5436494558330971,0.456350544166903,0.5436494558330971,1,1,3,2,,,,,,,,,,,,,,,,,
2021+ Model,2026-06-29,824741,Boston Red Sox,Washington Nationals,Boston Red Sox,Boston Red Sox,1,True,Final,0.5930810205246569,0.4069189794753428,0.5930810205246569,1,1,6,3,,,,,,,,,,,,,,,,,
2021+ Model,2026-06-29,824822,Baltimore Orioles,Chicago White Sox,Chicago White Sox,Chicago White Sox,1,True,Final,0.4943111241651974,0.5056888758348036,0.5056888758348036,0,0,2,8,,,,,,,,,,,,,,,,,
2021+ Model,2026-06-29,824986,Athletics,Los Angeles Dodgers,Los Angeles Dodgers,Los Angeles Dodgers,1,True,Final,0.4677559296270795,0.5322440703729212,0.5322440703729212,0,0,4,9,,,,,,,,,,,,,,,,,
2021+ Model,2026-06-29,825065,Arizona Diamondbacks,San Francisco Giants,Arizona Diamondbacks,Arizona Diamondbacks,1,True,Final,0.5276497079472338,0.4723502920527672,0.5276497079472338,1,1,5,4,,,,,,,,,,,,,,,,,
2021+ Model,2026-06-30,822793,Toronto Blue Jays,New York Mets,New York Mets,New York Mets,1,True,Final,0.5168301664391012,0.4831698335608994,0.5168301664391012,0,0,0,3,,,,,,,,,,,,,,,,,
2021+ Model,2026-06-30,823122,Seattle Mariners,Los Angeles Angels,Los Angeles Angels,Seattle Mariners,0,True,Final,0.5037298330734653,0.4962701669265353,0.5037298330734653,0,1,8,3,,,,,,,,,,,,,,,,,
2021+ Model,2026-06-30,823445,Philadelphia Phillies,Pittsburgh Pirates,Philadelphia Phillies,Philadelphia Phillies,1,True,Final,0.6130091610087299,0.3869908389912705,0.6130091610087299,1,1,8,0,,,,,,,,,,,,,,,,,
2021+ Model,2026-06-30,823528,New York Yankees,Detroit Tigers,New York Yankees,Detroit Tigers,0,True,Final,0.5621648652715734,0.4378351347284264,0.5621648652715734,1,0,3,9,,,,,,,,,,,,,,,,,
2021+ Model,2026-06-30,823768,Milwaukee Brewers,Cincinnati Reds,Milwaukee Brewers,Milwaukee Brewers,1,True,Final,0.5490441211785546,0.4509558788214461,0.5490441211785546,1,1,7,2,,,,,,,,,,,,,,,,,
2021+ Model,2026-06-30,824096,Kansas City Royals,Tampa Bay Rays,Tampa Bay Rays,Tampa Bay Rays,1,True,Final,0.4886829508623241,0.5113170491376763,0.5113170491376763,0,0,4,10,,,,,,,,,,,,,,,,,
2021+ Model,2026-06-30,824175,Houston Astros,Minnesota Twins,Minnesota Twins,Houston Astros,0,True,Final,0.5155607463108588,0.4844392536891416,0.5155607463108588,0,1,6,4,,,,,,,,,,,,,,,,,
2021+ Model,2026-06-30,824338,Colorado Rockies,Miami Marlins,Miami Marlins,Miami Marlins,1,True,Final,0.5144872969775109,0.4855127030224892,0.5144872969775109,0,0,3,14,,,,,,,,,,,,,,,,,
2021+ Model,2026-06-30,824418,Cleveland Guardians,Texas Rangers,Texas Rangers,Texas Rangers,1,True,Final,0.5133887086051993,0.486611291394801,0.5133887086051993,0,0,2,4,,,,,,,,,,,,,,,,,
2021+ Model,2026-06-30,824661,Chicago Cubs,San Diego Padres,Chicago Cubs,Chicago Cubs,1,True,Final,0.5243638681496845,0.4756361318503158,0.5243638681496845,1,1,9,7,,,,,,,,,,,,,,,,,
2021+ Model,2026-06-30,824742,Boston Red Sox,Washington Nationals,Boston Red Sox,Washington Nationals,0,True,Final,0.5962927786405464,0.4037072213594533,0.5962927786405464,1,0,1,8,,,,,,,,,,,,,,,,,
2021+ Model,2026-06-30,824819,Baltimore Orioles,Chicago White Sox,Chicago White Sox,Chicago White Sox,1,True,Final,0.5064594561344363,0.4935405438655645,0.5064594561344363,0,0,3,9,,,,,,,,,,,,,,,,,
2021+ Model,2026-06-30,824907,Atlanta Braves,St. Louis Cardinals,St. Louis Cardinals,St. Louis Cardinals,1,True,Final,0.4866595755361005,0.5133404244639,0.5133404244639,0,0,3,5,,,,,,,,,,,,,,,,,
2021+ Model,2026-06-30,824984,Athletics,Los Angeles Dodgers,Los Angeles Dodgers,Los Angeles Dodgers,1,True,Final,0.4718253030074286,0.5281746969925715,0.5281746969925715,0,0,3,9,,,,,,,,,,,,,,,,,
2021+ Model,2026-06-30,825066,Arizona Diamondbacks,San Francisco Giants,San Francisco Giants,Arizona Diamondbacks,0,True,Final,0.5105276427530486,0.4894723572469518,0.5105276427530486,0,1,8,2,,,,,,,,,,,,,,,,,
2021+ Model,2026-07-01,822791,Toronto Blue Jays,New York Mets,Toronto Blue Jays,Toronto Blue Jays,1,True,Final,0.5315872272118327,0.468412772788168,0.5315872272118327,1,1,9,3,,,,,,,,,,,,,,,,,
2021+ Model,2026-07-01,823446,Philadelphia Phillies,Pittsburgh Pirates,Philadelphia Phillies,Philadelphia Phillies,1,True,Final,0.5362227817908946,0.4637772182091057,0.5362227817908946,1,1,10,6,,,,,,,,,,,,,,,,,
2021+ Model,2026-07-01,823530,New York Yankees,Detroit Tigers,Detroit Tigers,Detroit Tigers,1,True,Final,0.4759734263378954,0.5240265736621044,0.5240265736621044,0,0,2,6,,,,,,,,,,,,,,,,,
2021+ Model,2026-07-01,823767,Milwaukee Brewers,Cincinnati Reds,Milwaukee Brewers,Milwaukee Brewers,1,True,Final,0.5894120886395106,0.4105879113604897,0.5894120886395106,1,1,4,2,,,,,,,,,,,,,,,,,
2021+ Model,2026-07-01,824094,Kansas City Royals,Tampa Bay Rays,Tampa Bay Rays,Tampa Bay Rays,1,True,Final,0.5014804705620088,0.4985195294379919,0.5014804705620088,0,0,0,4,,,,,,,,,,,,,,,,,
2021+ Model,2026-07-01,824174,Houston Astros,Minnesota Twins,Minnesota Twins,Minnesota Twins,1,True,Final,0.5182066923909329,0.4817933076090673,0.5182066923909329,0,0,3,8,,,,,,,,,,,,,,,,,
2021+ Model,2026-07-01,824337,Colorado Rockies,Miami Marlins,Colorado Rockies,Colorado Rockies,1,True,Final,0.5439609544652946,0.4560390455347055,0.5439609544652946,1,1,6,3,,,,,,,,,,,,,,,,,
2021+ Model,2026-07-01,824419,Cleveland Guardians,Texas Rangers,Cleveland Guardians,Cleveland Guardians,1,True,Final,0.541327490485222,0.4586725095147779,0.541327490485222,1,1,9,4,,,,,,,,,,,,,,,,,
2021+ Model,2026-07-01,824660,Chicago Cubs,San Diego Padres,Chicago Cubs,Chicago Cubs,1,True,Final,0.5340533990799391,0.4659466009200612,0.5340533990799391,1,1,23,3,,,,,,,,,,,,,,,,,
2021+ Model,2026-07-01,824740,Boston Red Sox,Washington Nationals,Boston Red Sox,Washington Nationals,0,True,Final,0.5626644551071662,0.4373355448928334,0.5626644551071662,1,0,2,10,,,,,,,,,,,,,,,,,
2021+ Model,2026-07-01,824818,Baltimore Orioles,Chicago White Sox,Baltimore Orioles,Baltimore Orioles,1,True,Final,0.5279619532690019,0.4720380467309988,0.5279619532690019,1,1,6,1,,,,,,,,,,,,,,,,,
2021+ Model,2026-07-01,824905,Atlanta Braves,St. Louis Cardinals,St. Louis Cardinals,Atlanta Braves,0,True,Final,0.4960412226174079,0.5039587773825929,0.5039587773825929,0,1,5,1,,,,,,,,,,,,,,,,,
2021+ Model,2026-07-01,824985,Athletics,Los Angeles Dodgers,Los Angeles Dodgers,Athletics,0,True,Final,0.4563497822982835,0.5436502177017171,0.5436502177017171,0,1,7,1,,,,,,,,,,,,,,,,,
2021+ Model,2026-07-01,825064,Arizona Diamondbacks,San Francisco Giants,San Francisco Giants,San Francisco Giants,1,True,Final,0.5125352059360115,0.487464794063989,0.5125352059360115,0,0,4,6,,,,,,,,,,,,,,,,,
2021+ Model,2026-07-02,822884,Texas Rangers,Detroit Tigers,Texas Rangers,Texas Rangers,1,True,Final,0.5303300291791999,0.4696699708208007,0.5303300291791999,1,1,10,4,,,,,,,,,,,,,,,,,
2021+ Model,2026-07-02,823119,Seattle Mariners,Los Angeles Angels,Los Angeles Angels,Seattle Mariners,0,True,Final,0.5079253922336971,0.4920746077663035,0.5079253922336971,0,1,1,0,,,,,,,,,,,,,,,,,
2021+ Model,2026-07-02,823442,Philadelphia Phillies,Pittsburgh Pirates,Philadelphia Phillies,Pittsburgh Pirates,0,True,Final,0.5291714977750129,0.4708285022249877,0.5291714977750129,1,0,1,6,,,,,,,,,,,,,,,,,
2021+ Model,2026-07-02,823765,Milwaukee Brewers,Cincinnati Reds,Milwaukee Brewers,Cincinnati Reds,0,True,Final,0.5781525013980587,0.421847498601942,0.5781525013980587,1,0,2,7,,,,,,,,,,,,,,,,,
2021+ Model,2026-07-02,823935,Los Angeles Dodgers,San Diego Padres,San Diego Padres,Los Angeles Dodgers,0,True,Final,0.5141645359296598,0.4858354640703409,0.5141645359296598,0,1,12,7,,,,,,,,,,,,,,,,,
2021+ Model,2026-07-02,824093,Kansas City Royals,Tampa Bay Rays,Tampa Bay Rays,Tampa Bay Rays,1,True,Final,0.4784710993600377,0.5215289006399629,0.5215289006399629,0,0,2,5,,,,,,,,,,,,,,,,,
2021+ Model,2026-07-02,824335,Colorado Rockies,Miami Marlins,Colorado Rockies,Colorado Rockies,1,True,Final,0.584805324336385,0.4151946756636147,0.584805324336385,1,1,14,4,,,,,,,,,,,,,,,,,
2021+ Model,2026-07-02,824416,Cleveland Guardians,Chicago White Sox,Chicago White Sox,Cleveland Guardians,0,True,Final,0.5099829768127061,0.4900170231872943,0.5099829768127061,0,1,6,5,,,,,,,,,,,,,,,,,
2021+ Model,2026-07-02,824906,Atlanta Braves,St. Louis Cardinals,St. Louis Cardinals,St. Louis Cardinals,1,True,Final,0.5126956263410263,0.4873043736589743,0.5126956263410263,0,0,5,11,,,,,,,,,,,,,,,,,
2021+ Model,2026-07-03,822714,Washington Nationals,Pittsburgh Pirates,Pittsburgh Pirates,Washington Nationals,0,True,Final,0.5131869569052789,0.4868130430947215,0.5131869569052789,0,1,9,5,,,,,,,,,,,,,,,,,
2021+ Model,2026-07-03,823120,Seattle Mariners,Toronto Blue Jays,Toronto Blue Jays,Toronto Blue Jays,1,True,Final,0.5010011363270426,0.4989988636729583,0.5010011363270426,0,0,0,2,,,,,,,,,,,,,,,,,
2021+ Model,2026-07-03,823527,New York Yankees,Minnesota Twins,New York Yankees,New York Yankees,1,True,Final,0.5695793326527174,0.430420667347283,0.5695793326527174,1,1,5,2,,,,,,,,,,,,,,,,,
2021+ Model,2026-07-03,823933,Los Angeles Dodgers,San Diego Padres,Los Angeles Dodgers,Los Angeles Dodgers,1,True,Final,0.560308087243819,0.4396919127561817,0.560308087243819,1,1,4,3,,,,,,,,,,,,,,,,,
2021+ Model,2026-07-03,824013,Los Angeles Angels,Boston Red Sox,Boston Red Sox,Boston Red Sox,1,True,Final,0.4694444302247672,0.5305555697752339,0.5305555697752339,0,0,2,5,,,,,,,,,,,,,,,,,
2021+ Model,2026-07-03,824173,Houston Astros,Tampa Bay Rays,Tampa Bay Rays,Tampa Bay Rays,1,True,Final,0.4812689444253484,0.5187310555746528,0.5187310555746528,0,0,1,3,,,,,,,,,,,,,,,,,
2021+ Model,2026-07-03,824336,Colorado Rockies,San Francisco Giants,San Francisco Giants,Colorado Rockies,0,True,Final,0.496787983311127,0.5032120166888734,0.5032120166888734,0,1,15,3,,,,,,,,,,,,,,,,,
2021+ Model,2026-07-03,824417,Cleveland Guardians,Chicago White Sox,Cleveland Guardians,Cleveland Guardians,1,True,Final,0.5423434815245017,0.4576565184754984,0.5423434815245017,1,1,4,3,,,,,,,,,,,,,,,,,
2021+ Model,2026-07-03,824498,Cincinnati Reds,Baltimore Orioles,Baltimore Orioles,Baltimore Orioles,1,True,Final,0.4779304714254362,0.5220695285745651,0.5220695285745651,0,0,0,3,,,,,,,,,,,,,,,,,
2021+ Model,2026-07-03,824659,Chicago Cubs,St. Louis Cardinals,St. Louis Cardinals,St. Louis Cardinals,1,True,Final,0.5119474688125614,0.4880525311874391,0.5119474688125614,0,0,1,17,,,,,,,,,,,,,,,,,
2021+ Model,2026-07-03,824904,Atlanta Braves,New York Mets,New York Mets,Atlanta Braves,0,True,Final,0.4983158428676147,0.5016841571323863,0.5016841571323863,0,1,5,3,,,,,,,,,,,,,,,,,
2021+ Model,2026-07-03,824982,Athletics,Miami Marlins,Miami Marlins,Miami Marlins,1,True,Final,0.5191843087283287,0.4808156912716723,0.5191843087283287,0,0,5,12,,,,,,,,,,,,,,,,,
2021+ Model,2026-07-03,825062,Arizona Diamondbacks,Milwaukee Brewers,Milwaukee Brewers,Milwaukee Brewers,1,True,Final,0.4565329299932703,0.5434670700067309,0.5434670700067309,0,0,4,7,,,,,,,,,,,,,,,,,
2021+ Model,2026-07-04,822716,Washington Nationals,Pittsburgh Pirates,Pittsburgh Pirates,Pittsburgh Pirates,1,True,Final,0.4894455240850724,0.510554475914928,0.510554475914928,0,0,1,7,,,,,,,,,,,,,,,,,
2021+ Model,2026-07-04,822882,Texas Rangers,Detroit Tigers,Detroit Tigers,Detroit Tigers,1,True,Final,0.500620423051598,0.4993795769484024,0.500620423051598,0,0,0,3,,,,,,,,,,,,,,,,,
2021+ Model,2026-07-04,823118,Seattle Mariners,Toronto Blue Jays,Seattle Mariners,Seattle Mariners,1,True,Final,0.5333897909185146,0.4666102090814859,0.5333897909185146,1,1,11,0,,,,,,,,,,,,,,,,,
2021+ Model,2026-07-04,823526,New York Yankees,Minnesota Twins,New York Yankees,Minnesota Twins,0,True,Final,0.5218801118548005,0.4781198881451997,0.5218801118548005,1,0,4,11,,,,,,,,,,,,,,,,,
2021+ Model,2026-07-04,823932,Los Angeles Dodgers,San Diego Padres,Los Angeles Dodgers,Los Angeles Dodgers,1,True,Final,0.584982393986256,0.4150176060137442,0.584982393986256,1,1,3,0,,,,,,,,,,,,,,,,,
2021+ Model,2026-07-04,824012,Los Angeles Angels,Boston Red Sox,Boston Red Sox,Boston Red Sox,1,True,Final,0.4348653974832051,0.5651346025167954,0.5651346025167954,0,0,1,8,,,,,,,,,,,,,,,,,
2021+ Model,2026-07-04,824092,Kansas City Royals,Philadelphia Phillies,Philadelphia Phillies,Philadelphia Phillies,1,True,Final,0.471921650663042,0.5280783493369587,0.5280783493369587,0,0,1,6,,,,,,,,,,,,,,,,,
2021+ Model,2026-07-04,824171,Houston Astros,Tampa Bay Rays,Tampa Bay Rays,Houston Astros,0,True,Final,0.4783805274412679,0.5216194725587324,0.5216194725587324,0,1,10,8,,,,,,,,,,,,,,,,,
2021+ Model,2026-07-04,824334,Colorado Rockies,San Francisco Giants,San Francisco Giants,San Francisco Giants,1,True,Final,0.508269513639709,0.4917304863602911,0.508269513639709,0,0,4,6,,,,,,,,,,,,,,,,,
2021+ Model,2026-07-04,824415,Cleveland Guardians,Chicago White Sox,Cleveland Guardians,Chicago White Sox,0,True,Final,0.5581060943774125,0.4418939056225876,0.5581060943774125,1,0,1,3,,,,,,,,,,,,,,,,,
2021+ Model,2026-07-04,824499,Cincinnati Reds,Baltimore Orioles,Baltimore Orioles,Baltimore Orioles,1,True,Final,0.4895057357940678,0.510494264205933,0.510494264205933,0,0,5,8,,,,,,,,,,,,,,,,,
2021+ Model,2026-07-04,824658,Chicago Cubs,St. Louis Cardinals,St. Louis Cardinals,St. Louis Cardinals,1,True,Final,0.4739950136735693,0.5260049863264313,0.5260049863264313,0,0,0,3,,,,,,,,,,,,,,,,,
2021+ Model,2026-07-04,824903,Atlanta Braves,New York Mets,Atlanta Braves,Atlanta Braves,1,True,Final,0.591862217770379,0.4081377822296206,0.591862217770379,1,1,14,3,,,,,,,,,,,,,,,,,
2021+ Model,2026-07-04,824983,Athletics,Miami Marlins,Athletics,Miami Marlins,0,True,Final,0.5341653125592561,0.465834687440744,0.5341653125592561,1,0,2,7,,,,,,,,,,,,,,,,,
2021+ Model,2026-07-04,825063,Arizona Diamondbacks,Milwaukee Brewers,Milwaukee Brewers,Arizona Diamondbacks,0,True,Final,0.4567755670659086,0.543224432934092,0.543224432934092,0,1,4,3,,,,,,,,,,,,,,,,,
2021+ Model,2026-07-05,822715,Washington Nationals,Pittsburgh Pirates,Pittsburgh Pirates,Pittsburgh Pirates,1,True,Final,0.5024256031381492,0.4975743968618517,0.5024256031381492,0,0,5,11,,,,,,,,,,,,,,,,,
2021+ Model,2026-07-05,822879,Texas Rangers,Detroit Tigers,Detroit Tigers,Detroit Tigers,1,True,Final,0.5054361131844735,0.494563886815527,0.5054361131844735,0,0,3,6,,,,,,,,,,,,,,,,,
2021+ Model,2026-07-05,823117,Seattle Mariners,Toronto Blue Jays,Toronto Blue Jays,Seattle Mariners,0,True,Final,0.4838570873922048,0.5161429126077954,0.5161429126077954,0,1,4,0,,,,,,,,,,,,,,,,,
2021+ Model,2026-07-05,823525,New York Yankees,Minnesota Twins,Minnesota Twins,Minnesota Twins,1,True,Final,0.4773405442746635,0.5226594557253366,0.5226594557253366,0,0,1,6,,,,,,,,,,,,,,,,,
2021+ Model,2026-07-05,823931,Los Angeles Dodgers,San Diego Padres,Los Angeles Dodgers,San Diego Padres,0,True,Final,0.6229046351239008,0.377095364876099,0.6229046351239008,1,0,2,5,,,,,,,,,,,,,,,,,
2021+ Model,2026-07-05,824010,Los Angeles Angels,Boston Red Sox,Boston Red Sox,Boston Red Sox,1,True,Final,0.4488821963281242,0.5511178036718759,0.5511178036718759,0,0,5,7,,,,,,,,,,,,,,,,,
2021+ Model,2026-07-05,824091,Kansas City Royals,Philadelphia Phillies,Philadelphia Phillies,Kansas City Royals,0,True,Final,0.4992101253937772,0.5007898746062232,0.5007898746062232,0,1,5,2,,,,,,,,,,,,,,,,,
2021+ Model,2026-07-05,824172,Houston Astros,Tampa Bay Rays,Tampa Bay Rays,Houston Astros,0,True,Final,0.4454351061377817,0.5545648938622184,0.5545648938622184,0,1,2,0,,,,,,,,,,,,,,,,,
2021+ Model,2026-07-05,824333,Colorado Rockies,San Francisco Giants,San Francisco Giants,Colorado Rockies,0,True,Final,0.505088398323927,0.4949116016760734,0.505088398323927,0,1,7,6,,,,,,,,,,,,,,,,,
2021+ Model,2026-07-05,824413,Cleveland Guardians,Chicago White Sox,Cleveland Guardians,Chicago White Sox,0,True,Final,0.5226187829805352,0.477381217019465,0.5226187829805352,1,0,6,7,,,,,,,,,,,,,,,,,
2021+ Model,2026-07-05,824497,Cincinnati Reds,Baltimore Orioles,Baltimore Orioles,Cincinnati Reds,0,True,Final,0.4623873306372123,0.5376126693627883,0.5376126693627883,0,1,3,2,,,,,,,,,,,,,,,,,
2021+ Model,2026-07-05,824656,Chicago Cubs,St. Louis Cardinals,St. Louis Cardinals,Chicago Cubs,0,True,Final,0.4965833420582705,0.5034166579417299,0.5034166579417299,0,1,6,4,,,,,,,,,,,,,,,,,
2021+ Model,2026-07-05,824902,Atlanta Braves,New York Mets,Atlanta Braves,New York Mets,0,True,Final,0.5385641236427635,0.4614358763572368,0.5385641236427635,1,0,9,10,,,,,,,,,,,,,,,,,
2021+ Model,2026-07-05,824980,Athletics,Miami Marlins,Athletics,Miami Marlins,0,True,Final,0.5244955877116056,0.4755044122883946,0.5244955877116056,1,0,8,9,,,,,,,,,,,,,,,,,
2021+ Model,2026-07-05,825061,Arizona Diamondbacks,Milwaukee Brewers,Milwaukee Brewers,Milwaukee Brewers,1,True,Final,0.5170418558023997,0.4829581441976003,0.5170418558023997,0,0,2,3,,,,,,,,,,,,,,,,,
2021+ Model,2026-07-06,822712,Washington Nationals,Houston Astros,Houston Astros,Washington Nationals,0,True,Final,0.5053703990091052,0.4946296009908958,0.5053703990091052,0,1,12,11,,,,,,,,,,,,,,,,,
2021+ Model,2026-07-06,822958,Tampa Bay Rays,New York Yankees,New York Yankees,New York Yankees,1,True,Final,0.5129772220209735,0.4870227779790271,0.5129772220209735,0,0,1,5,,,,,,,,,,,,,,,,,
2021+ Model,2026-07-06,823036,St. Louis Cardinals,Milwaukee Brewers,Milwaukee Brewers,Milwaukee Brewers,1,True,Final,0.4698237050107417,0.5301762949892591,0.5301762949892591,0,0,3,4,,,,,,,,,,,,,,,,,
2021+ Model,2026-07-06,823205,San Francisco Giants,Toronto Blue Jays,Toronto Blue Jays,San Francisco Giants,0,True,Final,0.4596901926697823,0.5403098073302187,0.5403098073302187,0,1,10,1,,,,,,,,,,,,,,,,,
2021+ Model,2026-07-06,823282,San Diego Padres,Arizona Diamondbacks,Arizona Diamondbacks,Arizona Diamondbacks,1,True,Final,0.5155388739285068,0.4844611260714933,0.5155388739285068,0,0,0,8,,,,,,,,,,,,,,,,,
2021+ Model,2026-07-06,823930,Los Angeles Dodgers,Colorado Rockies,Los Angeles Dodgers,Los Angeles Dodgers,1,True,Final,0.5445366911145637,0.4554633088854366,0.5445366911145637,1,1,8,7,,,,,,,,,,,,,,,,,
2021+ Model,2026-07-06,824089,Kansas City Royals,Philadelphia Phillies,Philadelphia Phillies,Kansas City Royals,0,True,Final,0.4800388960626783,0.5199611039373228,0.5199611039373228,0,1,15,1,,,,,,,,,,,,,,,,,
2021+ Model,2026-07-06,824900,Atlanta Braves,New York Mets,Atlanta Braves,New York Mets,0,True,Final,0.5400391517272318,0.4599608482727688,0.5400391517272318,1,0,6,7,,,,,,,,,,,,,,,,,
2021+ Model,2026-07-07,822713,Washington Nationals,Houston Astros,Houston Astros,Houston Astros,1,True,Final,0.5053581421216384,0.4946418578783618,0.5053581421216384,0,0,3,6,,,,,,,,,,,,,,,,,
2021+ Model,2026-07-07,822881,Texas Rangers,Los Angeles Angels,Texas Rangers,Texas Rangers,1,True,Final,0.5529493014865666,0.4470506985134332,0.5529493014865666,1,1,8,3,,,,,,,,,,,,,,,,,
2021+ Model,2026-07-07,822956,Tampa Bay Rays,New York Yankees,Tampa Bay Rays,Tampa Bay Rays,1,True,Final,0.5533008904724255,0.4466991095275744,0.5533008904724255,1,1,6,4,,,,,,,,,,,,,,,,,
2021+ Model,2026-07-07,823035,St. Louis Cardinals,Milwaukee Brewers,Milwaukee Brewers,Milwaukee Brewers,1,True,Final,0.4597496389048395,0.5402503610951613,0.5402503610951613,0,0,2,10,,,,,,,,,,,,,,,,,
2021+ Model,2026-07-07,823062,St. Louis Cardinals,Milwaukee Brewers,Milwaukee Brewers,Milwaukee Brewers,1,True,Final,0.4666083749724145,0.5333916250275866,0.5333916250275866,0,0,3,4,,,,,,,,,,,,,,,,,
2021+ Model,2026-07-07,823203,San Francisco Giants,Toronto Blue Jays,Toronto Blue Jays,Toronto Blue Jays,1,True,Final,0.4529303424916508,0.5470696575083505,0.5470696575083505,0,0,3,9,,,,,,,,,,,,,,,,,
2021+ Model,2026-07-07,823280,San Diego Padres,Arizona Diamondbacks,Arizona Diamondbacks,San Diego Padres,0,True,Final,0.4806758183368971,0.5193241816631038,0.5193241816631038,0,1,4,1,,,,,,,,,,,,,,,,,
2021+ Model,2026-07-07,823361,Pittsburgh Pirates,Atlanta Braves,Atlanta Braves,Pittsburgh Pirates,0,True,Final,0.5168934549842765,0.4831065450157239,0.5168934549842765,0,1,12,4,,,,,,,,,,,,,,,,,
2021+ Model,2026-07-07,823607,New York Mets,Kansas City Royals,Kansas City Royals,Kansas City Royals,1,True,Final,0.4999816606101959,0.5000183393898043,0.5000183393898043,0,0,12,16,,,,,,,,,,,,,,,,,
2021+ Model,2026-07-07,823687,Minnesota Twins,Cleveland Guardians,Minnesota Twins,Minnesota Twins,1,True,Final,0.5393497338571768,0.4606502661428241,0.5393497338571768,1,1,3,1,,,,,,,,,,,,,,,,,
2021+ Model,2026-07-07,823847,Miami Marlins,Seattle Mariners,Seattle Mariners,Miami Marlins,0,True,Final,0.4791326165545574,0.5208673834454433,0.5208673834454433,0,1,6,5,,,,,,,,,,,,,,,,,
2021+ Model,2026-07-07,823929,Los Angeles Dodgers,Colorado Rockies,Los Angeles Dodgers,Colorado Rockies,0,True,Final,0.5431088995862443,0.4568911004137557,0.5431088995862443,1,0,3,4,,,,,,,,,,,,,,,,,
2021+ Model,2026-07-07,824254,Detroit Tigers,Athletics,Detroit Tigers,Detroit Tigers,1,True,Final,0.5520640834301992,0.4479359165698007,0.5520640834301992,1,1,6,2,,,,,,,,,,,,,,,,,
2021+ Model,2026-07-07,824495,Cincinnati Reds,Philadelphia Phillies,Philadelphia Phillies,Philadelphia Phillies,1,True,Final,0.4666604364785477,0.533339563521453,0.533339563521453,0,0,1,4,,,,,,,,,,,,,,,,,
2021+ Model,2026-07-07,824579,Chicago White Sox,Boston Red Sox,Boston Red Sox,Boston Red Sox,1,True,Final,0.4640567822466025,0.5359432177533976,0.5359432177533976,0,0,1,8,,,,,,,,,,,,,,,,,
2021+ Model,2026-07-07,824820,Baltimore Orioles,Chicago Cubs,Chicago Cubs,Chicago Cubs,1,True,Final,0.50103340702152,0.4989665929784806,0.50103340702152,0,0,2,5,,,,,,,,,,,,,,,,,
2021+ Model,2026-07-08,822710,Washington Nationals,Houston Astros,Houston Astros,Washington Nationals,0,True,Final,0.4947289484490349,0.5052710515509657,0.5052710515509657,0,1,8,2,,,,,,,,,,,,,,,,,
2021+ Model,2026-07-08,822880,Texas Rangers,Los Angeles Angels,Los Angeles Angels,Los Angeles Angels,1,True,Final,0.5027353141737414,0.497264685826259,0.5027353141737414,0,0,1,13,,,,,,,,,,,,,,,,,
2021+ Model,2026-07-08,822957,Tampa Bay Rays,New York Yankees,Tampa Bay Rays,Tampa Bay Rays,1,True,Final,0.5551153751307547,0.4448846248692459,0.5551153751307547,1,1,3,0,,,,,,,,,,,,,,,,,
2021+ Model,2026-07-08,823032,St. Louis Cardinals,Milwaukee Brewers,Milwaukee Brewers,St. Louis Cardinals,0,True,Final,0.5023666342049257,0.4976333657950745,0.5023666342049257,0,1,5,1,,,,,,,,,,,,,,,,,
2021+ Model,2026-07-08,823202,San Francisco Giants,Toronto Blue Jays,Toronto Blue Jays,Toronto Blue Jays,1,True,Final,0.4764931257798729,0.5235068742201279,0.5235068742201279,0,0,0,10,,,,,,,,,,,,,,,,,
2021+ Model,2026-07-08,823279,San Diego Padres,Arizona Diamondbacks,Arizona Diamondbacks,San Diego Padres,0,True,Final,0.45606891593744,0.5439310840625607,0.5439310840625607,0,1,10,4,,,,,,,,,,,,,,,,,
2021+ Model,2026-07-08,823360,Pittsburgh Pirates,Atlanta Braves,Atlanta Braves,Atlanta Braves,1,True,Final,0.4732764165278161,0.5267235834721854,0.5267235834721854,0,0,0,3,,,,,,,,,,,,,,,,,
2021+ Model,2026-07-08,823605,New York Mets,Kansas City Royals,New York Mets,New York Mets,1,True,Final,0.5470814511485554,0.4529185488514448,0.5470814511485554,1,1,6,2,,,,,,,,,,,,,,,,,
2021+ Model,2026-07-08,823684,Minnesota Twins,Cleveland Guardians,Minnesota Twins,Minnesota Twins,1,True,Final,0.5254860371059387,0.4745139628940618,0.5254860371059387,1,1,6,5,,,,,,,,,,,,,,,,,
2021+ Model,2026-07-08,823848,Miami Marlins,Seattle Mariners,Seattle Mariners,Miami Marlins,0,True,Final,0.5047843773772087,0.495215622622792,0.5047843773772087,0,1,2,0,,,,,,,,,,,,,,,,,
2021+ Model,2026-07-08,823928,Los Angeles Dodgers,Colorado Rockies,Los Angeles Dodgers,Los Angeles Dodgers,1,True,Final,0.548810615062422,0.4511893849375778,0.548810615062422,1,1,4,3,,,,,,,,,,,,,,,,,
2021+ Model,2026-07-08,824253,Detroit Tigers,Athletics,Detroit Tigers,Detroit Tigers,1,True,Final,0.6142846401803238,0.3857153598196766,0.6142846401803238,1,1,6,1,,,,,,,,,,,,,,,,,
2021+ Model,2026-07-08,824496,Cincinnati Reds,Philadelphia Phillies,Philadelphia Phillies,Cincinnati Reds,0,True,Final,0.4569040466818522,0.5430959533181484,0.5430959533181484,0,1,11,5,,,,,,,,,,,,,,,,,
2021+ Model,2026-07-08,824578,Chicago White Sox,Boston Red Sox,Boston Red Sox,Boston Red Sox,1,True,Final,0.4863270356275617,0.5136729643724391,0.5136729643724391,0,0,0,5,,,,,,,,,,,,,,,,,
2021+ Model,2026-07-08,824815,Baltimore Orioles,Chicago Cubs,Chicago Cubs,Chicago Cubs,1,True,Final,0.5083467392675683,0.4916532607324321,0.5083467392675683,0,0,7,9,,,,,,,,,,,,,,,,,
2021+ Model,2026-07-09,822877,Texas Rangers,Los Angeles Angels,Texas Rangers,Texas Rangers,1,True,Final,0.604096216189358,0.3959037838106421,0.604096216189358,1,1,7,6,,,,,,,,,,,,,,,,,
2021+ Model,2026-07-09,822954,Tampa Bay Rays,New York Yankees,Tampa Bay Rays,New York Yankees,0,True,Final,0.6135787860906726,0.3864212139093278,0.6135787860906726,1,0,4,12,,,,,,,,,,,,,,,,,
2021+ Model,2026-07-09,823034,St. Louis Cardinals,Milwaukee Brewers,Milwaukee Brewers,Milwaukee Brewers,1,True,Final,0.4558609338925721,0.544139066107428,0.544139066107428,0,0,4,8,,,,,,,,,,,,,,,,,
2021+ Model,2026-07-09,823201,San Francisco Giants,Colorado Rockies,San Francisco Giants,San Francisco Giants,1,True,Final,0.5366317490612909,0.4633682509387094,0.5366317490612909,1,1,8,2,,,,,,,,,,,,,,,,,
2021+ Model,2026-07-09,823277,San Diego Padres,Arizona Diamondbacks,Arizona Diamondbacks,Arizona Diamondbacks,1,True,Final,0.465439222788808,0.5345607772111926,0.5345607772111926,0,0,1,3,,,,,,,,,,,,,,,,,
2021+ Model,2026-07-09,823359,Pittsburgh Pirates,Atlanta Braves,Atlanta Braves,Atlanta Braves,1,True,Final,0.4717703780852956,0.5282296219147057,0.5282296219147057,0,0,5,10,,,,,,,,,,,,,,,,,
2021+ Model,2026-07-09,823606,New York Mets,Kansas City Royals,Kansas City Royals,New York Mets,0,True,Final,0.5141252315778754,0.4858747684221248,0.5141252315778754,0,1,7,3,,,,,,,,,,,,,,,,,
2021+ Model,2026-07-09,823683,Minnesota Twins,Cleveland Guardians,Minnesota Twins,Cleveland Guardians,0,True,Final,0.5379033262355241,0.4620966737644762,0.5379033262355241,1,0,2,5,,,,,,,,,,,,,,,,,
2021+ Model,2026-07-09,823846,Miami Marlins,Seattle Mariners,Seattle Mariners,Miami Marlins,0,True,Final,0.463303652675664,0.536696347324337,0.536696347324337,0,1,8,4,,,,,,,,,,,,,,,,,
2021+ Model,2026-07-09,824251,Detroit Tigers,Athletics,Detroit Tigers,Detroit Tigers,1,True,Final,0.5202508845402545,0.4797491154597457,0.5202508845402545,1,1,4,1,,,,,,,,,,,,,,,,,
2021+ Model,2026-07-09,824494,Cincinnati Reds,Philadelphia Phillies,Philadelphia Phillies,Philadelphia Phillies,1,True,Final,0.4556174458786168,0.5443825541213838,0.5443825541213838,0,0,0,1,,,,,,,,,,,,,,,,,
2021+ Model,2026-07-09,824577,Chicago White Sox,Boston Red Sox,Boston Red Sox,Boston Red Sox,1,True,Final,0.4774729272758631,0.5225270727241377,0.5225270727241377,0,0,1,2,,,,,,,,,,,,,,,,,
2021+ Model,2026-07-09,824816,Baltimore Orioles,Chicago Cubs,Baltimore Orioles,Baltimore Orioles,1,True,Final,0.5331819864075692,0.4668180135924312,0.5331819864075692,1,1,3,2,,,,,,,,,,,,,,,,,
2021+ Model,2026-07-10,822709,Washington Nationals,New York Yankees,New York Yankees,New York Yankees,1,True,Final,0.4772523366924447,0.5227476633075557,0.5227476633075557,0,0,3,5,,,,,,,,,,,,,,,,,
2021+ Model,2026-07-10,822878,Texas Rangers,Houston Astros,Houston Astros,Texas Rangers,0,True,Final,0.5144867858901624,0.4855132141098378,0.5144867858901624,0,1,7,3,,,,,,,,,,,,,,,,,
2021+ Model,2026-07-10,822955,Tampa Bay Rays,Seattle Mariners,Tampa Bay Rays,Tampa Bay Rays,1,True,Final,0.557977544388339,0.4420224556116611,0.557977544388339,1,1,7,2,,,,,,,,,,,,,,,,,
2021+ Model,2026-07-10,823033,St. Louis Cardinals,Atlanta Braves,Atlanta Braves,St. Louis Cardinals,0,True,Final,0.5042842581833983,0.4957157418166021,0.5042842581833983,0,1,2,1,,,,,,,,,,,,,,,,,
2021+ Model,2026-07-10,823200,San Francisco Giants,Colorado Rockies,San Francisco Giants,Colorado Rockies,0,True,Final,0.6008182125419645,0.3991817874580355,0.6008182125419645,1,0,3,4,,,,,,,,,,,,,,,,,
2021+ Model,2026-07-10,823278,San Diego Padres,Toronto Blue Jays,Toronto Blue Jays,Toronto Blue Jays,1,True,Final,0.447713973251469,0.5522860267485312,0.5522860267485312,0,0,3,5,,,,,,,,,,,,,,,,,
2021+ Model,2026-07-10,823604,New York Mets,Boston Red Sox,Boston Red Sox,Boston Red Sox,1,True,Final,0.471858277352742,0.5281417226472583,0.5281417226472583,0,0,2,6,,,,,,,,,,,,,,,,,
2021+ Model,2026-07-10,823685,Minnesota Twins,Los Angeles Angels,Minnesota Twins,Los Angeles Angels,0,True,Final,0.5576502078269638,0.4423497921730365,0.5576502078269638,1,0,3,4,,,,,,,,,,,,,,,,,
2021+ Model,2026-07-10,823845,Miami Marlins,Cleveland Guardians,Cleveland Guardians,Cleveland Guardians,1,True,Final,0.4706844461504084,0.529315553849592,0.529315553849592,0,0,2,3,,,,,,,,,,,,,,,,,
2021+ Model,2026-07-10,823927,Los Angeles Dodgers,Arizona Diamondbacks,Los Angeles Dodgers,Arizona Diamondbacks,0,True,Final,0.6127561857911891,0.3872438142088108,0.6127561857911891,1,0,3,9,,,,,,,,,,,,,,,,,
2021+ Model,2026-07-10,824252,Detroit Tigers,Philadelphia Phillies,Detroit Tigers,Detroit Tigers,1,True,Final,0.548679752264617,0.451320247735383,0.548679752264617,1,1,10,2,,,,,,,,,,,,,,,,,
2021+ Model,2026-07-10,824493,Cincinnati Reds,Chicago Cubs,Chicago Cubs,Cincinnati Reds,0,True,Final,0.5047483498343904,0.4952516501656094,0.5047483498343904,0,1,4,0,,,,,,,,,,,,,,,,,
2021+ Model,2026-07-10,824575,Chicago White Sox,Athletics,Chicago White Sox,Chicago White Sox,1,True,Final,0.5641974212845465,0.4358025787154533,0.5641974212845465,1,1,14,1,,,,,,,,,,,,,,,,,
2021+ Model,2026-07-10,824817,Baltimore Orioles,Kansas City Royals,Kansas City Royals,Baltimore Orioles,0,True,Final,0.5188421584354693,0.4811578415645309,0.5188421584354693,0,1,5,3,,,,,,,,,,,,,,,,,
2021+ Model,2026-07-11,822711,Washington Nationals,New York Yankees,New York Yankees,New York Yankees,1,True,Final,0.4674287873226844,0.532571212677316,0.532571212677316,0,0,2,4,,,,,,,,,,,,,,,,,
2021+ Model,2026-07-11,822875,Texas Rangers,Houston Astros,Texas Rangers,Houston Astros,0,True,Final,0.5777602694872874,0.4222397305127124,0.5777602694872874,1,0,3,9,,,,,,,,,,,,,,,,,
2021+ Model,2026-07-11,822953,Tampa Bay Rays,Seattle Mariners,Seattle Mariners,Tampa Bay Rays,0,True,Final,0.5078640128776784,0.4921359871223218,0.5078640128776784,0,1,6,1,,,,,,,,,,,,,,,,,
2021+ Model,2026-07-11,823030,St. Louis Cardinals,Atlanta Braves,Atlanta Braves,St. Louis Cardinals,0,True,Final,0.500731081952648,0.4992689180473524,0.500731081952648,0,1,4,1,,,,,,,,,,,,,,,,,
2021+ Model,2026-07-11,823198,San Francisco Giants,Colorado Rockies,San Francisco Giants,San Francisco Giants,1,True,Final,0.5245189090459352,0.4754810909540646,0.5245189090459352,1,1,4,2,,,,,,,,,,,,,,,,,
2021+ Model,2026-07-11,823276,San Diego Padres,Toronto Blue Jays,Toronto Blue Jays,San Diego Padres,0,True,Final,0.4892290305015505,0.5107709694984499,0.5107709694984499,0,1,8,7,,,,,,,,,,,,,,,,,
2021+ Model,2026-07-11,823356,Pittsburgh Pirates,Milwaukee Brewers,Milwaukee Brewers,Pittsburgh Pirates,0,True,Final,0.4430941042679241,0.5569058957320756,0.5569058957320756,0,1,3,2,,,,,,,,,,,,,,,,,
2021+ Model,2026-07-11,823357,Pittsburgh Pirates,Milwaukee Brewers,Milwaukee Brewers,Pittsburgh Pirates,0,True,Final,0.5001780885304163,0.4998219114695835,0.5001780885304163,0,1,7,6,,,,,,,,,,,,,,,,,
2021+ Model,2026-07-11,823603,New York Mets,Boston Red Sox,Boston Red Sox,Boston Red Sox,1,True,Final,0.4382632361178629,0.561736763882138,0.561736763882138,0,0,0,4,,,,,,,,,,,,,,,,,
2021+ Model,2026-07-11,823682,Minnesota Twins,Los Angeles Angels,Minnesota Twins,Minnesota Twins,1,True,Final,0.6154917736939352,0.3845082263060651,0.6154917736939352,1,1,5,3,,,,,,,,,,,,,,,,,
2021+ Model,2026-07-11,823844,Miami Marlins,Cleveland Guardians,Cleveland Guardians,Cleveland Guardians,1,True,Final,0.4894316936565945,0.510568306343406,0.510568306343406,0,0,1,4,,,,,,,,,,,,,,,,,
2021+ Model,2026-07-11,823926,Los Angeles Dodgers,Arizona Diamondbacks,Los Angeles Dodgers,Arizona Diamondbacks,0,True,Final,0.6525627430534783,0.3474372569465215,0.6525627430534783,1,0,2,9,,,,,,,,,,,,,,,,,
2021+ Model,2026-07-11,824249,Detroit Tigers,Philadelphia Phillies,Philadelphia Phillies,Philadelphia Phillies,1,True,Final,0.5128142940605211,0.4871857059394792,0.5128142940605211,0,0,2,4,,,,,,,,,,,,,,,,,
2021+ Model,2026-07-11,824492,Cincinnati Reds,Chicago Cubs,Chicago Cubs,Chicago Cubs,1,True,Final,0.46444686934515,0.5355531306548502,0.5355531306548502,0,0,3,5,,,,,,,,,,,,,,,,,
2021+ Model,2026-07-11,824576,Chicago White Sox,Athletics,Chicago White Sox,Chicago White Sox,1,True,Final,0.5852368986202355,0.4147631013797644,0.5852368986202355,1,1,1,0,,,,,,,,,,,,,,,,,
2021+ Model,2026-07-11,824813,Baltimore Orioles,Kansas City Royals,Kansas City Royals,Baltimore Orioles,0,True,Final,0.5194754973240658,0.4805245026759344,0.5194754973240658,0,1,6,1,,,,,,,,,,,,,,,,,
2021+ Model,2026-07-12,822708,Washington Nationals,New York Yankees,New York Yankees,New York Yankees,1,True,Final,0.4837596451626779,0.5162403548373227,0.5162403548373227,0,0,3,5,,,,,,,,,,,,,,,,,
2021+ Model,2026-07-12,822876,Texas Rangers,Houston Astros,Texas Rangers,Texas Rangers,1,True,Final,0.5808250992211815,0.4191749007788186,0.5808250992211815,1,1,6,5,,,,,,,,,,,,,,,,,
2021+ Model,2026-07-12,822951,Tampa Bay Rays,Seattle Mariners,Tampa Bay Rays,Seattle Mariners,0,True,Final,0.5703549956103288,0.4296450043896705,0.5703549956103288,1,0,2,8,,,,,,,,,,,,,,,,,
2021+ Model,2026-07-12,823029,St. Louis Cardinals,Atlanta Braves,Atlanta Braves,Atlanta Braves,1,True,Final,0.4707945107061319,0.5292054892938686,0.5292054892938686,0,0,3,4,,,,,,,,,,,,,,,,,
2021+ Model,2026-07-12,823199,San Francisco Giants,Colorado Rockies,San Francisco Giants,San Francisco Giants,1,True,Final,0.5695789874368057,0.4304210125631941,0.5695789874368057,1,1,3,1,,,,,,,,,,,,,,,,,
2021+ Model,2026-07-12,823274,San Diego Padres,Toronto Blue Jays,Toronto Blue Jays,San Diego Padres,0,True,Final,0.4615969059693178,0.5384030940306824,0.5384030940306824,0,1,5,4,,,,,,,,,,,,,,,,,
2021+ Model,2026-07-12,823358,Pittsburgh Pirates,Milwaukee Brewers,Milwaukee Brewers,Pittsburgh Pirates,0,True,Final,0.4630847061040899,0.5369152938959103,0.5369152938959103,0,1,14,5,,,,,,,,,,,,,,,,,
2021+ Model,2026-07-12,823602,New York Mets,Boston Red Sox,Boston Red Sox,Boston Red Sox,1,True,Final,0.4359761143061454,0.5640238856938554,0.5640238856938554,0,0,2,3,,,,,,,,,,,,,,,,,
2021+ Model,2026-07-12,823681,Minnesota Twins,Los Angeles Angels,Minnesota Twins,Minnesota Twins,1,True,Final,0.5434596094459949,0.4565403905540052,0.5434596094459949,1,1,4,2,,,,,,,,,,,,,,,,,
2021+ Model,2026-07-12,823842,Miami Marlins,Cleveland Guardians,Cleveland Guardians,Cleveland Guardians,1,True,Final,0.4469159498382378,0.5530840501617628,0.5530840501617628,0,0,2,5,,,,,,,,,,,,,,,,,
2021+ Model,2026-07-12,823925,Los Angeles Dodgers,Arizona Diamondbacks,Los Angeles Dodgers,Arizona Diamondbacks,0,True,Final,0.5731165865789637,0.4268834134210362,0.5731165865789637,1,0,3,5,,,,,,,,,,,,,,,,,
2021+ Model,2026-07-12,824250,Detroit Tigers,Philadelphia Phillies,Detroit Tigers,Philadelphia Phillies,0,True,Final,0.5254813140883795,0.474518685911621,0.5254813140883795,1,0,0,5,,,,,,,,,,,,,,,,,
2021+ Model,2026-07-12,824491,Cincinnati Reds,Chicago Cubs,Chicago Cubs,Chicago Cubs,1,True,Final,0.4770613094265364,0.5229386905734639,0.5229386905734639,0,0,4,8,,,,,,,,,,,,,,,,,
2021+ Model,2026-07-12,824574,Chicago White Sox,Athletics,Athletics,Chicago White Sox,0,True,Final,0.5163256973363349,0.483674302663665,0.5163256973363349,0,1,9,1,,,,,,,,,,,,,,,,,
2021+ Model,2026-07-12,824814,Baltimore Orioles,Kansas City Royals,Baltimore Orioles,Baltimore Orioles,1,True,Final,0.529200595553525,0.4707994044464753,0.529200595553525,1,1,8,2,,,,,,,,,,,,,,,,,
2021+ Model,2026-07-16,823440,Philadelphia Phillies,New York Mets,Philadelphia Phillies,New York Mets,0,True,Final,0.527013924834104,0.4729860751658962,0.527013924834104,1,0,1,4,,,,,,,,,,,,,,,,,
2021+ Model,2026-07-17,822789,Toronto Blue Jays,Chicago White Sox,Toronto Blue Jays,Chicago White Sox,0,True,Final,0.5384321765411897,0.4615678234588101,0.5384321765411897,1,0,4,12,,,,,,,,,,,,,,,,,
2021+ Model,2026-07-17,823115,Seattle Mariners,San Francisco Giants,San Francisco Giants,San Francisco Giants,1,True,Final,0.5132767332968952,0.4867232667031052,0.5132767332968952,0,0,0,7,,,,,,,,,,,,,,,,,
2021+ Model,2026-07-17,823524,New York Yankees,Los Angeles Dodgers,New York Yankees,Los Angeles Dodgers,0,True,Final,0.554667692879217,0.4453323071207826,0.554667692879217,1,0,1,2,,,,,,,,,,,,,,,,,
2021+ Model,2026-07-17,823766,Milwaukee Brewers,Miami Marlins,Milwaukee Brewers,Milwaukee Brewers,1,True,Final,0.5811553678730866,0.4188446321269125,0.5811553678730866,1,1,2,1,,,,,,,,,,,,,,,,,
2021+ Model,2026-07-17,824009,Los Angeles Angels,Detroit Tigers,Detroit Tigers,Detroit Tigers,1,True,Final,0.448412392789187,0.5515876072108129,0.5515876072108129,0,0,1,2,,,,,,,,,,,,,,,,,
2021+ Model,2026-07-17,824090,Kansas City Royals,San Diego Padres,San Diego Padres,Kansas City Royals,0,True,Final,0.5148231913396782,0.4851768086603225,0.5148231913396782,0,1,7,6,,,,,,,,,,,,,,,,,
2021+ Model,2026-07-17,824170,Houston Astros,Baltimore Orioles,Baltimore Orioles,Baltimore Orioles,1,True,Final,0.5050845538883564,0.4949154461116446,0.5050845538883564,0,0,2,3,,,,,,,,,,,,,,,,,
2021+ Model,2026-07-17,824332,Colorado Rockies,Cincinnati Reds,Cincinnati Reds,Cincinnati Reds,1,True,Final,0.4972035003413049,0.5027964996586956,0.5027964996586956,0,0,2,7,,,,,,,,,,,,,,,,,
2021+ Model,2026-07-17,824655,Chicago Cubs,Minnesota Twins,Minnesota Twins,Minnesota Twins,1,True,Final,0.4981095448127293,0.5018904551872713,0.5018904551872713,0,0,2,5,,,,,,,,,,,,,,,,,
2021+ Model,2026-07-17,824737,Boston Red Sox,Tampa Bay Rays,Boston Red Sox,Boston Red Sox,1,True,Final,0.5588239993001504,0.4411760006998497,0.5588239993001504,1,1,5,3,,,,,,,,,,,,,,,,,
2021+ Model,2026-07-17,824766,Boston Red Sox,Tampa Bay Rays,Boston Red Sox,Boston Red Sox,1,True,Final,0.5315922781550838,0.4684077218449168,0.5315922781550838,1,1,10,0,,,,,,,,,,,,,,,,,
2021+ Model,2026-07-17,824901,Atlanta Braves,Texas Rangers,Atlanta Braves,Atlanta Braves,1,True,Final,0.5215913475745831,0.4784086524254169,0.5215913475745831,1,1,15,1,,,,,,,,,,,,,,,,,
2021+ Model,2026-07-17,824981,Athletics,Washington Nationals,Washington Nationals,Washington Nationals,1,True,Final,0.5033188009997625,0.4966811990002382,0.5033188009997625,0,0,4,23,,,,,,,,,,,,,,,,,
2021+ Model,2026-07-17,825060,Arizona Diamondbacks,St. Louis Cardinals,St. Louis Cardinals,St. Louis Cardinals,1,True,Final,0.4869037011893053,0.5130962988106956,0.5130962988106956,0,0,4,5,,,,,,,,,,,,,,,,,
2021+ Model,2026-07-18,822790,Toronto Blue Jays,Chicago White Sox,Toronto Blue Jays,Toronto Blue Jays,1,True,Final,0.5268788604156671,0.4731211395843334,0.5268788604156671,1,1,1,0,,,,,,,,,,,,,,,,,
2021+ Model,2026-07-18,823116,Seattle Mariners,San Francisco Giants,San Francisco Giants,Seattle Mariners,0,True,Final,0.5183569154146215,0.4816430845853789,0.5183569154146215,0,1,4,3,,,,,,,,,,,,,,,,,
2021+ Model,2026-07-18,823441,Philadelphia Phillies,New York Mets,Philadelphia Phillies,Philadelphia Phillies,1,True,Final,0.5594884634070092,0.4405115365929909,0.5594884634070092,1,1,6,1,,,,,,,,,,,,,,,,,
2021+ Model,2026-07-18,823763,Milwaukee Brewers,Miami Marlins,Milwaukee Brewers,Milwaukee Brewers,1,True,Final,0.5950565110068365,0.4049434889931634,0.5950565110068365,1,1,8,6,,,,,,,,,,,,,,,,,
2021+ Model,2026-07-18,824008,Los Angeles Angels,Detroit Tigers,Detroit Tigers,Detroit Tigers,1,True,Final,0.4711228191311353,0.5288771808688654,0.5288771808688654,0,0,0,7,,,,,,,,,,,,,,,,,
2021+ Model,2026-07-18,824088,Kansas City Royals,San Diego Padres,San Diego Padres,Kansas City Royals,0,True,Final,0.5062409182014023,0.4937590817985984,0.5062409182014023,0,1,6,1,,,,,,,,,,,,,,,,,
2021+ Model,2026-07-18,824169,Houston Astros,Baltimore Orioles,Houston Astros,Baltimore Orioles,0,True,Final,0.525346546796151,0.4746534532038498,0.525346546796151,1,0,2,4,,,,,,,,,,,,,,,,,
2021+ Model,2026-07-18,824331,Colorado Rockies,Cincinnati Reds,Cincinnati Reds,Colorado Rockies,0,True,Final,0.4859516481139469,0.5140483518860537,0.5140483518860537,0,1,10,3,,,,,,,,,,,,,,,,,
2021+ Model,2026-07-18,824412,Cleveland Guardians,Pittsburgh Pirates,Cleveland Guardians,Cleveland Guardians,1,True,Final,0.5345941869753374,0.465405813024663,0.5345941869753374,1,1,5,3,,,,,,,,,,,,,,,,,
2021+ Model,2026-07-18,824414,Cleveland Guardians,Pittsburgh Pirates,Cleveland Guardians,Pittsburgh Pirates,0,True,Final,0.5279986159604824,0.4720013840395179,0.5279986159604824,1,0,1,7,,,,,,,,,,,,,,,,,
2021+ Model,2026-07-18,824657,Chicago Cubs,Minnesota Twins,Minnesota Twins,Chicago Cubs,0,True,Final,0.4995235857231448,0.5004764142768561,0.5004764142768561,0,1,6,2,,,,,,,,,,,,,,,,,
2021+ Model,2026-07-18,824738,Boston Red Sox,Tampa Bay Rays,Boston Red Sox,Boston Red Sox,1,True,Final,0.5507466041359192,0.4492533958640813,0.5507466041359192,1,1,7,6,,,,,,,,,,,,,,,,,
2021+ Model,2026-07-18,824899,Atlanta Braves,Texas Rangers,Atlanta Braves,Texas Rangers,0,True,Final,0.5390183598784118,0.4609816401215885,0.5390183598784118,1,0,6,7,,,,,,,,,,,,,,,,,
2021+ Model,2026-07-18,824979,Athletics,Washington Nationals,Washington Nationals,Athletics,0,True,Final,0.4900699902435417,0.5099300097564591,0.5099300097564591,0,1,15,1,,,,,,,,,,,,,,,,,
2021+ Model,2026-07-18,825059,Arizona Diamondbacks,St. Louis Cardinals,St. Louis Cardinals,Arizona Diamondbacks,0,True,Final,0.4991842890794986,0.500815710920502,0.500815710920502,0,1,5,3,,,,,,,,,,,,,,,,,
2021+ Model,2026-07-19,822786,Toronto Blue Jays,Chicago White Sox,Toronto Blue Jays,Chicago White Sox,0,True,Final,0.5448769823794004,0.4551230176206002,0.5448769823794004,1,0,0,3,,,,,,,,,,,,,,,,,
2021+ Model,2026-07-19,823113,Seattle Mariners,San Francisco Giants,Seattle Mariners,Seattle Mariners,1,True,Final,0.5700659998543441,0.429934000145656,0.5700659998543441,1,1,6,3,,,,,,,,,,,,,,,,,
2021+ Model,2026-07-19,823439,Philadelphia Phillies,New York Mets,Philadelphia Phillies,New York Mets,0,True,Final,0.5420723947155014,0.4579276052844988,0.5420723947155014,1,0,1,6,,,,,,,,,,,,,,,,,
2021+ Model,2026-07-19,823521,New York Yankees,Los Angeles Dodgers,Los Angeles Dodgers,New York Yankees,0,True,Final,0.4912199319507697,0.5087800680492306,0.5087800680492306,0,1,2,1,,,,,,,,,,,,,,,,,
2021+ Model,2026-07-19,823523,New York Yankees,Los Angeles Dodgers,New York Yankees,Los Angeles Dodgers,0,True,Final,0.5314719576866768,0.4685280423133237,0.5314719576866768,1,0,2,8,,,,,,,,,,,,,,,,,
2021+ Model,2026-07-19,823764,Milwaukee Brewers,Miami Marlins,Milwaukee Brewers,Milwaukee Brewers,1,True,Final,0.5883741256234998,0.4116258743765,0.5883741256234998,1,1,3,1,,,,,,,,,,,,,,,,,
2021+ Model,2026-07-19,824007,Los Angeles Angels,Detroit Tigers,Detroit Tigers,Los Angeles Angels,0,True,Final,0.4350250468458114,0.5649749531541893,0.5649749531541893,0,1,3,2,,,,,,,,,,,,,,,,,
2021+ Model,2026-07-19,824086,Kansas City Royals,San Diego Padres,Kansas City Royals,San Diego Padres,0,True,Final,0.552167019725948,0.4478329802740525,0.552167019725948,1,0,2,19,,,,,,,,,,,,,,,,,
2021+ Model,2026-07-19,824168,Houston Astros,Baltimore Orioles,Houston Astros,Baltimore Orioles,0,True,Final,0.5713427245239272,0.4286572754760734,0.5713427245239272,1,0,2,5,,,,,,,,,,,,,,,,,
2021+ Model,2026-07-19,824330,Colorado Rockies,Cincinnati Reds,Cincinnati Reds,Cincinnati Reds,1,True,Final,0.4806163637410561,0.5193836362589441,0.5193836362589441,0,0,6,9,,,,,,,,,,,,,,,,,
2021+ Model,2026-07-19,824411,Cleveland Guardians,Pittsburgh Pirates,Cleveland Guardians,Pittsburgh Pirates,0,True,Final,0.5391200482960024,0.4608799517039977,0.5391200482960024,1,0,1,7,,,,,,,,,,,,,,,,,
2021+ Model,2026-07-19,824653,Chicago Cubs,Minnesota Twins,Chicago Cubs,Chicago Cubs,1,True,Final,0.5301694889869143,0.4698305110130862,0.5301694889869143,1,1,10,1,,,,,,,,,,,,,,,,,
2021+ Model,2026-07-19,824739,Boston Red Sox,Tampa Bay Rays,Boston Red Sox,Boston Red Sox,1,True,Final,0.5507042855015222,0.4492957144984781,0.5507042855015222,1,1,6,1,,,,,,,,,,,,,,,,,
2021+ Model,2026-07-19,824897,Atlanta Braves,Texas Rangers,Atlanta Braves,Atlanta Braves,1,True,Final,0.5415888691969422,0.4584111308030579,0.5415888691969422,1,1,8,5,,,,,,,,,,,,,,,,,
2021+ Model,2026-07-19,824978,Athletics,Washington Nationals,Washington Nationals,Washington Nationals,1,True,Final,0.4738775095299817,0.5261224904700192,0.5261224904700192,0,0,2,5,,,,,,,,,,,,,,,,,
2021+ Model,2026-07-19,825057,Arizona Diamondbacks,St. Louis Cardinals,St. Louis Cardinals,Arizona Diamondbacks,0,True,Final,0.5164711771673359,0.4835288228326654,0.5164711771673359,0,1,8,7,,,,,,,,,,,,,,,,,
2021+ Model,2026-07-20,822788,Toronto Blue Jays,Tampa Bay Rays,Tampa Bay Rays,Tampa Bay Rays,1,True,Final,0.5076662197990909,0.49233378020091,0.5076662197990909,0,0,1,7,,,,,,,,,,,,,,,,,
2021+ Model,2026-07-20,822874,Texas Rangers,Chicago White Sox,Texas Rangers,Chicago White Sox,0,True,Final,0.5428424789808631,0.4571575210191373,0.5428424789808631,1,0,3,10,,,,,,,,,,,,,,,,,
2021+ Model,2026-07-20,823112,Seattle Mariners,Cincinnati Reds,Cincinnati Reds,Seattle Mariners,0,True,Final,0.4797316505018641,0.5202683494981374,0.5202683494981374,0,1,8,0,,,,,,,,,,,,,,,,,
2021+ Model,2026-07-20,823436,Philadelphia Phillies,Los Angeles Dodgers,Philadelphia Phillies,Philadelphia Phillies,1,True,Final,0.5552594755335644,0.4447405244664362,0.5552594755335644,1,1,10,7,,,,,,,,,,,,,,,,,
2021+ Model,2026-07-20,823522,New York Yankees,Pittsburgh Pirates,Pittsburgh Pirates,New York Yankees,0,True,Final,0.508964694756006,0.4910353052439941,0.508964694756006,0,1,8,5,,,,,,,,,,,,,,,,,
2021+ Model,2026-07-20,823762,Milwaukee Brewers,New York Mets,Milwaukee Brewers,Milwaukee Brewers,1,True,Final,0.6095520552885084,0.3904479447114914,0.6095520552885084,1,1,8,3,,,,,,,,,,,,,,,,,
2021+ Model,2026-07-20,824006,Los Angeles Angels,St. Louis Cardinals,St. Louis Cardinals,Los Angeles Angels,0,True,Final,0.4683968195432632,0.531603180456738,0.531603180456738,0,1,3,2,,,,,,,,,,,,,,,,,
2021+ Model,2026-07-20,824087,Kansas City Royals,San Francisco Giants,San Francisco Giants,Kansas City Royals,0,True,Final,0.4929561529643738,0.5070438470356273,0.5070438470356273,0,1,4,3,,,,,,,,,,,,,,,,,
2021+ Model,2026-07-20,824167,Houston Astros,Miami Marlins,Houston Astros,Houston Astros,1,True,Final,0.5714781229500485,0.4285218770499513,0.5714781229500485,1,1,8,5,,,,,,,,,,,,,,,,,
2021+ Model,2026-07-20,824328,Colorado Rockies,Washington Nationals,Washington Nationals,Washington Nationals,1,True,Final,0.5066918874937669,0.4933081125062338,0.5066918874937669,0,0,3,7,,,,,,,,,,,,,,,,,
2021+ Model,2026-07-20,824410,Cleveland Guardians,Minnesota Twins,Cleveland Guardians,Cleveland Guardians,1,True,Final,0.5516889919714384,0.4483110080285619,0.5516889919714384,1,1,13,4,,,,,,,,,,,,,,,,,
2021+ Model,2026-07-20,824654,Chicago Cubs,Detroit Tigers,Detroit Tigers,Detroit Tigers,1,True,Final,0.4838499790546466,0.5161500209453541,0.5161500209453541,0,0,6,8,,,,,,,,,,,,,,,,,
2021+ Model,2026-07-20,824736,Boston Red Sox,Baltimore Orioles,Boston Red Sox,Boston Red Sox,1,True,Final,0.5524225683033755,0.4475774316966245,0.5524225683033755,1,1,6,5,,,,,,,,,,,,,,,,,
2021+ Model,2026-07-20,824898,Atlanta Braves,San Diego Padres,Atlanta Braves,Atlanta Braves,1,True,Final,0.54079650218472,0.4592034978152802,0.54079650218472,1,1,3,2,,,,,,,,,,,,,,,,,
2021+ Model,2026-07-20,825058,Arizona Diamondbacks,Athletics,Arizona Diamondbacks,Athletics,0,True,Final,0.5742823582193253,0.4257176417806751,0.5742823582193253,1,0,2,5,,,,,,,,,,,,,,,,,
2021+ Model,2026-07-21,822787,Toronto Blue Jays,Tampa Bay Rays,Tampa Bay Rays,Tampa Bay Rays,1,True,Final,0.5092563905325599,0.4907436094674405,0.5092563905325599,0,0,2,12,,,,,,,,,,,,,,,,,
2021+ Model,2026-07-21,822871,Texas Rangers,Chicago White Sox,Texas Rangers,Texas Rangers,1,True,Final,0.5623859988823247,0.4376140011176754,0.5623859988823247,1,1,10,0,,,,,,,,,,,,,,,,,
2021+ Model,2026-07-21,823114,Seattle Mariners,Cincinnati Reds,Cincinnati Reds,Cincinnati Reds,1,True,Final,0.4989327894059064,0.5010672105940942,0.5010672105940942,0,0,2,4,,,,,,,,,,,,,,,,,
2021+ Model,2026-07-21,823437,Philadelphia Phillies,Los Angeles Dodgers,Philadelphia Phillies,Los Angeles Dodgers,0,True,Final,0.5475156441451519,0.4524843558548483,0.5475156441451519,1,0,1,2,,,,,,,,,,,,,,,,,
2021+ Model,2026-07-21,823760,Milwaukee Brewers,New York Mets,Milwaukee Brewers,New York Mets,0,True,Final,0.5482906635824589,0.4517093364175413,0.5482906635824589,1,0,0,4,,,,,,,,,,,,,,,,,
2021+ Model,2026-07-21,824005,Los Angeles Angels,St. Louis Cardinals,St. Louis Cardinals,Los Angeles Angels,0,True,Final,0.4890403215712141,0.5109596784287865,0.5109596784287865,0,1,5,1,,,,,,,,,,,,,,,,,
2021+ Model,2026-07-21,824085,Kansas City Royals,San Francisco Giants,Kansas City Royals,Kansas City Royals,1,True,Final,0.5212100318939713,0.4787899681060292,0.5212100318939713,1,1,3,2,,,,,,,,,,,,,,,,,
2021+ Model,2026-07-21,824165,Houston Astros,Miami Marlins,Miami Marlins,Houston Astros,0,True,Final,0.4873649877940877,0.5126350122059126,0.5126350122059126,0,1,5,3,,,,,,,,,,,,,,,,,
2021+ Model,2026-07-21,824329,Colorado Rockies,Washington Nationals,Colorado Rockies,Colorado Rockies,1,True,Final,0.5517812599464027,0.4482187400535976,0.5517812599464027,1,1,8,7,,,,,,,,,,,,,,,,,
2021+ Model,2026-07-21,824409,Cleveland Guardians,Minnesota Twins,Cleveland Guardians,Cleveland Guardians,1,True,Final,0.5280246764427537,0.4719753235572467,0.5280246764427537,1,1,5,2,,,,,,,,,,,,,,,,,
2021+ Model,2026-07-21,824652,Chicago Cubs,Detroit Tigers,Detroit Tigers,Chicago Cubs,0,True,Final,0.4536441904711664,0.546355809528834,0.546355809528834,0,1,11,2,,,,,,,,,,,,,,,,,
2021+ Model,2026-07-21,824895,Atlanta Braves,San Diego Padres,Atlanta Braves,San Diego Padres,0,True,Final,0.5552682577380142,0.4447317422619861,0.5552682577380142,1,0,3,8,,,,,,,,,,,,,,,,,
2021+ Model,2026-07-21,825056,Arizona Diamondbacks,Athletics,Arizona Diamondbacks,Arizona Diamondbacks,1,True,Final,0.5575880841842252,0.4424119158157752,0.5575880841842252,1,1,6,5,,,,,,,,,,,,,,,,,
2021+ Model,2026-07-22,822784,Toronto Blue Jays,Tampa Bay Rays,Tampa Bay Rays,Tampa Bay Rays,1,True,Final,0.502021262209803,0.4979787377901974,0.502021262209803,0,0,2,4,,,,,,,,,,,,,,,,,
2021+ Model,2026-07-22,822873,Texas Rangers,Chicago White Sox,Texas Rangers,Chicago White Sox,0,True,Final,0.5501491258745989,0.4498508741254018,0.5501491258745989,1,0,2,4,,,,,,,,,,,,,,,,,
2021+ Model,2026-07-22,823110,Seattle Mariners,Cincinnati Reds,Cincinnati Reds,Cincinnati Reds,1,True,Final,0.4928900429940175,0.507109957005983,0.507109957005983,0,0,3,5,,,,,,,,,,,,,,,,,
2021+ Model,2026-07-22,823438,Philadelphia Phillies,Los Angeles Dodgers,Philadelphia Phillies,Los Angeles Dodgers,0,True,Final,0.5344210316508063,0.4655789683491939,0.5344210316508063,1,0,5,9,,,,,,,,,,,,,,,,,
2021+ Model,2026-07-22,823518,New York Yankees,Pittsburgh Pirates,New York Yankees,Pittsburgh Pirates,0,True,Final,0.5945837518416062,0.4054162481583943,0.5945837518416062,1,0,3,5,,,,,,,,,,,,,,,,,
2021+ Model,2026-07-22,823519,New York Yankees,Pittsburgh Pirates,New York Yankees,New York Yankees,1,True,Final,0.5910467091485623,0.4089532908514378,0.5910467091485623,1,1,2,0,,,,,,,,,,,,,,,,,
2021+ Model,2026-07-22,823761,Milwaukee Brewers,New York Mets,Milwaukee Brewers,Milwaukee Brewers,1,True,Final,0.6073260309124664,0.3926739690875338,0.6073260309124664,1,1,4,3,,,,,,,,,,,,,,,,,
2021+ Model,2026-07-22,824004,Los Angeles Angels,St. Louis Cardinals,St. Louis Cardinals,St. Louis Cardinals,1,True,Final,0.492602169305876,0.5073978306941247,0.5073978306941247,0,0,0,1,,,,,,,,,,,,,,,,,
2021+ Model,2026-07-22,824083,Kansas City Royals,San Francisco Giants,San Francisco Giants,Kansas City Royals,0,True,Final,0.4935353504707983,0.5064646495292023,0.5064646495292023,0,1,5,4,,,,,,,,,,,,,,,,,
2021+ Model,2026-07-22,824166,Houston Astros,Miami Marlins,Houston Astros,Houston Astros,1,True,Final,0.5200547897434495,0.4799452102565508,0.5200547897434495,1,1,5,2,,,,,,,,,,,,,,,,,
2021+ Model,2026-07-22,824327,Colorado Rockies,Washington Nationals,Washington Nationals,Washington Nationals,1,True,Final,0.5170252497286121,0.4829747502713879,0.5170252497286121,0,0,0,8,,,,,,,,,,,,,,,,,
2021+ Model,2026-07-22,824408,Cleveland Guardians,Minnesota Twins,Cleveland Guardians,Minnesota Twins,0,True,Final,0.532372051493481,0.4676279485065192,0.532372051493481,1,0,6,10,,,,,,,,,,,,,,,,,
2021+ Model,2026-07-22,824650,Chicago Cubs,Detroit Tigers,Detroit Tigers,Detroit Tigers,1,True,Final,0.4711913710985528,0.5288086289014482,0.5288086289014482,0,0,1,5,,,,,,,,,,,,,,,,,
2021+ Model,2026-07-22,824732,Boston Red Sox,Baltimore Orioles,Boston Red Sox,Baltimore Orioles,0,True,Final,0.6225354767315419,0.3774645232684581,0.6225354767315419,1,0,1,5,,,,,,,,,,,,,,,,,
2021+ Model,2026-07-22,824735,Boston Red Sox,Baltimore Orioles,Boston Red Sox,Boston Red Sox,1,True,Final,0.5975867116314382,0.402413288368562,0.5975867116314382,1,1,6,3,,,,,,,,,,,,,,,,,
2021+ Model,2026-07-22,824896,Atlanta Braves,San Diego Padres,Atlanta Braves,Atlanta Braves,1,True,Final,0.5286115795342435,0.4713884204657569,0.5286115795342435,1,1,7,6,,,,,,,,,,,,,,,,,
2021+ Model,2026-07-22,825055,Arizona Diamondbacks,Athletics,Arizona Diamondbacks,Arizona Diamondbacks,1,True,Final,0.6290486180060244,0.3709513819939756,0.6290486180060244,1,1,15,5,,,,,,,,,,,,,,,,,
2021+ Model,2026-07-23,822785,Toronto Blue Jays,Tampa Bay Rays,Toronto Blue Jays,Toronto Blue Jays,1,True,Final,0.521980987600827,0.4780190123991735,0.521980987600827,1,1,3,1,,,,,,,,,,,,,,,,,
2021+ Model,2026-07-23,823042,St. Louis Cardinals,Arizona Diamondbacks,Arizona Diamondbacks,Arizona Diamondbacks,1,True,Final,0.500395928732725,0.4996040712672749,0.500395928732725,0,0,6,10,,,,,,,,,,,,,,,,,
2021+ Model,2026-07-23,824247,Detroit Tigers,Kansas City Royals,Detroit Tigers,Detroit Tigers,1,True,Final,0.6382076097860587,0.3617923902139415,0.6382076097860587,1,1,4,3,,,,,,,,,,,,,,,,,
2021+ Model,2026-07-23,824406,Cleveland Guardians,Minnesota Twins,Cleveland Guardians,Minnesota Twins,0,True,Final,0.5597035252821279,0.4402964747178721,0.5597035252821279,1,0,1,3,,,,,,,,,,,,,,,,,
2021+ Model,2026-07-23,824893,Atlanta Braves,San Diego Padres,Atlanta Braves,Atlanta Braves,1,True,Final,0.6211026167921609,0.3788973832078392,0.6211026167921609,1,1,6,5,,,,,,,,,,,,,,,,,
2021+ Model,2026-07-24,822707,Washington Nationals,Arizona Diamondbacks,Arizona Diamondbacks,Arizona Diamondbacks,1,True,Final,0.5004123336700189,0.4995876663299814,0.5004123336700189,0,0,2,3,,,,,,,,,,,,,,,,,
2021+ Model,2026-07-24,822872,Texas Rangers,Seattle Mariners,Seattle Mariners,Texas Rangers,0,True,Final,0.500167130158036,0.4998328698419648,0.500167130158036,0,1,5,4,,,,,,,,,,,,,,,,,
2021+ Model,2026-07-24,822952,Tampa Bay Rays,Cleveland Guardians,Cleveland Guardians,Tampa Bay Rays,0,True,Final,0.508297022161614,0.4917029778383865,0.508297022161614,0,1,11,3,,,,,,,,,,,,,,,,,
2021+ Model,2026-07-24,823031,St. Louis Cardinals,Cincinnati Reds,St. Louis Cardinals,Cincinnati Reds,0,True,Final,0.5265263233860838,0.4734736766139168,0.5265263233860838,1,0,2,4,,,,,,,,,,,,,,,,,
2021+ Model,2026-07-24,823196,San Francisco Giants,Los Angeles Angels,San Francisco Giants,San Francisco Giants,1,True,Final,0.5655265850610227,0.4344734149389769,0.5655265850610227,1,1,7,6,,,,,,,,,,,,,,,,,
2021+ Model,2026-07-24,823352,Pittsburgh Pirates,Chicago Cubs,Chicago Cubs,Chicago Cubs,1,True,Final,0.4890849608705564,0.5109150391294442,0.5109150391294442,0,0,2,3,,,,,,,,,,,,,,,,,
2021+ Model,2026-07-24,823434,Philadelphia Phillies,New York Yankees,New York Yankees,New York Yankees,1,True,Final,0.4686093928056116,0.5313906071943888,0.5313906071943888,0,0,0,1,,,,,,,,,,,,,,,,,
2021+ Model,2026-07-24,823601,New York Mets,Los Angeles Dodgers,New York Mets,Los Angeles Dodgers,0,True,Final,0.5283573228882967,0.4716426771117034,0.5283573228882967,1,0,2,4,,,,,,,,,,,,,,,,,
2021+ Model,2026-07-24,823680,Minnesota Twins,Athletics,Minnesota Twins,Athletics,0,True,Final,0.5528302703475202,0.4471697296524795,0.5528302703475202,1,0,0,2,,,,,,,,,,,,,,,,,
2021+ Model,2026-07-24,823759,Milwaukee Brewers,Colorado Rockies,Milwaukee Brewers,Colorado Rockies,0,True,Final,0.6069004989809809,0.3930995010190189,0.6069004989809809,1,0,2,5,,,,,,,,,,,,,,,,,
2021+ Model,2026-07-24,823843,Miami Marlins,San Diego Padres,San Diego Padres,San Diego Padres,1,True,Final,0.4835607761235351,0.5164392238764657,0.5164392238764657,0,0,2,4,,,,,,,,,,,,,,,,,
2021+ Model,2026-07-24,824248,Detroit Tigers,Kansas City Royals,Detroit Tigers,Detroit Tigers,1,True,Final,0.5614197187748526,0.4385802812251478,0.5614197187748526,1,1,2,1,,,,,,,,,,,,,,,,,
2021+ Model,2026-07-24,824573,Chicago White Sox,Houston Astros,Chicago White Sox,Houston Astros,0,True,Final,0.5434198274195232,0.4565801725804772,0.5434198274195232,1,0,5,9,,,,,,,,,,,,,,,,,
2021+ Model,2026-07-24,824733,Boston Red Sox,Toronto Blue Jays,Boston Red Sox,Boston Red Sox,1,True,Final,0.5705671398249571,0.4294328601750432,0.5705671398249571,1,1,6,4,,,,,,,,,,,,,,,,,
2021+ Model,2026-07-24,824812,Baltimore Orioles,Atlanta Braves,Atlanta Braves,Atlanta Braves,1,True,Final,0.4815862909590519,0.5184137090409484,0.5184137090409484,0,0,6,7,,,,,,,,,,,,,,,,,
2021+ Model,2026-07-25,822704,Washington Nationals,Arizona Diamondbacks,Arizona Diamondbacks,Washington Nationals,0,True,Final,0.5165319687953255,0.4834680312046748,0.5165319687953255,0,1,5,3,,,,,,,,,,,,,,,,,
2021+ Model,2026-07-25,822869,Texas Rangers,Seattle Mariners,Seattle Mariners,Texas Rangers,0,True,Final,0.5050011291651912,0.4949988708348096,0.5050011291651912,0,1,7,1,,,,,,,,,,,,,,,,,
2021+ Model,2026-07-25,822948,Tampa Bay Rays,Cleveland Guardians,Cleveland Guardians,Tampa Bay Rays,0,True,Final,0.512063635803092,0.4879363641969087,0.512063635803092,0,1,3,0,,,,,,,,,,,,,,,,,
2021+ Model,2026-07-25,823027,St. Louis Cardinals,Cincinnati Reds,Cincinnati Reds,St. Louis Cardinals,0,True,Final,0.497956539435218,0.5020434605647827,0.5020434605647827,0,1,7,0,,,,,,,,,,,,,,,,,
2021+ Model,2026-07-25,823197,San Francisco Giants,Los Angeles Angels,San Francisco Giants,San Francisco Giants,1,True,Final,0.5349401682665996,0.4650598317334001,0.5349401682665996,1,1,9,2,,,,,,,,,,,,,,,,,
2021+ Model,2026-07-25,823355,Pittsburgh Pirates,Chicago Cubs,Pittsburgh Pirates,Chicago Cubs,0,True,Final,0.5442324933266579,0.4557675066733426,0.5442324933266579,1,0,0,11,,,,,,,,,,,,,,,,,
2021+ Model,2026-07-25,823435,Philadelphia Phillies,New York Yankees,Philadelphia Phillies,New York Yankees,0,True,Final,0.529836085033975,0.470163914966025,0.529836085033975,1,0,1,3,,,,,,,,,,,,,,,,,
2021+ Model,2026-07-25,823600,New York Mets,Los Angeles Dodgers,Los Angeles Dodgers,Los Angeles Dodgers,1,True,Final,0.4788780530323337,0.5211219469676674,0.5211219469676674,0,0,3,4,,,,,,,,,,,,,,,,,
2021+ Model,2026-07-25,823679,Minnesota Twins,Athletics,Minnesota Twins,Minnesota Twins,1,True,Final,0.5483512435761189,0.4516487564238813,0.5483512435761189,1,1,2,0,,,,,,,,,,,,,,,,,
2021+ Model,2026-07-25,823758,Milwaukee Brewers,Colorado Rockies,Milwaukee Brewers,Milwaukee Brewers,1,True,Final,0.6133629340706229,0.386637065929377,0.6133629340706229,1,1,8,5,,,,,,,,,,,,,,,,,
2021+ Model,2026-07-25,823841,Miami Marlins,San Diego Padres,San Diego Padres,San Diego Padres,1,True,Final,0.496255593688067,0.5037444063119336,0.5037444063119336,0,0,2,7,,,,,,,,,,,,,,,,,
2021+ Model,2026-07-25,824244,Detroit Tigers,Kansas City Royals,Detroit Tigers,Kansas City Royals,0,True,Final,0.5647121422389956,0.4352878577610053,0.5647121422389956,1,0,2,3,,,,,,,,,,,,,,,,,
2021+ Model,2026-07-25,824571,Chicago White Sox,Houston Astros,Houston Astros,Houston Astros,1,True,Final,0.5071642609218054,0.4928357390781955,0.5071642609218054,0,0,1,4,,,,,,,,,,,,,,,,,
2021+ Model,2026-07-25,824734,Boston Red Sox,Toronto Blue Jays,Boston Red Sox,Toronto Blue Jays,0,True,Final,0.5857407127251223,0.4142592872748781,0.5857407127251223,1,0,0,6,,,,,,,,,,,,,,,,,
2021+ Model,2026-07-25,824811,Baltimore Orioles,Atlanta Braves,Atlanta Braves,Baltimore Orioles,0,True,Final,0.4961323289986041,0.5038676710013963,0.5038676710013963,0,1,3,2,,,,,,,,,,,,,,,,,
2021+ Model,2026-07-26,822706,Washington Nationals,Arizona Diamondbacks,Arizona Diamondbacks,Washington Nationals,0,True,Final,0.5165319687953256,0.4834680312046748,0.5165319687953256,0,1,10,7,,,,,,,,,,,,,,,,,
2021+ Model,2026-07-26,822870,Texas Rangers,Seattle Mariners,Seattle Mariners,Seattle Mariners,1,True,Final,0.5133489998852097,0.4866510001147912,0.5133489998852097,0,0,4,6,,,,,,,,,,,,,,,,,
2021+ Model,2026-07-26,822950,Tampa Bay Rays,Cleveland Guardians,Cleveland Guardians,Tampa Bay Rays,0,True,Final,0.5165115085016165,0.4834884914983842,0.5165115085016165,0,1,1,0,,,,,,,,,,,,,,,,,
2021+ Model,2026-07-26,823028,St. Louis Cardinals,Cincinnati Reds,Cincinnati Reds,Cincinnati Reds,1,True,Final,0.4985889184852886,0.5014110815147118,0.5014110815147118,0,0,3,5,,,,,,,,,,,,,,,,,
2021+ Model,2026-07-26,823194,San Francisco Giants,Los Angeles Angels,Los Angeles Angels,Los Angeles Angels,1,True,Final,0.4903247186591923,0.5096752813408083,0.5096752813408083,0,0,3,4,,,,,,,,,,,,,,,,,
2021+ Model,2026-07-26,823354,Pittsburgh Pirates,Chicago Cubs,Chicago Cubs,Pittsburgh Pirates,0,True,Final,0.5079630982533133,0.4920369017466873,0.5079630982533133,0,1,8,7,,,,,,,,,,,,,,,,,
2021+ Model,2026-07-26,823433,Philadelphia Phillies,New York Yankees,New York Yankees,Philadelphia Phillies,0,True,Final,0.4989645512485408,0.5010354487514597,0.5010354487514597,0,1,11,4,,,,,,,,,,,,,,,,,
2021+ Model,2026-07-26,823599,New York Mets,Los Angeles Dodgers,Los Angeles Dodgers,New York Mets,0,True,Final,0.5051763758248093,0.4948236241751912,0.5051763758248093,0,1,8,3,,,,,,,,,,,,,,,,,
2021+ Model,2026-07-26,823678,Minnesota Twins,Athletics,Minnesota Twins,Minnesota Twins,1,True,Final,0.5589223393121283,0.4410776606878717,0.5589223393121283,1,1,11,8,,,,,,,,,,,,,,,,,
2021+ Model,2026-07-26,823755,Milwaukee Brewers,Colorado Rockies,Milwaukee Brewers,Milwaukee Brewers,1,True,Final,0.6095517312007871,0.3904482687992126,0.6095517312007871,1,1,11,2,,,,,,,,,,,,,,,,,
2021+ Model,2026-07-26,823840,Miami Marlins,San Diego Padres,San Diego Padres,San Diego Padres,1,True,Final,0.4844786594266603,0.515521340573341,0.515521340573341,0,0,3,5,,,,,,,,,,,,,,,,,
2021+ Model,2026-07-26,824246,Detroit Tigers,Kansas City Royals,Detroit Tigers,Kansas City Royals,0,True,Final,0.5973546601916476,0.4026453398083526,0.5973546601916476,1,0,4,5,,,,,,,,,,,,,,,,,
2021+ Model,2026-07-26,824572,Chicago White Sox,Houston Astros,Houston Astros,Chicago White Sox,0,True,Final,0.5164570882855948,0.483542911714406,0.5164570882855948,0,1,12,3,,,,,,,,,,,,,,,,,
2021+ Model,2026-07-26,824730,Boston Red Sox,Toronto Blue Jays,Boston Red Sox,Boston Red Sox,1,True,Final,0.6052806210684851,0.3947193789315151,0.6052806210684851,1,1,6,1,,,,,,,,,,,,,,,,,
2021+ Model,2026-07-26,824810,Baltimore Orioles,Atlanta Braves,Atlanta Braves,Atlanta Braves,1,True,Final,0.4794371703840072,0.520562829615994,0.520562829615994,0,0,2,3,,,,,,,,,,,,,,,,,
2021+ Model,2026-07-27,822705,Washington Nationals,Toronto Blue Jays,Washington Nationals,Toronto Blue Jays,0,True,Final,0.5253889413194791,0.474611058680521,0.5253889413194791,1,0,2,3,,,,,,,,,,,,,,,,,
2021+ Model,2026-07-27,822868,Texas Rangers,Seattle Mariners,Seattle Mariners,Texas Rangers,0,True,Final,0.481937611815424,0.5180623881845764,0.5180623881845764,0,1,7,3,,,,,,,,,,,,,,,,,
2021+ Model,2026-07-27,823025,St. Louis Cardinals,Chicago Cubs,St. Louis Cardinals,Chicago Cubs,0,True,Final,0.5269082125430073,0.4730917874569925,0.5269082125430073,1,0,3,7,,,,,,,,,,,,,,,,,
2021+ Model,2026-07-27,823195,San Francisco Giants,Milwaukee Brewers,Milwaukee Brewers,San Francisco Giants,0,True,Final,0.4748090492591167,0.5251909507408836,0.5251909507408836,0,1,3,0,,,,,,,,,,,,,,,,,
2021+ Model,2026-07-27,823353,Pittsburgh Pirates,Arizona Diamondbacks,Arizona Diamondbacks,Pittsburgh Pirates,0,True,Final,0.504533434630348,0.4954665653696528,0.504533434630348,0,1,3,2,,,,,,,,,,,,,,,,,
2021+ Model,2026-07-27,823597,New York Mets,Atlanta Braves,Atlanta Braves,New York Mets,0,True,Final,0.4643971639802859,0.5356028360197147,0.5356028360197147,0,1,14,3,,,,,,,,,,,,,,,,,
2021+ Model,2026-07-27,823839,Miami Marlins,Philadelphia Phillies,Philadelphia Phillies,Miami Marlins,0,True,Final,0.4773622606802268,0.5226377393197741,0.5226377393197741,0,1,8,7,,,,,,,,,,,,,,,,,
2021+ Model,2026-07-27,824001,Los Angeles Angels,Houston Astros,Houston Astros,Houston Astros,1,True,Final,0.488159653164753,0.5118403468352473,0.5118403468352473,0,0,4,6,,,,,,,,,,,,,,,,,
2021+ Model,2026-07-27,824245,Detroit Tigers,Baltimore Orioles,Baltimore Orioles,Baltimore Orioles,1,True,Final,0.5186076754912154,0.4813923245087846,0.5186076754912154,0,0,5,8,,,,,,,,,,,,,,,,,
2021+ Model,2026-07-27,824570,Chicago White Sox,New York Yankees,New York Yankees,New York Yankees,1,True,Final,0.4452093364817275,0.554790663518273,0.554790663518273,0,0,5,9,,,,,,,,,,,,,,,,,
2021+ Model,2026-07-27,824977,Athletics,Boston Red Sox,Boston Red Sox,Boston Red Sox,1,True,Final,0.4525437494574867,0.5474562505425139,0.5474562505425139,0,0,2,4,,,,,,,,,,,,,,,,,
2021+ Model,2026-07-28,822703,Washington Nationals,Toronto Blue Jays,Toronto Blue Jays,Washington Nationals,0,True,Final,0.5047617774202954,0.4952382225797051,0.5047617774202954,0,1,8,6,,,,,,,,,,,,,,,,,
2021+ Model,2026-07-28,822949,Tampa Bay Rays,Texas Rangers,Tampa Bay Rays,Texas Rangers,0,True,Final,0.559993858540995,0.4400061414590047,0.559993858540995,1,0,1,4,,,,,,,,,,,,,,,,,
2021+ Model,2026-07-28,823026,St. Louis Cardinals,Chicago Cubs,St. Louis Cardinals,Chicago Cubs,0,True,Final,0.5380003247566608,0.4619996752433392,0.5380003247566608,1,0,2,10,,,,,,,,,,,,,,,,,
2021+ Model,2026-07-28,823193,San Francisco Giants,Milwaukee Brewers,Milwaukee Brewers,Milwaukee Brewers,1,True,Final,0.450098126187603,0.549901873812398,0.549901873812398,0,0,2,8,,,,,,,,,,,,,,,,,
2021+ Model,2026-07-28,823275,San Diego Padres,Colorado Rockies,San Diego Padres,San Diego Padres,1,True,Final,0.5589250626679255,0.4410749373320744,0.5589250626679255,1,1,8,7,,,,,,,,,,,,,,,,,
2021+ Model,2026-07-28,823350,Pittsburgh Pirates,Arizona Diamondbacks,Arizona Diamondbacks,Arizona Diamondbacks,1,True,Final,0.5056224258364737,0.4943775741635271,0.5056224258364737,0,0,7,8,,,,,,,,,,,,,,,,,
2021+ Model,2026-07-28,823676,Minnesota Twins,Kansas City Royals,Kansas City Royals,Minnesota Twins,0,True,Final,0.5092375993664184,0.4907624006335824,0.5092375993664184,0,1,3,2,,,,,,,,,,,,,,,,,
2021+ Model,2026-07-28,823838,Miami Marlins,Philadelphia Phillies,Philadelphia Phillies,Miami Marlins,0,True,Final,0.5049713020792729,0.4950286979207276,0.5049713020792729,0,1,1,0,,,,,,,,,,,,,,,,,
2021+ Model,2026-07-28,823923,Los Angeles Dodgers,Seattle Mariners,Los Angeles Dodgers,Seattle Mariners,0,True,Final,0.550483845588195,0.4495161544118053,0.550483845588195,1,0,6,7,,,,,,,,,,,,,,,,,
2021+ Model,2026-07-28,824003,Los Angeles Angels,Houston Astros,Houston Astros,Houston Astros,1,True,Final,0.4875501081737166,0.5124498918262844,0.5124498918262844,0,0,2,3,,,,,,,,,,,,,,,,,
2021+ Model,2026-07-28,824243,Detroit Tigers,Baltimore Orioles,Detroit Tigers,Detroit Tigers,1,True,Final,0.5868300501943207,0.4131699498056797,0.5868300501943207,1,1,14,0,,,,,,,,,,,,,,,,,
2021+ Model,2026-07-28,824489,Cincinnati Reds,Cleveland Guardians,Cincinnati Reds,Cincinnati Reds,1,True,Final,0.5299622488664067,0.4700377511335936,0.5299622488664067,1,1,2,0,,,,,,,,,,,,,,,,,
2021+ Model,2026-07-28,824490,Cincinnati Reds,Cleveland Guardians,Cincinnati Reds,Cleveland Guardians,0,True,Final,0.5385667898082922,0.4614332101917079,0.5385667898082922,1,0,5,6,,,,,,,,,,,,,,,,,
2021+ Model,2026-07-28,824569,Chicago White Sox,New York Yankees,New York Yankees,New York Yankees,1,True,Final,0.4873184084412342,0.5126815915587667,0.5126815915587667,0,0,2,3,,,,,,,,,,,,,,,,,
2021+ Model,2026-07-28,824976,Athletics,Boston Red Sox,Boston Red Sox,Athletics,0,True,Final,0.456711459300227,0.5432885406997738,0.5432885406997738,0,1,4,3,,,,,,,,,,,,,,,,,
2021+ Model,2026-07-31,822782,Toronto Blue Jays,St. Louis Cardinals,St. Louis Cardinals,Toronto Blue Jays,0,True,Final,0.4972311120672884,0.5027688879327125,0.5027688879327125,0,1,3,1,,,,,,,,,,,,,,,,,
2021+ Model,2026-07-31,822945,Tampa Bay Rays,Chicago White Sox,Tampa Bay Rays,Chicago White Sox,0,True,Final,0.5550765156749402,0.4449234843250605,0.5550765156749402,1,0,1,6,,,,,,,,,,,,,,,,,
2021+ Model,2026-07-31,823111,Seattle Mariners,Minnesota Twins,Seattle Mariners,Minnesota Twins,0,True,Final,0.5253405369424886,0.4746594630575115,0.5253405369424886,1,0,3,5,,,,,,,,,,,,,,,,,
2021+ Model,2026-07-31,823272,San Diego Padres,San Francisco Giants,San Francisco Giants,San Diego Padres,0,True,Final,0.503766822972598,0.4962331770274027,0.503766822972598,0,1,7,0,,,,,,,,,,,,,,,,,
2021+ Model,2026-07-31,823593,New York Mets,Miami Marlins,New York Mets,Miami Marlins,0,True,Final,0.6050262230602005,0.3949737769397993,0.6050262230602005,1,0,2,5,,,,,,,,,,,,,,,,,
2021+ Model,2026-07-31,823922,Los Angeles Dodgers,Boston Red Sox,Boston Red Sox,Boston Red Sox,1,True,Final,0.4915377405271155,0.5084622594728853,0.5084622594728853,0,0,4,9,,,,,,,,,,,,,,,,,
2021+ Model,2026-07-31,823999,Los Angeles Angels,Milwaukee Brewers,Milwaukee Brewers,Milwaukee Brewers,1,True,Final,0.4278270504673684,0.5721729495326325,0.5721729495326325,0,0,2,6,,,,,,,,,,,,,,,,,
2021+ Model,2026-07-31,824164,Houston Astros,Texas Rangers,Houston Astros,Houston Astros,1,True,Final,0.5297523520039918,0.4702476479960079,0.5297523520039918,1,1,11,2,,,,,,,,,,,,,,,,,
2021+ Model,2026-07-31,824325,Colorado Rockies,Kansas City Royals,Colorado Rockies,Colorado Rockies,1,True,Final,0.5246739573078137,0.475326042692187,0.5246739573078137,1,1,3,1,,,,,,,,,,,,,,,,,
2021+ Model,2026-07-31,824407,Cleveland Guardians,Arizona Diamondbacks,Arizona Diamondbacks,Arizona Diamondbacks,1,True,Final,0.5157138739804078,0.4842861260195933,0.5157138739804078,0,0,1,4,,,,,,,,,,,,,,,,,
2021+ Model,2026-07-31,824486,Cincinnati Reds,Pittsburgh Pirates,Cincinnati Reds,Cincinnati Reds,1,True,Final,0.5344759584134747,0.4655240415865256,0.5344759584134747,1,1,8,7,,,,,,,,,,,,,,,,,
2021+ Model,2026-07-31,824651,Chicago Cubs,New York Yankees,New York Yankees,New York Yankees,1,True,Final,0.4828473901512229,0.5171526098487774,0.5171526098487774,0,0,0,2,,,,,,,,,,,,,,,,,
2021+ Model,2026-07-31,824809,Baltimore Orioles,Philadelphia Phillies,Baltimore Orioles,Baltimore Orioles,1,True,Final,0.54231503591282,0.4576849640871806,0.54231503591282,1,1,6,4,,,,,,,,,,,,,,,,,
2021+ Model,2026-07-31,824892,Atlanta Braves,Washington Nationals,Washington Nationals,Atlanta Braves,0,True,Final,0.4758980046132967,0.5241019953867039,0.5241019953867039,0,1,6,2,,,,,,,,,,,,,,,,,
2021+ Model,2026-07-31,824975,Athletics,Detroit Tigers,Detroit Tigers,Detroit Tigers,1,True,Final,0.4702697266076284,0.5297302733923729,0.5297302733923729,0,0,1,13,,,,,,,,,,,,,,,,,
2021+ Model,2026-08-01,822781,Toronto Blue Jays,St. Louis Cardinals,St. Louis Cardinals,Toronto Blue Jays,0,True,Final,0.5000787686269419,0.4999212313730592,0.5000787686269419,0,1,5,1,,,,,,,,,,,,,,,,,
2021+ Model,2026-08-01,822944,Tampa Bay Rays,Chicago White Sox,Tampa Bay Rays,Tampa Bay Rays,1,True,Final,0.5896136521776294,0.4103863478223713,0.5896136521776294,1,1,1,0,,,,,,,,,,,,,,,,,
2021+ Model,2026-08-01,823109,Seattle Mariners,Minnesota Twins,Minnesota Twins,Seattle Mariners,0,True,Final,0.4791076999817239,0.5208923000182762,0.5208923000182762,0,1,4,3,,,,,,,,,,,,,,,,,
2021+ Model,2026-08-01,823269,San Diego Padres,San Francisco Giants,San Francisco Giants,San Diego Padres,0,True,Final,0.5003175688922362,0.499682431107765,0.5003175688922362,0,1,6,5,,,,,,,,,,,,,,,,,
2021+ Model,2026-08-01,823594,New York Mets,Miami Marlins,New York Mets,Miami Marlins,0,True,Final,0.5599442671557813,0.4400557328442191,0.5599442671557813,1,0,2,6,,,,,,,,,,,,,,,,,
2021+ Model,2026-08-01,823920,Los Angeles Dodgers,Boston Red Sox,Los Angeles Dodgers,Boston Red Sox,0,True,Final,0.5472156139698615,0.4527843860301385,0.5472156139698615,1,0,2,3,,,,,,,,,,,,,,,,,
2021+ Model,2026-08-01,824000,Los Angeles Angels,Milwaukee Brewers,Milwaukee Brewers,Milwaukee Brewers,1,True,Final,0.4497332714217573,0.550266728578244,0.550266728578244,0,0,1,3,,,,,,,,,,,,,,,,,
2021+ Model,2026-08-01,824162,Houston Astros,Texas Rangers,Houston Astros,Houston Astros,1,True,Final,0.5332700411388679,0.4667299588611323,0.5332700411388679,1,1,5,4,,,,,,,,,,,,,,,,,
2021+ Model,2026-08-01,824326,Colorado Rockies,Kansas City Royals,Kansas City Royals,Colorado Rockies,0,True,Final,0.4826416767510302,0.5173583232489702,0.5173583232489702,0,1,12,6,,,,,,,,,,,,,,,,,
2021+ Model,2026-08-01,824405,Cleveland Guardians,Arizona Diamondbacks,Arizona Diamondbacks,Arizona Diamondbacks,1,True,Final,0.4991712351786257,0.5008287648213745,0.5008287648213745,0,0,8,12,,,,,,,,,,,,,,,,,
2021+ Model,2026-08-01,824485,Cincinnati Reds,Pittsburgh Pirates,Cincinnati Reds,Pittsburgh Pirates,0,True,Final,0.547347940755071,0.4526520592449292,0.547347940755071,1,0,1,4,,,,,,,,,,,,,,,,,
2021+ Model,2026-08-01,824649,Chicago Cubs,New York Yankees,New York Yankees,Chicago Cubs,0,True,Final,0.4966855442893751,0.5033144557106255,0.5033144557106255,0,1,5,2,,,,,,,,,,,,,,,,,
2021+ Model,2026-08-01,824808,Baltimore Orioles,Philadelphia Phillies,Baltimore Orioles,Philadelphia Phillies,0,True,Final,0.531031420208628,0.4689685797913726,0.531031420208628,1,0,0,5,,,,,,,,,,,,,,,,,
2021+ Model,2026-08-01,824890,Atlanta Braves,Washington Nationals,Atlanta Braves,Atlanta Braves,1,True,Final,0.5319362078940103,0.4680637921059901,0.5319362078940103,1,1,8,3,,,,,,,,,,,,,,,,,
2021+ Model,2026-08-01,824972,Athletics,Detroit Tigers,Detroit Tigers,Detroit Tigers,1,True,Final,0.4367904585233128,0.5632095414766876,0.5632095414766876,0,0,6,8,,,,,,,,,,,,,,,,,
2021+ Model,2026-08-02,822783,Toronto Blue Jays,St. Louis Cardinals,Toronto Blue Jays,St. Louis Cardinals,0,True,Final,0.5365342586770151,0.4634657413229858,0.5365342586770151,1,0,1,5,,,,,,,,,,,,,,,,,
2021+ Model,2026-08-02,822943,Tampa Bay Rays,Chicago White Sox,Tampa Bay Rays,Chicago White Sox,0,True,Final,0.5520459624922396,0.4479540375077604,0.5520459624922396,1,0,1,9,,,,,,,,,,,,,,,,,
2021+ Model,2026-08-02,823107,Seattle Mariners,Minnesota Twins,Minnesota Twins,Seattle Mariners,0,True,Final,0.4796829007915279,0.5203170992084728,0.5203170992084728,0,1,7,6,,,,,,,,,,,,,,,,,
2021+ Model,2026-08-02,823270,San Diego Padres,San Francisco Giants,San Francisco Giants,San Diego Padres,0,True,Final,0.4497703101577852,0.5502296898422158,0.5502296898422158,0,1,5,4,,,,,,,,,,,,,,,,,
2021+ Model,2026-08-02,823592,New York Mets,Miami Marlins,Miami Marlins,Miami Marlins,1,True,Final,0.4896082712980115,0.5103917287019887,0.5103917287019887,0,0,0,2,,,,,,,,,,,,,,,,,
2021+ Model,2026-08-02,823919,Los Angeles Dodgers,Boston Red Sox,Boston Red Sox,Boston Red Sox,1,True,Final,0.5027976252487251,0.4972023747512752,0.5027976252487251,0,0,4,8,,,,,,,,,,,,,,,,,
2021+ Model,2026-08-02,823996,Los Angeles Angels,Milwaukee Brewers,Milwaukee Brewers,Los Angeles Angels,0,True,Final,0.4687955142990376,0.5312044857009636,0.5312044857009636,0,1,3,0,,,,,,,,,,,,,,,,,
2021+ Model,2026-08-02,824163,Houston Astros,Texas Rangers,Houston Astros,Houston Astros,1,True,Final,0.5672189745566246,0.4327810254433753,0.5672189745566246,1,1,7,3,,,,,,,,,,,,,,,,,
2021+ Model,2026-08-02,824323,Colorado Rockies,Kansas City Royals,Kansas City Royals,Colorado Rockies,0,True,Final,0.4861546037641797,0.5138453962358204,0.5138453962358204,0,1,8,1,,,,,,,,,,,,,,,,,
2021+ Model,2026-08-02,824404,Cleveland Guardians,Arizona Diamondbacks,Arizona Diamondbacks,Cleveland Guardians,0,True,Final,0.5086555989600002,0.4913444010399996,0.5086555989600002,0,1,5,0,,,,,,,,,,,,,,,,,
2021+ Model,2026-08-02,824483,Cincinnati Reds,Pittsburgh Pirates,Cincinnati Reds,Cincinnati Reds,1,True,Final,0.5860392171756378,0.4139607828243623,0.5860392171756378,1,1,10,2,,,,,,,,,,,,,,,,,
2021+ Model,2026-08-02,824648,Chicago Cubs,New York Yankees,New York Yankees,New York Yankees,1,True,Final,0.4759218271446808,0.52407817285532,0.52407817285532,0,0,1,2,,,,,,,,,,,,,,,,,
2021+ Model,2026-08-02,824807,Baltimore Orioles,Philadelphia Phillies,Baltimore Orioles,Philadelphia Phillies,0,True,Final,0.5226723691646361,0.4773276308353651,0.5226723691646361,1,0,0,8,,,,,,,,,,,,,,,,,
2021+ Model,2026-08-02,824891,Atlanta Braves,Washington Nationals,Atlanta Braves,Atlanta Braves,1,True,Final,0.5230019107527448,0.4769980892472556,0.5230019107527448,1,1,4,2,,,,,,,,,,,,,,,,,
2021+ Model,2026-08-02,824971,Athletics,Detroit Tigers,Detroit Tigers,Detroit Tigers,1,True,Final,0.4557497012520045,0.5442502987479961,0.5442502987479961,0,0,0,11,,,,,,,,,,,,,,,,,
2021+ Model,2026-08-03,822867,Texas Rangers,San Francisco Giants,San Francisco Giants,San Francisco Giants,1,True,Final,0.5002576583388548,0.4997423416611463,0.5002576583388548,0,0,1,5,,,,,,,,,,,,,,,,,
2021+ Model,2026-08-03,823431,Philadelphia Phillies,Washington Nationals,Washington Nationals,Philadelphia Phillies,0,True,Final,0.4690800264028331,0.5309199735971677,0.5309199735971677,0,1,6,3,,,,,,,,,,,,,,,,,
2021+ Model,2026-08-03,823520,New York Yankees,St. Louis Cardinals,New York Yankees,St. Louis Cardinals,0,True,Final,0.5743961521866343,0.4256038478133656,0.5743961521866343,1,0,7,13,,,,,,,,,,,,,,,,,
2021+ Model,2026-08-03,823757,Milwaukee Brewers,Pittsburgh Pirates,Pittsburgh Pirates,Pittsburgh Pirates,1,True,Final,0.5193682632067144,0.4806317367932863,0.5193682632067144,0,0,3,4,,,,,,,,,,,,,,,,,
2021+ Model,2026-08-03,824160,Houston Astros,Toronto Blue Jays,Toronto Blue Jays,Toronto Blue Jays,1,True,Final,0.4971012824383876,0.5028987175616131,0.5028987175616131,0,0,1,3,,,,,,,,,,,,,,,,,
2021+ Model,2026-08-03,824324,Colorado Rockies,Tampa Bay Rays,Tampa Bay Rays,Tampa Bay Rays,1,True,Final,0.4728258750575515,0.527174124942449,0.527174124942449,0,0,9,13,,,,,,,,,,,,,,,,,
2021+ Model,2026-08-03,824647,Chicago Cubs,Los Angeles Dodgers,Los Angeles Dodgers,Chicago Cubs,0,True,Final,0.4634445579880564,0.5365554420119446,0.5365554420119446,0,1,10,5,,,,,,,,,,,,,,,,,
2021+ Model,2026-08-03,825095,Arizona Diamondbacks,San Diego Padres,San Diego Padres,Arizona Diamondbacks,0,True,Final,0.5076647981822054,0.4923352018177953,0.5076647981822054,0,1,5,1,,,,,,,,,,,,,,,,,
2021+ Model,2026-08-04,822865,Texas Rangers,San Francisco Giants,San Francisco Giants,Texas Rangers,0,True,Final,0.5142649775641628,0.4857350224358371,0.5142649775641628,0,1,5,4,,,,,,,,,,,,,,,,,
2021+ Model,2026-08-04,823108,Seattle Mariners,Detroit Tigers,Detroit Tigers,Detroit Tigers,1,True,Final,0.444644307885531,0.5553556921144697,0.5553556921144697,0,0,0,8,,,,,,,,,,,,,,,,,
2021+ Model,2026-08-04,823432,Philadelphia Phillies,Washington Nationals,Philadelphia Phillies,Philadelphia Phillies,1,True,Final,0.5771899323073326,0.4228100676926673,0.5771899323073326,1,1,5,0,,,,,,,,,,,,,,,,,
2021+ Model,2026-08-04,823517,New York Yankees,St. Louis Cardinals,New York Yankees,New York Yankees,1,True,Final,0.524252752062512,0.4757472479374882,0.524252752062512,1,1,2,0,,,,,,,,,,,,,,,,,
2021+ Model,2026-08-04,823756,Milwaukee Brewers,Pittsburgh Pirates,Milwaukee Brewers,Milwaukee Brewers,1,True,Final,0.6066746404173231,0.3933253595826764,0.6066746404173231,1,1,4,2,,,,,,,,,,,,,,,,,
2021+ Model,2026-08-04,824084,Kansas City Royals,Minnesota Twins,Minnesota Twins,Kansas City Royals,0,True,Final,0.4649758589538197,0.5350241410461813,0.5350241410461813,0,1,8,2,,,,,,,,,,,,,,,,,
2021+ Model,2026-08-04,824161,Houston Astros,Toronto Blue Jays,Toronto Blue Jays,Houston Astros,0,True,Final,0.5118667392421671,0.4881332607578334,0.5118667392421671,0,1,7,2,,,,,,,,,,,,,,,,,
2021+ Model,2026-08-04,824321,Colorado Rockies,Tampa Bay Rays,Tampa Bay Rays,Tampa Bay Rays,1,True,Final,0.47948732789055,0.5205126721094504,0.5205126721094504,0,0,7,9,,,,,,,,,,,,,,,,,
2021+ Model,2026-08-04,824403,Cleveland Guardians,New York Mets,New York Mets,New York Mets,1,True,Final,0.5018403573826017,0.4981596426173996,0.5018403573826017,0,0,2,6,,,,,,,,,,,,,,,,,
2021+ Model,2026-08-04,824484,Cincinnati Reds,Athletics,Cincinnati Reds,Cincinnati Reds,1,True,Final,0.5575737374955112,0.4424262625044893,0.5575737374955112,1,1,5,4,,,,,,,,,,,,,,,,,
2021+ Model,2026-08-04,824645,Chicago Cubs,Los Angeles Dodgers,Los Angeles Dodgers,Chicago Cubs,0,True,Final,0.4832609297398711,0.5167390702601301,0.5167390702601301,0,1,5,1,,,,,,,,,,,,,,,,,
2021+ Model,2026-08-04,824731,Boston Red Sox,Chicago White Sox,Chicago White Sox,Boston Red Sox,0,True,Final,0.5025630081400518,0.4974369918599488,0.5025630081400518,0,1,14,2,,,,,,,,,,,,,,,,,
2021+ Model,2026-08-04,824805,Baltimore Orioles,Los Angeles Angels,Los Angeles Angels,Baltimore Orioles,0,True,Final,0.5179277919513385,0.482072208048662,0.5179277919513385,0,1,3,1,,,,,,,,,,,,,,,,,
2021+ Model,2026-08-04,824888,Atlanta Braves,Miami Marlins,Atlanta Braves,Atlanta Braves,1,True,Final,0.5962778790610748,0.4037221209389255,0.5962778790610748,1,1,4,2,,,,,,,,,,,,,,,,,
2021+ Model,2026-08-04,825054,Arizona Diamondbacks,San Diego Padres,Arizona Diamondbacks,San Diego Padres,0,True,Final,0.5355246488767783,0.4644753511232224,0.5355246488767783,1,0,4,9,,,,,,,,,,,,,,,,,
2021+ Model,2026-08-05,822866,Texas Rangers,San Francisco Giants,San Francisco Giants,Texas Rangers,0,True,Final,0.5019869096419682,0.4980130903580324,0.5019869096419682,0,1,6,0,,,,,,,,,,,,,,,,,
2021+ Model,2026-08-05,823106,Seattle Mariners,Detroit Tigers,Detroit Tigers,Seattle Mariners,0,True,Final,0.509580009115222,0.4904199908847786,0.509580009115222,0,1,4,2,,,,,,,,,,,,,,,,,
2021+ Model,2026-08-05,823429,Philadelphia Phillies,Washington Nationals,Washington Nationals,Washington Nationals,1,True,Final,0.4770284598281073,0.5229715401718932,0.5229715401718932,0,0,4,10,,,,,,,,,,,,,,,,,
2021+ Model,2026-08-05,823516,New York Yankees,St. Louis Cardinals,New York Yankees,St. Louis Cardinals,0,True,Final,0.5213850306653699,0.4786149693346306,0.5213850306653699,1,0,1,3,,,,,,,,,,,,,,,,,
2021+ Model,2026-08-05,823753,Milwaukee Brewers,Pittsburgh Pirates,Milwaukee Brewers,Milwaukee Brewers,1,True,Final,0.5254303391685774,0.4745696608314229,0.5254303391685774,1,1,4,2,,,,,,,,,,,,,,,,,
2021+ Model,2026-08-05,824082,Kansas City Royals,Minnesota Twins,Minnesota Twins,Kansas City Royals,0,True,Final,0.4961437984067647,0.5038562015932366,0.5038562015932366,0,1,2,1,,,,,,,,,,,,,,,,,
2021+ Model,2026-08-05,824158,Houston Astros,Toronto Blue Jays,Houston Astros,Toronto Blue Jays,0,True,Final,0.560675101516887,0.4393248984831133,0.560675101516887,1,0,4,5,,,,,,,,,,,,,,,,,
2021+ Model,2026-08-05,824322,Colorado Rockies,Tampa Bay Rays,Tampa Bay Rays,Tampa Bay Rays,1,True,Final,0.4645338680342813,0.5354661319657196,0.5354661319657196,0,0,0,4,,,,,,,,,,,,,,,,,
2021+ Model,2026-08-05,824402,Cleveland Guardians,New York Mets,New York Mets,New York Mets,1,True,Final,0.4763915036968709,0.5236084963031306,0.5236084963031306,0,0,5,6,,,,,,,,,,,,,,,,,
2021+ Model,2026-08-05,824482,Cincinnati Reds,Athletics,Cincinnati Reds,Cincinnati Reds,1,True,Final,0.5954308522838315,0.4045691477161685,0.5954308522838315,1,1,3,2,,,,,,,,,,,,,,,,,
2021+ Model,2026-08-05,824646,Chicago Cubs,Los Angeles Dodgers,Los Angeles Dodgers,Chicago Cubs,0,True,Final,0.4853501061949076,0.5146498938050933,0.5146498938050933,0,1,7,6,,,,,,,,,,,,,,,,,
2021+ Model,2026-08-05,824728,Boston Red Sox,Chicago White Sox,Boston Red Sox,Boston Red Sox,1,True,Final,0.5240484492352887,0.4759515507647118,0.5240484492352887,1,1,4,0,,,,,,,,,,,,,,,,,
2021+ Model,2026-08-05,824806,Baltimore Orioles,Los Angeles Angels,Baltimore Orioles,Baltimore Orioles,1,True,Final,0.5456120261186235,0.4543879738813768,0.5456120261186235,1,1,5,2,,,,,,,,,,,,,,,,,
2021+ Model,2026-08-05,824889,Atlanta Braves,Miami Marlins,Miami Marlins,Atlanta Braves,0,True,Final,0.4939569445774938,0.5060430554225064,0.5060430554225064,0,1,4,1,,,,,,,,,,,,,,,,,
2021+ Model,2026-08-05,825052,Arizona Diamondbacks,San Diego Padres,San Diego Padres,Arizona Diamondbacks,0,True,Final,0.4994938293305381,0.5005061706694628,0.5005061706694628,0,1,10,4,,,,,,,,,,,,,,,,,
2021+ Model,2026-08-06,823105,Seattle Mariners,Detroit Tigers,Detroit Tigers,Detroit Tigers,1,True,Final,0.4576714388998275,0.5423285611001738,0.5423285611001738,0,0,0,11,,,,,,,,,,,,,,,,,
2021+ Model,2026-08-06,823430,Philadelphia Phillies,Washington Nationals,Philadelphia Phillies,Philadelphia Phillies,1,True,Final,0.5673858780708211,0.4326141219291789,0.5673858780708211,1,1,7,3,,,,,,,,,,,,,,,,,
2021+ Model,2026-08-06,823754,Milwaukee Brewers,Pittsburgh Pirates,Pittsburgh Pirates,Milwaukee Brewers,0,True,Final,0.5109554118632785,0.4890445881367216,0.5109554118632785,0,1,5,2,,,,,,,,,,,,,,,,,
2021+ Model,2026-08-06,824080,Kansas City Royals,Minnesota Twins,Kansas City Royals,Minnesota Twins,0,True,Final,0.522851545307022,0.4771484546929783,0.522851545307022,1,0,3,4,,,,,,,,,,,,,,,,,
2021+ Model,2026-08-06,824401,Cleveland Guardians,New York Mets,New York Mets,New York Mets,1,True,Final,0.5005500012667012,0.4994499987332989,0.5005500012667012,0,0,6,13,,,,,,,,,,,,,,,,,
2021+ Model,2026-08-06,824481,Cincinnati Reds,Athletics,Cincinnati Reds,Cincinnati Reds,1,True,Final,0.6145294831836923,0.3854705168163074,0.6145294831836923,1,1,6,5,,,,,,,,,,,,,,,,,
2021+ Model,2026-08-06,824664,Chicago Cubs,Toronto Blue Jays,Toronto Blue Jays,Chicago Cubs,0,True,Final,0.4620162721455307,0.5379837278544705,0.5379837278544705,0,1,3,2,,,,,,,,,,,,,,,,,
2021+ Model,2026-08-06,824729,Boston Red Sox,Chicago White Sox,Boston Red Sox,Boston Red Sox,1,True,Final,0.5470534082659949,0.4529465917340052,0.5470534082659949,1,1,12,11,,,,,,,,,,,,,,,,,
2021+ Model,2026-08-06,824804,Baltimore Orioles,Los Angeles Angels,Baltimore Orioles,Los Angeles Angels,0,True,Final,0.5271566692100356,0.4728433307899646,0.5271566692100356,1,0,1,4,,,,,,,,,,,,,,,,,
2021+ Model,2026-08-06,824885,Atlanta Braves,Miami Marlins,Atlanta Braves,Atlanta Braves,1,True,Final,0.5773677695268181,0.422632230473182,0.5773677695268181,1,1,11,3,,,,,,,,,,,,,,,,,
2021+ Model,2026-08-06,825053,Arizona Diamondbacks,San Diego Padres,San Diego Padres,San Diego Padres,1,True,Final,0.493536865731052,0.5064631342689484,0.5064631342689484,0,0,1,5,,,,,,,,,,,,,,,,,
2021+ Model,2026-08-07,822699,Washington Nationals,Cincinnati Reds,Cincinnati Reds,Washington Nationals,0,True,Final,0.4858637387897931,0.5141362612102068,0.5141362612102068,0,1,5,3,,,,,,,,,,,,,,,,,
2021+ Model,2026-08-07,822863,Texas Rangers,Baltimore Orioles,Baltimore Orioles,Texas Rangers,0,True,Final,0.4765202825020942,0.5234797174979061,0.5234797174979061,0,1,2,1,,,,,,,,,,,,,,,,,
2021+ Model,2026-08-07,823024,St. Louis Cardinals,Colorado Rockies,St. Louis Cardinals,St. Louis Cardinals,1,True,Final,0.5595655421582714,0.4404344578417286,0.5595655421582714,1,1,3,2,,,,,,,,,,,,,,,,,
2021+ Model,2026-08-07,823103,Seattle Mariners,Tampa Bay Rays,Tampa Bay Rays,Tampa Bay Rays,1,True,Final,0.447959164871638,0.552040835128363,0.552040835128363,0,0,1,2,,,,,,,,,,,,,,,,,
2021+ Model,2026-08-07,823191,San Francisco Giants,Detroit Tigers,San Francisco Giants,San Francisco Giants,1,True,Final,0.5257620265742421,0.4742379734257581,0.5257620265742421,1,1,5,2,,,,,,,,,,,,,,,,,
2021+ Model,2026-08-07,823266,San Diego Padres,Houston Astros,Houston Astros,Houston Astros,1,True,Final,0.4962892868584072,0.5037107131415933,0.5037107131415933,0,0,3,6,,,,,,,,,,,,,,,,,
2021+ Model,2026-08-07,823349,Pittsburgh Pirates,New York Mets,New York Mets,New York Mets,1,True,Final,0.4822932932438813,0.5177067067561194,0.5177067067561194,0,0,4,6,,,,,,,,,,,,,,,,,
2021+ Model,2026-08-07,823428,Philadelphia Phillies,Toronto Blue Jays,Toronto Blue Jays,Toronto Blue Jays,1,True,Final,0.4947550733546007,0.5052449266453996,0.5052449266453996,0,0,4,5,,,,,,,,,,,,,,,,,
2021+ Model,2026-08-07,823515,New York Yankees,Atlanta Braves,New York Yankees,New York Yankees,1,True,Final,0.5354751649113983,0.4645248350886011,0.5354751649113983,1,1,3,2,,,,,,,,,,,,,,,,,
2021+ Model,2026-08-07,823750,Milwaukee Brewers,Minnesota Twins,Milwaukee Brewers,Minnesota Twins,0,True,Final,0.5514398555882604,0.4485601444117394,0.5514398555882604,1,0,6,8,,,,,,,,,,,,,,,,,
2021+ Model,2026-08-07,823836,Miami Marlins,Los Angeles Angels,Miami Marlins,Los Angeles Angels,0,True,Final,0.5209868360505481,0.4790131639494521,0.5209868360505481,1,0,3,4,,,,,,,,,,,,,,,,,
2021+ Model,2026-08-07,824081,Kansas City Royals,Chicago Cubs,Chicago Cubs,Chicago Cubs,1,True,Final,0.5102871430432345,0.4897128569567657,0.5102871430432345,0,0,4,6,,,,,,,,,,,,,,,,,
2021+ Model,2026-08-07,824566,Chicago White Sox,Cleveland Guardians,Chicago White Sox,Cleveland Guardians,0,True,Final,0.5260111361338363,0.473988863866164,0.5260111361338363,1,0,2,8,,,,,,,,,,,,,,,,,
2021+ Model,2026-08-07,824727,Boston Red Sox,Athletics,Boston Red Sox,Boston Red Sox,1,True,Final,0.636962956219921,0.3630370437800785,0.636962956219921,1,1,13,1,,,,,,,,,,,,,,,,,
2021+ Model,2026-08-07,825051,Arizona Diamondbacks,Los Angeles Dodgers,Arizona Diamondbacks,Arizona Diamondbacks,1,True,Final,0.5420673054943634,0.4579326945056364,0.5420673054943634,1,1,4,3,,,,,,,,,,,,,,,,,
2021+ Model,2026-08-08,822701,Washington Nationals,Cincinnati Reds,Cincinnati Reds,Washington Nationals,0,True,Final,0.454074390751452,0.5459256092485488,0.5459256092485488,0,1,8,2,,,,,,,,,,,,,,,,,
2021+ Model,2026-08-08,822864,Texas Rangers,Baltimore Orioles,Baltimore Orioles,Texas Rangers,0,True,Final,0.5187442383136469,0.4812557616863536,0.5187442383136469,0,1,5,1,,,,,,,,,,,,,,,,,
2021+ Model,2026-08-08,823021,St. Louis Cardinals,Colorado Rockies,St. Louis Cardinals,Colorado Rockies,0,True,Final,0.5257098253214689,0.4742901746785314,0.5257098253214689,1,0,6,8,,,,,,,,,,,,,,,,,
2021+ Model,2026-08-08,823102,Seattle Mariners,Tampa Bay Rays,Tampa Bay Rays,Tampa Bay Rays,1,True,Final,0.4567744970130148,0.543225502986986,0.543225502986986,0,0,2,3,,,,,,,,,,,,,,,,,
2021+ Model,2026-08-08,823188,San Francisco Giants,Detroit Tigers,Detroit Tigers,Detroit Tigers,1,True,Final,0.5107725428548388,0.4892274571451614,0.5107725428548388,0,0,0,8,,,,,,,,,,,,,,,,,
2021+ Model,2026-08-08,823267,San Diego Padres,Houston Astros,Houston Astros,San Diego Padres,0,True,Final,0.4586049007723976,0.5413950992276031,0.5413950992276031,0,1,3,2,,,,,,,,,,,,,,,,,
2021+ Model,2026-08-08,823348,Pittsburgh Pirates,New York Mets,New York Mets,Pittsburgh Pirates,0,True,Final,0.4880690399212824,0.5119309600787181,0.5119309600787181,0,1,9,0,,,,,,,,,,,,,,,,,
2021+ Model,2026-08-08,823426,Philadelphia Phillies,Toronto Blue Jays,Toronto Blue Jays,Toronto Blue Jays,1,True,Final,0.4939648812392526,0.5060351187607479,0.5060351187607479,0,0,5,7,,,,,,,,,,,,,,,,,
2021+ Model,2026-08-08,823514,New York Yankees,Atlanta Braves,Atlanta Braves,New York Yankees,0,True,Final,0.4903714865293906,0.50962851347061,0.50962851347061,0,1,5,4,,,,,,,,,,,,,,,,,
2021+ Model,2026-08-08,823752,Milwaukee Brewers,Minnesota Twins,Milwaukee Brewers,Milwaukee Brewers,1,True,Final,0.5263486716541121,0.4736513283458886,0.5263486716541121,1,1,4,3,,,,,,,,,,,,,,,,,
2021+ Model,2026-08-08,823834,Miami Marlins,Los Angeles Angels,Los Angeles Angels,Miami Marlins,0,True,Final,0.4877441715840935,0.5122558284159076,0.5122558284159076,0,1,7,0,,,,,,,,,,,,,,,,,
2021+ Model,2026-08-08,824079,Kansas City Royals,Chicago Cubs,Chicago Cubs,Kansas City Royals,0,True,Final,0.4707146816266928,0.5292853183733085,0.5292853183733085,0,1,6,3,,,,,,,,,,,,,,,,,
2021+ Model,2026-08-08,824565,Chicago White Sox,Cleveland Guardians,Chicago White Sox,Chicago White Sox,1,True,Final,0.5230703004476874,0.4769296995523134,0.5230703004476874,1,1,6,3,,,,,,,,,,,,,,,,,
2021+ Model,2026-08-08,824726,Boston Red Sox,Athletics,Boston Red Sox,Athletics,0,True,Final,0.6657888562429877,0.3342111437570127,0.6657888562429877,1,0,3,7,,,,,,,,,,,,,,,,,
2021+ Model,2026-08-08,825049,Arizona Diamondbacks,Los Angeles Dodgers,Los Angeles Dodgers,Los Angeles Dodgers,1,True,Final,0.4937076964263765,0.5062923035736243,0.5062923035736243,0,0,1,2,,,,,,,,,,,,,,,,,
2021+ Model,2026-08-09,822700,Washington Nationals,Cincinnati Reds,Cincinnati Reds,Washington Nationals,0,True,Final,0.445298138677019,0.5547018613229819,0.5547018613229819,0,1,7,1,,,,,,,,,,,,,,,,,
2021+ Model,2026-08-09,822862,Texas Rangers,Baltimore Orioles,Baltimore Orioles,Baltimore Orioles,1,True,Final,0.5180103159575746,0.4819896840424263,0.5180103159575746,0,0,5,10,,,,,,,,,,,,,,,,,
2021+ Model,2026-08-09,823020,St. Louis Cardinals,Colorado Rockies,St. Louis Cardinals,St. Louis Cardinals,1,True,Final,0.6003668630869285,0.3996331369130709,0.6003668630869285,1,1,7,4,,,,,,,,,,,,,,,,,
2021+ Model,2026-08-09,823104,Seattle Mariners,Tampa Bay Rays,Tampa Bay Rays,Tampa Bay Rays,1,True,Final,0.4572543923651723,0.5427456076348288,0.5427456076348288,0,0,1,4,,,,,,,,,,,,,,,,,
2021+ Model,2026-08-09,823190,San Francisco Giants,Detroit Tigers,Detroit Tigers,Detroit Tigers,1,True,Final,0.5123978749846355,0.4876021250153646,0.5123978749846355,0,0,1,3,,,,,,,,,,,,,,,,,
2021+ Model,2026-08-09,823268,San Diego Padres,Houston Astros,Houston Astros,San Diego Padres,0,True,Final,0.4719849810353401,0.5280150189646605,0.5280150189646605,0,1,7,2,,,,,,,,,,,,,,,,,
2021+ Model,2026-08-09,823345,Pittsburgh Pirates,New York Mets,New York Mets,New York Mets,1,True,Final,0.4571959357668573,0.5428040642331443,0.5428040642331443,0,0,1,11,,,,,,,,,,,,,,,,,
2021+ Model,2026-08-09,823425,Philadelphia Phillies,Toronto Blue Jays,Toronto Blue Jays,Philadelphia Phillies,0,True,Final,0.4650660663040832,0.5349339336959178,0.5349339336959178,0,1,7,6,,,,,,,,,,,,,,,,,
2021+ Model,2026-08-09,823513,New York Yankees,Atlanta Braves,New York Yankees,Atlanta Braves,0,True,Final,0.5427132406798248,0.4572867593201759,0.5427132406798248,1,0,1,2,,,,,,,,,,,,,,,,,
2021+ Model,2026-08-09,823751,Milwaukee Brewers,Minnesota Twins,Milwaukee Brewers,Milwaukee Brewers,1,True,Final,0.5492615506399207,0.4507384493600795,0.5492615506399207,1,1,4,3,,,,,,,,,,,,,,,,,
2021+ Model,2026-08-09,823835,Miami Marlins,Los Angeles Angels,Los Angeles Angels,Miami Marlins,0,True,Final,0.4794600424697355,0.5205399575302654,0.5205399575302654,0,1,12,3,,,,,,,,,,,,,,,,,
2021+ Model,2026-08-09,824078,Kansas City Royals,Chicago Cubs,Chicago Cubs,Chicago Cubs,1,True,Final,0.4823767076613907,0.5176232923386102,0.5176232923386102,0,0,2,10,,,,,,,,,,,,,,,,,
2021+ Model,2026-08-09,824564,Chicago White Sox,Cleveland Guardians,Chicago White Sox,Chicago White Sox,1,True,Final,0.5300574924465162,0.4699425075534842,0.5300574924465162,1,1,5,3,,,,,,,,,,,,,,,,,
2021+ Model,2026-08-09,824724,Boston Red Sox,Athletics,Boston Red Sox,Athletics,0,True,Final,0.6103842229546481,0.3896157770453516,0.6103842229546481,1,0,3,4,,,,,,,,,,,,,,,,,
2021+ Model,2026-08-09,825050,Arizona Diamondbacks,Los Angeles Dodgers,Arizona Diamondbacks,Arizona Diamondbacks,1,True,Final,0.5262118301731475,0.4737881698268532,0.5262118301731475,1,1,4,2,,,,,,,,,,,,,,,,,
2021+ Model,2026-08-10,822780,Toronto Blue Jays,Boston Red Sox,Boston Red Sox,Toronto Blue Jays,0,True,Final,0.4572288017664264,0.5427711982335742,0.5427711982335742,0,1,2,1,,,,,,,,,,,,,,,,,
2021+ Model,2026-08-10,823018,St. Louis Cardinals,Philadelphia Phillies,St. Louis Cardinals,Philadelphia Phillies,0,True,Final,0.5786202347288502,0.4213797652711503,0.5786202347288502,1,0,5,6,,,,,,,,,,,,,,,,,
2021+ Model,2026-08-10,823189,San Francisco Giants,Houston Astros,Houston Astros,Houston Astros,1,True,Final,0.4453846163786248,0.5546153836213757,0.5546153836213757,0,0,3,6,,,,,,,,,,,,,,,,,
2021+ Model,2026-08-10,823265,San Diego Padres,Milwaukee Brewers,Milwaukee Brewers,San Diego Padres,0,True,Final,0.4590507315922683,0.540949268407733,0.540949268407733,0,1,3,2,,,,,,,,,,,,,,,,,
2021+ Model,2026-08-10,823675,Minnesota Twins,Baltimore Orioles,Baltimore Orioles,Minnesota Twins,0,True,Final,0.5032565988273441,0.4967434011726571,0.5032565988273441,0,1,9,5,,,,,,,,,,,,,,,,,
2021+ Model,2026-08-10,823918,Los Angeles Dodgers,Kansas City Royals,Los Angeles Dodgers,Los Angeles Dodgers,1,True,Final,0.5302739325462421,0.4697260674537581,0.5302739325462421,1,1,6,5,,,,,,,,,,,,,,,,,
2021+ Model,2026-08-10,823998,Los Angeles Angels,Texas Rangers,Texas Rangers,Texas Rangers,1,True,Final,0.4911796185200652,0.5088203814799358,0.5088203814799358,0,0,1,4,,,,,,,,,,,,,,,,,
2021+ Model,2026-08-10,824887,Atlanta Braves,New York Mets,New York Mets,New York Mets,1,True,Final,0.4985121637965627,0.501487836203438,0.501487836203438,0,0,5,8,,,,,,,,,,,,,,,,,
2021+ Model,2026-08-10,824969,Athletics,Tampa Bay Rays,Tampa Bay Rays,Tampa Bay Rays,1,True,Final,0.4551374681968403,0.54486253180316,0.54486253180316,0,0,6,10,,,,,,,,,,,,,,,,,
2021+ Model,2026-08-10,825048,Arizona Diamondbacks,Colorado Rockies,Arizona Diamondbacks,Arizona Diamondbacks,1,True,Final,0.5430682379032568,0.4569317620967437,0.5430682379032568,1,1,9,0,,,,,,,,,,,,,,,,,
2021+ Model,2026-08-11,822697,Washington Nationals,Chicago Cubs,Chicago Cubs,Chicago Cubs,1,True,Final,0.4430196806866325,0.5569803193133682,0.5569803193133682,0,0,6,8,,,,,,,,,,,,,,,,,
2021+ Model,2026-08-11,822778,Toronto Blue Jays,Boston Red Sox,Boston Red Sox,Toronto Blue Jays,0,True,Final,0.4558336101892752,0.5441663898107254,0.5441663898107254,0,1,5,3,,,,,,,,,,,,,,,,,
2021+ Model,2026-08-11,823019,St. Louis Cardinals,Philadelphia Phillies,Philadelphia Phillies,St. Louis Cardinals,0,True,Final,0.5119449462491308,0.4880550537508697,0.5119449462491308,0,1,2,0,,,,,,,,,,,,,,,,,
2021+ Model,2026-08-11,823186,San Francisco Giants,Houston Astros,Houston Astros,San Francisco Giants,0,True,Final,0.4379304259078876,0.5620695740921132,0.5620695740921132,0,1,4,1,,,,,,,,,,,,,,,,,
2021+ Model,2026-08-11,823264,San Diego Padres,Milwaukee Brewers,Milwaukee Brewers,San Diego Padres,0,True,Final,0.4854794082577605,0.5145205917422406,0.5145205917422406,0,1,11,2,,,,,,,,,,,,,,,,,
2021+ Model,2026-08-11,823512,New York Yankees,Seattle Mariners,Seattle Mariners,New York Yankees,0,True,Final,0.5163211559059914,0.4836788440940088,0.5163211559059914,0,1,4,1,,,,,,,,,,,,,,,,,
2021+ Model,2026-08-11,823673,Minnesota Twins,Baltimore Orioles,Baltimore Orioles,Baltimore Orioles,1,True,Final,0.4995659537593594,0.5004340462406414,0.5004340462406414,0,0,2,5,,,,,,,,,,,,,,,,,
2021+ Model,2026-08-11,823832,Miami Marlins,Pittsburgh Pirates,Miami Marlins,Miami Marlins,1,True,Final,0.5232719279820834,0.4767280720179171,0.5232719279820834,1,1,2,0,,,,,,,,,,,,,,,,,
2021+ Model,2026-08-11,823917,Los Angeles Dodgers,Kansas City Royals,Los Angeles Dodgers,Los Angeles Dodgers,1,True,Final,0.5254985930979988,0.4745014069020016,0.5254985930979988,1,1,5,4,,,,,,,,,,,,,,,,,
2021+ Model,2026-08-11,823997,Los Angeles Angels,Texas Rangers,Texas Rangers,Los Angeles Angels,0,True,Final,0.4843329281481586,0.515667071851842,0.515667071851842,0,1,3,2,,,,,,,,,,,,,,,,,
2021+ Model,2026-08-11,824240,Detroit Tigers,Cleveland Guardians,Cleveland Guardians,Detroit Tigers,0,True,Final,0.501077278434662,0.4989227215653386,0.501077278434662,0,1,6,4,,,,,,,,,,,,,,,,,
2021+ Model,2026-08-11,824563,Chicago White Sox,Cincinnati Reds,Cincinnati Reds,Cincinnati Reds,1,True,Final,0.4891907098750052,0.5108092901249955,0.5108092901249955,0,0,4,5,,,,,,,,,,,,,,,,,
2021+ Model,2026-08-11,824886,Atlanta Braves,New York Mets,New York Mets,Atlanta Braves,0,True,Final,0.5103769032164737,0.4896230967835269,0.5103769032164737,0,1,4,0,,,,,,,,,,,,,,,,,
2021+ Model,2026-08-11,824970,Athletics,Tampa Bay Rays,Tampa Bay Rays,Tampa Bay Rays,1,True,Final,0.4328924026643914,0.5671075973356091,0.5671075973356091,0,0,4,12,,,,,,,,,,,,,,,,,
2021+ Model,2026-08-11,825046,Arizona Diamondbacks,Colorado Rockies,Arizona Diamondbacks,Colorado Rockies,0,True,Final,0.6212637941831856,0.3787362058168148,0.6212637941831856,1,0,2,3,,,,,,,,,,,,,,,,,
2021+ Model,2026-08-12,822698,Washington Nationals,Chicago Cubs,Chicago Cubs,Chicago Cubs,1,True,Final,0.4684121135833429,0.5315878864166581,0.5315878864166581,0,0,6,12,,,,,,,,,,,,,,,,,
2021+ Model,2026-08-12,822779,Toronto Blue Jays,Boston Red Sox,Boston Red Sox,Toronto Blue Jays,0,True,Final,0.4439001976318329,0.5560998023681678,0.5560998023681678,0,1,6,4,,,,,,,,,,,,,,,,,
2021+ Model,2026-08-12,823017,St. Louis Cardinals,Philadelphia Phillies,St. Louis Cardinals,St. Louis Cardinals,1,True,Final,0.5584027085699086,0.441597291430092,0.5584027085699086,1,1,7,1,,,,,,,,,,,,,,,,,
2021+ Model,2026-08-12,823187,San Francisco Giants,Houston Astros,Houston Astros,Houston Astros,1,True,Final,0.4572095344926033,0.5427904655073978,0.5427904655073978,0,0,1,2,,,,,,,,,,,,,,,,,
2021+ Model,2026-08-12,823263,San Diego Padres,Milwaukee Brewers,Milwaukee Brewers,San Diego Padres,0,True,Final,0.4903927037311412,0.5096072962688594,0.5096072962688594,0,1,4,3,,,,,,,,,,,,,,,,,
2021+ Model,2026-08-12,823511,New York Yankees,Seattle Mariners,Seattle Mariners,New York Yankees,0,True,Final,0.5039899153285683,0.4960100846714315,0.5039899153285683,0,1,10,5,,,,,,,,,,,,,,,,,
2021+ Model,2026-08-12,823672,Minnesota Twins,Baltimore Orioles,Baltimore Orioles,Minnesota Twins,0,True,Final,0.4841860668997518,0.5158139331002487,0.5158139331002487,0,1,7,5,,,,,,,,,,,,,,,,,
2021+ Model,2026-08-12,823833,Miami Marlins,Pittsburgh Pirates,Miami Marlins,Miami Marlins,1,True,Final,0.5276204204591497,0.4723795795408507,0.5276204204591497,1,1,8,2,,,,,,,,,,,,,,,,,
2021+ Model,2026-08-12,823916,Los Angeles Dodgers,Kansas City Royals,Los Angeles Dodgers,Los Angeles Dodgers,1,True,Final,0.5245549791169222,0.4754450208830778,0.5245549791169222,1,1,4,2,,,,,,,,,,,,,,,,,
2021+ Model,2026-08-12,823994,Los Angeles Angels,Texas Rangers,Texas Rangers,Los Angeles Angels,0,True,Final,0.4981638699626804,0.5018361300373202,0.5018361300373202,0,1,5,2,,,,,,,,,,,,,,,,,
2021+ Model,2026-08-12,824241,Detroit Tigers,Cleveland Guardians,Detroit Tigers,Cleveland Guardians,0,True,Final,0.5240775990036568,0.4759224009963433,0.5240775990036568,1,0,4,6,,,,,,,,,,,,,,,,,
2021+ Model,2026-08-12,824562,Chicago White Sox,Cincinnati Reds,Cincinnati Reds,Chicago White Sox,0,True,Final,0.4950428883498582,0.5049571116501426,0.5049571116501426,0,1,5,0,,,,,,,,,,,,,,,,,
2021+ Model,2026-08-12,824883,Atlanta Braves,New York Mets,New York Mets,Atlanta Braves,0,True,Final,0.5042211113863246,0.4957788886136757,0.5042211113863246,0,1,6,3,,,,,,,,,,,,,,,,,
2021+ Model,2026-08-12,824967,Athletics,Tampa Bay Rays,Tampa Bay Rays,Tampa Bay Rays,1,True,Final,0.4190466484368519,0.5809533515631484,0.5809533515631484,0,0,4,8,,,,,,,,,,,,,,,,,
2021+ Model,2026-08-12,825047,Arizona Diamondbacks,Colorado Rockies,Arizona Diamondbacks,Colorado Rockies,0,True,Final,0.6040133121197622,0.3959866878802377,0.6040133121197622,1,0,4,6,,,,,,,,,,,,,,,,,
2021+ Model,2026-08-13,822696,Washington Nationals,Chicago Cubs,Chicago Cubs,Washington Nationals,0,True,Final,0.4974167641559941,0.5025832358440063,0.5025832358440063,0,1,7,0,,,,,,,,,,,,,,,,,
2021+ Model,2026-08-13,822776,Toronto Blue Jays,Boston Red Sox,Boston Red Sox,Boston Red Sox,1,True,Final,0.4703123954828485,0.5296876045171519,0.5296876045171519,0,0,0,7,,,,,,,,,,,,,,,,,
2021+ Model,2026-08-13,823508,New York Yankees,Seattle Mariners,New York Yankees,Seattle Mariners,0,True,Final,0.5552200063399123,0.4447799936600874,0.5552200063399123,1,0,0,1,,,,,,,,,,,,,,,,,
2021+ Model,2026-08-13,823669,Minnesota Twins,Philadelphia Phillies,Minnesota Twins,Philadelphia Phillies,0,True,Final,0.5286658078223406,0.4713341921776595,0.5286658078223406,1,0,1,7,,,,,,,,,,,,,,,,,
2021+ Model,2026-08-13,823829,Miami Marlins,Pittsburgh Pirates,Miami Marlins,Pittsburgh Pirates,0,True,Final,0.5481877774559569,0.4518122225440437,0.5481877774559569,1,0,1,13,,,,,,,,,,,,,,,,,
2021+ Model,2026-08-13,823915,Los Angeles Dodgers,Milwaukee Brewers,Milwaukee Brewers,Milwaukee Brewers,1,True,Final,0.5191101832987148,0.4808898167012852,0.5191101832987148,0,0,4,5,,,,,,,,,,,,,,,,,
2021+ Model,2026-08-13,823995,Los Angeles Angels,Texas Rangers,Texas Rangers,Los Angeles Angels,0,True,Final,0.4834538755699778,0.5165461244300228,0.5165461244300228,0,1,7,0,,,,,,,,,,,,,,,,,
2021+ Model,2026-08-13,824238,Detroit Tigers,Cleveland Guardians,Detroit Tigers,Detroit Tigers,1,True,Final,0.5287012162499878,0.4712987837500125,0.5287012162499878,1,1,3,0,,,,,,,,,,,,,,,,,
2021+ Model,2026-08-13,824561,Chicago White Sox,Cincinnati Reds,Cincinnati Reds,Cincinnati Reds,1,True,Final,0.4980952308386177,0.5019047691613829,0.5019047691613829,0,0,8,9,,,,,,,,,,,,,,,,,
2021+ Model,2026-08-14,822777,Toronto Blue Jays,New York Yankees,New York Yankees,Toronto Blue Jays,0,True,Final,0.507656406108584,0.4923435938914164,0.507656406108584,0,1,3,1,,,,,,,,,,,,,,,,,
2021+ Model,2026-08-14,822942,Tampa Bay Rays,Baltimore Orioles,Tampa Bay Rays,Baltimore Orioles,0,True,Final,0.5654459739310017,0.4345540260689982,0.5654459739310017,1,0,5,6,,,,,,,,,,,,,,,,,
2021+ Model,2026-08-14,823185,San Francisco Giants,Colorado Rockies,San Francisco Giants,Colorado Rockies,0,True,Final,0.5966594121678251,0.403340587832175,0.5966594121678251,1,0,2,5,,,,,,,,,,,,,,,,,
2021+ Model,2026-08-14,823346,Pittsburgh Pirates,Boston Red Sox,Boston Red Sox,Pittsburgh Pirates,0,True,Final,0.4330120803577869,0.5669879196422135,0.5669879196422135,0,1,8,4,,,,,,,,,,,,,,,,,
2021+ Model,2026-08-14,823591,New York Mets,Washington Nationals,Washington Nationals,New York Mets,0,True,Final,0.4861060521789153,0.5138939478210851,0.5138939478210851,0,1,4,1,,,,,,,,,,,,,,,,,
2021+ Model,2026-08-14,823913,Los Angeles Dodgers,Milwaukee Brewers,Los Angeles Dodgers,Los Angeles Dodgers,1,True,Final,0.5560962758362745,0.4439037241637254,0.5560962758362745,1,1,3,1,,,,,,,,,,,,,,,,,
2021+ Model,2026-08-14,823993,Los Angeles Angels,Kansas City Royals,Kansas City Royals,Kansas City Royals,1,True,Final,0.494484226821946,0.5055157731780542,0.5055157731780542,0,0,6,7,,,,,,,,,,,,,,,,,
2021+ Model,2026-08-14,824159,Houston Astros,Seattle Mariners,Seattle Mariners,Houston Astros,0,True,Final,0.4892029325069721,0.5107970674930281,0.5107970674930281,0,1,10,7,,,,,,,,,,,,,,,,,
2021+ Model,2026-08-14,824237,Detroit Tigers,Chicago White Sox,Chicago White Sox,Chicago White Sox,1,True,Final,0.4856829551771667,0.5143170448228338,0.5143170448228338,0,0,5,9,,,,,,,,,,,,,,,,,
2021+ Model,2026-08-14,824399,Cleveland Guardians,San Diego Padres,San Diego Padres,San Diego Padres,1,True,Final,0.483068637303203,0.5169313626967973,0.5169313626967973,0,0,5,7,,,,,,,,,,,,,,,,,
2021+ Model,2026-08-14,824479,Cincinnati Reds,Miami Marlins,Cincinnati Reds,Cincinnati Reds,1,True,Final,0.543248573139039,0.4567514268609615,0.543248573139039,1,1,1,0,,,,,,,,,,,,,,,,,
2021+ Model,2026-08-14,824643,Chicago Cubs,St. Louis Cardinals,St. Louis Cardinals,Chicago Cubs,0,True,Final,0.4974812771273255,0.5025187228726744,0.5025187228726744,0,1,3,0,,,,,,,,,,,,,,,,,
2021+ Model,2026-08-14,824882,Atlanta Braves,Arizona Diamondbacks,Atlanta Braves,Arizona Diamondbacks,0,True,Final,0.553533142861424,0.4464668571385758,0.553533142861424,1,0,0,2,,,,,,,,,,,,,,,,,
2021+ Model,2026-08-14,824968,Athletics,Texas Rangers,Texas Rangers,Athletics,0,True,Final,0.4427015787274805,0.5572984212725198,0.5572984212725198,0,1,8,3,,,,,,,,,,,,,,,,,
2021+ Model,2026-08-15,822775,Toronto Blue Jays,New York Yankees,New York Yankees,Toronto Blue Jays,0,True,Final,0.4742724228921959,0.525727577107804,0.525727577107804,0,1,4,1,,,,,,,,,,,,,,,,,
2021+ Model,2026-08-15,822941,Tampa Bay Rays,Baltimore Orioles,Tampa Bay Rays,Baltimore Orioles,0,True,Final,0.5627118315940429,0.4372881684059569,0.5627118315940429,1,0,3,4,,,,,,,,,,,,,,,,,
2021+ Model,2026-08-15,823184,San Francisco Giants,Colorado Rockies,San Francisco Giants,San Francisco Giants,1,True,Final,0.5947669292106255,0.4052330707893749,0.5947669292106255,1,1,7,1,,,,,,,,,,,,,,,,,
2021+ Model,2026-08-15,823347,Pittsburgh Pirates,Boston Red Sox,Boston Red Sox,Boston Red Sox,1,True,Final,0.4567988927139669,0.5432011072860335,0.5432011072860335,0,0,0,4,,,,,,,,,,,,,,,,,
2021+ Model,2026-08-15,823588,New York Mets,Washington Nationals,New York Mets,New York Mets,1,True,Final,0.522404806530176,0.4775951934698243,0.522404806530176,1,1,5,4,,,,,,,,,,,,,,,,,
2021+ Model,2026-08-15,823671,Minnesota Twins,Philadelphia Phillies,Philadelphia Phillies,Philadelphia Phillies,1,True,Final,0.5031163866627814,0.4968836133372188,0.5031163866627814,0,0,1,9,,,,,,,,,,,,,,,,,
2021+ Model,2026-08-15,823914,Los Angeles Dodgers,Milwaukee Brewers,Los Angeles Dodgers,Milwaukee Brewers,0,True,Final,0.5345720464009772,0.4654279535990228,0.5345720464009772,1,0,1,4,,,,,,,,,,,,,,,,,
2021+ Model,2026-08-15,823990,Los Angeles Angels,Kansas City Royals,Kansas City Royals,Los Angeles Angels,0,True,Final,0.5066842874406404,0.4933157125593593,0.5066842874406404,0,1,1,0,,,,,,,,,,,,,,,,,
2021+ Model,2026-08-15,824157,Houston Astros,Seattle Mariners,Seattle Mariners,Seattle Mariners,1,True,Final,0.5184311172686621,0.4815688827313384,0.5184311172686621,0,0,5,10,,,,,,,,,,,,,,,,,
2021+ Model,2026-08-15,824239,Detroit Tigers,Chicago White Sox,Chicago White Sox,Chicago White Sox,1,True,Final,0.5026051676154698,0.49739483238453,0.5026051676154698,0,0,3,4,,,,,,,,,,,,,,,,,
2021+ Model,2026-08-15,824400,Cleveland Guardians,San Diego Padres,San Diego Padres,Cleveland Guardians,0,True,Final,0.476822265666137,0.5231777343338632,0.5231777343338632,0,1,6,1,,,,,,,,,,,,,,,,,
2021+ Model,2026-08-15,824480,Cincinnati Reds,Miami Marlins,Cincinnati Reds,Miami Marlins,0,True,Final,0.5545274248502412,0.4454725751497593,0.5545274248502412,1,0,4,8,,,,,,,,,,,,,,,,,
2021+ Model,2026-08-15,824644,Chicago Cubs,St. Louis Cardinals,St. Louis Cardinals,St. Louis Cardinals,1,True,Final,0.4650986441326666,0.5349013558673338,0.5349013558673338,0,0,4,8,,,,,,,,,,,,,,,,,
2021+ Model,2026-08-15,824884,Atlanta Braves,Arizona Diamondbacks,Arizona Diamondbacks,Arizona Diamondbacks,1,True,Final,0.5083169402287193,0.4916830597712808,0.5083169402287193,0,0,3,10,,,,,,,,,,,,,,,,,
2021+ Model,2026-08-15,824966,Athletics,Texas Rangers,Texas Rangers,Texas Rangers,1,True,Final,0.480651351121604,0.5193486488783966,0.5193486488783966,0,0,3,5,,,,,,,,,,,,,,,,,
2021+ Model,2026-08-16,822774,Toronto Blue Jays,New York Yankees,Toronto Blue Jays,New York Yankees,0,True,Final,0.5464607955908313,0.4535392044091688,0.5464607955908313,1,0,3,4,,,,,,,,,,,,,,,,,
2021+ Model,2026-08-16,822940,Tampa Bay Rays,Baltimore Orioles,Tampa Bay Rays,Baltimore Orioles,0,True,Final,0.548412936493943,0.4515870635060572,0.548412936493943,1,0,2,10,,,,,,,,,,,,,,,,,
2021+ Model,2026-08-16,823182,San Francisco Giants,Colorado Rockies,San Francisco Giants,Colorado Rockies,0,True,Final,0.5556751372890044,0.4443248627109959,0.5556751372890044,1,0,7,13,,,,,,,,,,,,,,,,,
2021+ Model,2026-08-16,823344,Pittsburgh Pirates,Boston Red Sox,Boston Red Sox,Pittsburgh Pirates,0,True,Final,0.454531740135691,0.5454682598643095,0.5454682598643095,0,1,8,3,,,,,,,,,,,,,,,,,
2021+ Model,2026-08-16,823590,New York Mets,Washington Nationals,New York Mets,New York Mets,1,True,Final,0.592700630371811,0.4072993696281888,0.592700630371811,1,1,4,3,,,,,,,,,,,,,,,,,
2021+ Model,2026-08-16,823670,Minnesota Twins,Philadelphia Phillies,Minnesota Twins,Philadelphia Phillies,0,True,Final,0.5501212079737119,0.4498787920262881,0.5501212079737119,1,0,5,7,,,,,,,,,,,,,,,,,
2021+ Model,2026-08-16,823912,Los Angeles Dodgers,Milwaukee Brewers,Milwaukee Brewers,Milwaukee Brewers,1,True,Final,0.516607553105359,0.4833924468946417,0.516607553105359,0,0,2,6,,,,,,,,,,,,,,,,,
2021+ Model,2026-08-16,823991,Los Angeles Angels,Kansas City Royals,Kansas City Royals,Kansas City Royals,1,True,Final,0.4868971922305417,0.5131028077694589,0.5131028077694589,0,0,0,3,,,,,,,,,,,,,,,,,
2021+ Model,2026-08-16,824156,Houston Astros,Seattle Mariners,Seattle Mariners,Seattle Mariners,1,True,Final,0.512090282951631,0.4879097170483698,0.512090282951631,0,0,2,3,,,,,,,,,,,,,,,,,
2021+ Model,2026-08-16,824236,Detroit Tigers,Chicago White Sox,Chicago White Sox,Chicago White Sox,1,True,Final,0.4883892787783076,0.5116107212216934,0.5116107212216934,0,0,5,7,,,,,,,,,,,,,,,,,
2021+ Model,2026-08-16,824397,Cleveland Guardians,San Diego Padres,San Diego Padres,San Diego Padres,1,True,Final,0.4847797508902637,0.5152202491097374,0.5152202491097374,0,0,0,5,,,,,,,,,,,,,,,,,
2021+ Model,2026-08-16,824477,Cincinnati Reds,Miami Marlins,Miami Marlins,Miami Marlins,1,True,Final,0.5141903934506062,0.4858096065493945,0.5141903934506062,0,0,1,7,,,,,,,,,,,,,,,,,
2021+ Model,2026-08-16,824642,Chicago Cubs,St. Louis Cardinals,St. Louis Cardinals,St. Louis Cardinals,1,True,Final,0.4615033257513131,0.5384966742486884,0.5384966742486884,0,0,4,11,,,,,,,,,,,,,,,,,
2021+ Model,2026-08-16,824880,Atlanta Braves,Arizona Diamondbacks,Arizona Diamondbacks,Atlanta Braves,0,True,Final,0.4961134586646878,0.503886541335313,0.503886541335313,0,1,5,3,,,,,,,,,,,,,,,,,
2021+ Model,2026-08-16,824965,Athletics,Texas Rangers,Texas Rangers,Athletics,0,True,Final,0.4694499593888757,0.5305500406111257,0.5305500406111257,0,1,5,2,,,,,,,,,,,,,,,,,
2021+ Model,2026-08-17,822939,Tampa Bay Rays,Baltimore Orioles,Tampa Bay Rays,Tampa Bay Rays,1,True,Final,0.6092037987806145,0.3907962012193855,0.6092037987806145,1,1,7,6,,,,,,,,,,,,,,,,,
2021+ Model,2026-08-17,823343,Pittsburgh Pirates,Detroit Tigers,Detroit Tigers,Detroit Tigers,1,True,Final,0.450702272045233,0.5492977279547682,0.5492977279547682,0,0,5,8,,,,,,,,,,,,,,,,,
2021+ Model,2026-08-17,823427,Philadelphia Phillies,Miami Marlins,Philadelphia Phillies,Philadelphia Phillies,1,True,Final,0.5464196731287532,0.4535803268712474,0.5464196731287532,1,1,6,5,,,,,,,,,,,,,,,,,
2021+ Model,2026-08-17,823589,New York Mets,San Diego Padres,New York Mets,New York Mets,1,True,Final,0.5590417649808804,0.4409582350191199,0.5590417649808804,1,1,2,1,,,,,,,,,,,,,,,,,
2021+ Model,2026-08-17,823668,Minnesota Twins,Atlanta Braves,Atlanta Braves,Minnesota Twins,0,True,Final,0.4511755052574456,0.5488244947425553,0.5488244947425553,0,1,4,2,,,,,,,,,,,,,,,,,
2021+ Model,2026-08-17,824077,Kansas City Royals,Athletics,Kansas City Royals,Kansas City Royals,1,True,Final,0.5887255120021652,0.4112744879978347,0.5887255120021652,1,1,9,5,,,,,,,,,,,,,,,,,
2021+ Model,2026-08-17,824320,Colorado Rockies,Los Angeles Dodgers,Los Angeles Dodgers,Los Angeles Dodgers,1,True,Final,0.4734394626293126,0.5265605373706879,0.5265605373706879,0,0,5,11,,,,,,,,,,,,,,,,,
2021+ Model,2026-08-17,824478,Cincinnati Reds,St. Louis Cardinals,St. Louis Cardinals,Cincinnati Reds,0,True,Final,0.4791438127875839,0.5208561872124173,0.5208561872124173,0,1,6,5,,,,,,,,,,,,,,,,,
2021+ Model,2026-08-17,824514,Cincinnati Reds,St. Louis Cardinals,St. Louis Cardinals,St. Louis Cardinals,1,True,Final,0.4607165753525588,0.5392834246474426,0.5392834246474426,0,0,1,2,,,,,,,,,,,,,,,,,
2021+ Model,2026-08-17,824641,Chicago Cubs,Chicago White Sox,Chicago Cubs,Chicago Cubs,1,True,Final,0.5613821178315103,0.4386178821684901,0.5613821178315103,1,1,7,5,,,,,,,,,,,,,,,,,
2021+ Model,2026-08-17,824725,Boston Red Sox,Arizona Diamondbacks,Boston Red Sox,Boston Red Sox,1,True,Final,0.5440665459485947,0.4559334540514056,0.5440665459485947,1,1,11,1,,,,,,,,,,,,,,,,,
2021+ Model,2026-08-18,822859,Texas Rangers,Washington Nationals,Washington Nationals,Texas Rangers,0,True,Final,0.4851959875499082,0.5148040124500929,0.5148040124500929,0,1,5,0,,,,,,,,,,,,,,,,,
2021+ Model,2026-08-18,822938,Tampa Bay Rays,Toronto Blue Jays,Tampa Bay Rays,Toronto Blue Jays,0,True,Final,0.536672012906118,0.4633279870938823,0.536672012906118,1,0,5,10,,,,,,,,,,,,,,,,,
2021+ Model,2026-08-18,823341,Pittsburgh Pirates,Detroit Tigers,Detroit Tigers,Pittsburgh Pirates,0,True,Final,0.4593008941879231,0.5406991058120783,0.5406991058120783,0,1,4,1,,,,,,,,,,,,,,,,,
2021+ Model,2026-08-18,823423,Philadelphia Phillies,Miami Marlins,Miami Marlins,Philadelphia Phillies,0,True,Final,0.4864791677352069,0.5135208322647938,0.5135208322647938,0,1,6,4,,,,,,,,,,,,,,,,,
2021+ Model,2026-08-18,823586,New York Mets,San Diego Padres,San Diego Padres,San Diego Padres,1,True,Final,0.5069264374343293,0.4930735625656718,0.5069264374343293,0,0,2,5,,,,,,,,,,,,,,,,,
2021+ Model,2026-08-18,823667,Minnesota Twins,Atlanta Braves,Atlanta Braves,Minnesota Twins,0,True,Final,0.4593917283490968,0.5406082716509044,0.5406082716509044,0,1,4,1,,,,,,,,,,,,,,,,,
2021+ Model,2026-08-18,823749,Milwaukee Brewers,Seattle Mariners,Seattle Mariners,Milwaukee Brewers,0,True,Final,0.5115514613230021,0.4884485386769986,0.5115514613230021,0,1,22,0,,,,,,,,,,,,,,,,,
2021+ Model,2026-08-18,824075,Kansas City Royals,Athletics,Kansas City Royals,Kansas City Royals,1,True,Final,0.5367742793192045,0.4632257206807952,0.5367742793192045,1,1,4,3,,,,,,,,,,,,,,,,,
2021+ Model,2026-08-18,824154,Houston Astros,Los Angeles Angels,Los Angeles Angels,Los Angeles Angels,1,True,Final,0.5196758465911425,0.4803241534088586,0.5196758465911425,0,0,1,3,,,,,,,,,,,,,,,,,
2021+ Model,2026-08-18,824319,Colorado Rockies,Los Angeles Dodgers,Los Angeles Dodgers,Los Angeles Dodgers,1,True,Final,0.4975829944799078,0.5024170055200928,0.5024170055200928,0,0,6,7,,,,,,,,,,,,,,,,,
2021+ Model,2026-08-18,824398,Cleveland Guardians,San Francisco Giants,San Francisco Giants,Cleveland Guardians,0,True,Final,0.5132930920589831,0.4867069079410175,0.5132930920589831,0,1,8,1,,,,,,,,,,,,,,,,,
2021+ Model,2026-08-18,824475,Cincinnati Reds,St. Louis Cardinals,St. Louis Cardinals,St. Louis Cardinals,1,True,Final,0.4424084354058252,0.5575915645941766,0.5575915645941766,0,0,0,3,,,,,,,,,,,,,,,,,
2021+ Model,2026-08-18,824639,Chicago Cubs,Chicago White Sox,Chicago White Sox,Chicago Cubs,0,True,Final,0.4987386886922343,0.501261311307767,0.501261311307767,0,1,4,3,,,,,,,,,,,,,,,,,
2021+ Model,2026-08-18,824723,Boston Red Sox,Arizona Diamondbacks,Boston Red Sox,Boston Red Sox,1,True,Final,0.539339509519783,0.4606604904802178,0.539339509519783,1,1,9,4,,,,,,,,,,,,,,,,,
2021+ Model,2026-08-18,824803,Baltimore Orioles,New York Yankees,New York Yankees,New York Yankees,1,True,Final,0.4655907918495415,0.5344092081504588,0.5344092081504588,0,0,1,3,,,,,,,,,,,,,,,,,
2021+ Model,2026-08-19,822860,Texas Rangers,Washington Nationals,Washington Nationals,Washington Nationals,1,True,Final,0.499109377151172,0.5008906228488291,0.5008906228488291,0,0,0,6,,,,,,,,,,,,,,,,,
2021+ Model,2026-08-19,822937,Tampa Bay Rays,Toronto Blue Jays,Tampa Bay Rays,Tampa Bay Rays,1,True,Final,0.5550140444476551,0.444985955552345,0.5550140444476551,1,1,7,6,,,,,,,,,,,,,,,,,
2021+ Model,2026-08-19,823342,Pittsburgh Pirates,Detroit Tigers,Detroit Tigers,Pittsburgh Pirates,0,True,Final,0.4788870282550173,0.5211129717449839,0.5211129717449839,0,1,4,3,,,,,,,,,,,,,,,,,
2021+ Model,2026-08-19,823424,Philadelphia Phillies,Miami Marlins,Philadelphia Phillies,Philadelphia Phillies,1,True,Final,0.5231276609456782,0.4768723390543226,0.5231276609456782,1,1,4,1,,,,,,,,,,,,,,,,,
2021+ Model,2026-08-19,823587,New York Mets,San Diego Padres,San Diego Padres,New York Mets,0,True,Final,0.493560261842762,0.5064397381572392,0.5064397381572392,0,1,4,2,,,,,,,,,,,,,,,,,
2021+ Model,2026-08-19,823664,Minnesota Twins,Atlanta Braves,Atlanta Braves,Minnesota Twins,0,True,Final,0.4767290115195411,0.5232709884804597,0.5232709884804597,0,1,6,4,,,,,,,,,,,,,,,,,
2021+ Model,2026-08-19,823748,Milwaukee Brewers,Seattle Mariners,Seattle Mariners,Seattle Mariners,1,True,Final,0.505556153685207,0.4944438463147945,0.505556153685207,0,0,5,7,,,,,,,,,,,,,,,,,
2021+ Model,2026-08-19,824076,Kansas City Royals,Athletics,Kansas City Royals,Kansas City Royals,1,True,Final,0.5624852121826762,0.4375147878173236,0.5624852121826762,1,1,9,7,,,,,,,,,,,,,,,,,
2021+ Model,2026-08-19,824155,Houston Astros,Los Angeles Angels,Los Angeles Angels,Houston Astros,0,True,Final,0.4812147712020392,0.5187852287979626,0.5187852287979626,0,1,3,2,,,,,,,,,,,,,,,,,
2021+ Model,2026-08-19,824318,Colorado Rockies,Los Angeles Dodgers,Los Angeles Dodgers,Los Angeles Dodgers,1,True,Final,0.4867944882448487,0.5132055117551519,0.5132055117551519,0,0,4,6,,,,,,,,,,,,,,,,,
2021+ Model,2026-08-19,824394,Cleveland Guardians,San Francisco Giants,San Francisco Giants,San Francisco Giants,1,True,Final,0.4515052401911507,0.548494759808851,0.548494759808851,0,0,0,1,,,,,,,,,,,,,,,,,
2021+ Model,2026-08-19,824476,Cincinnati Reds,St. Louis Cardinals,St. Louis Cardinals,Cincinnati Reds,0,True,Final,0.4689567890076641,0.5310432109923365,0.5310432109923365,0,1,5,4,,,,,,,,,,,,,,,,,
2021+ Model,2026-08-19,824640,Chicago Cubs,Chicago White Sox,Chicago White Sox,Chicago White Sox,1,True,Final,0.5067171377966923,0.4932828622033093,0.5067171377966923,0,0,0,3,,,,,,,,,,,,,,,,,
2021+ Model,2026-08-19,824722,Boston Red Sox,Arizona Diamondbacks,Boston Red Sox,Arizona Diamondbacks,0,True,Final,0.5754074436497733,0.4245925563502268,0.5754074436497733,1,0,6,7,,,,,,,,,,,,,,,,,
2021+ Model,2026-08-19,824801,Baltimore Orioles,New York Yankees,New York Yankees,New York Yankees,1,True,Final,0.4949561730825559,0.5050438269174445,0.5050438269174445,0,0,3,5,,,,,,,,,,,,,,,,,
2021+ Model,2026-08-20,822861,Texas Rangers,Washington Nationals,Washington Nationals,Texas Rangers,0,True,Final,0.4821072133035131,0.5178927866964871,0.5178927866964871,0,1,2,0,,,,,,,,,,,,,,,,,
2021+ Model,2026-08-20,822934,Tampa Bay Rays,Toronto Blue Jays,Tampa Bay Rays,Toronto Blue Jays,0,True,Final,0.5571076247569525,0.4428923752430482,0.5571076247569525,1,0,1,5,,,,,,,,,,,,,,,,,
2021+ Model,2026-08-20,823747,Milwaukee Brewers,Seattle Mariners,Milwaukee Brewers,Milwaukee Brewers,1,True,Final,0.5380424443609748,0.4619575556390258,0.5380424443609748,1,1,7,4,,,,,,,,,,,,,,,,,
2021+ Model,2026-08-20,824074,Kansas City Royals,Athletics,Kansas City Royals,Kansas City Royals,1,True,Final,0.6153953637128535,0.3846046362871467,0.6153953637128535,1,1,6,2,,,,,,,,,,,,,,,,,
2021+ Model,2026-08-20,824153,Houston Astros,Los Angeles Angels,Los Angeles Angels,Los Angeles Angels,1,True,Final,0.4852596404215852,0.5147403595784152,0.5147403595784152,0,0,3,18,,,,,,,,,,,,,,,,,
2021+ Model,2026-08-20,824395,Cleveland Guardians,San Francisco Giants,San Francisco Giants,Cleveland Guardians,0,True,Final,0.4733018303348676,0.5266981696651327,0.5266981696651327,0,1,5,2,,,,,,,,,,,,,,,,,
2021+ Model,2026-08-20,824474,Cincinnati Reds,St. Louis Cardinals,St. Louis Cardinals,St. Louis Cardinals,1,True,Final,0.4494593263906621,0.5505406736093387,0.5505406736093387,0,0,9,10,,,,,,,,,,,,,,,,,
2021+ Model,2026-08-20,824589,Chicago White Sox,Atlanta Braves,Atlanta Braves,Atlanta Braves,1,True,Final,0.4810659981682876,0.5189340018317127,0.5189340018317127,0,0,0,2,,,,,,,,,,,,,,,,,
2021+ Model,2026-08-20,824802,Baltimore Orioles,New York Yankees,New York Yankees,New York Yankees,1,True,Final,0.4744626125924762,0.5255373874075243,0.5255373874075243,0,0,1,6,,,,,,,,,,,,,,,,,
2021+ Model,2026-08-21,822857,Texas Rangers,Los Angeles Angels,Los Angeles Angels,Texas Rangers,0,True,Final,0.497655262858601,0.5023447371413994,0.5023447371413994,0,1,2,1,,,,,,,,,,,,,,,,,
2021+ Model,2026-08-21,823101,Seattle Mariners,Chicago Cubs,Chicago Cubs,Seattle Mariners,0,True,Final,0.4606264551605507,0.5393735448394498,0.5393735448394498,0,1,6,5,,,,,,,,,,,,,,,,,
2021+ Model,2026-08-21,823262,San Diego Padres,Minnesota Twins,San Diego Padres,San Diego Padres,1,True,Final,0.5232610339369482,0.4767389660630517,0.5232610339369482,1,1,6,2,,,,,,,,,,,,,,,,,
2021+ Model,2026-08-21,823420,Philadelphia Phillies,St. Louis Cardinals,St. Louis Cardinals,Philadelphia Phillies,0,True,Final,0.4962377692237192,0.5037622307762811,0.5037622307762811,0,1,7,6,,,,,,,,,,,,,,,,,
2021+ Model,2026-08-21,823510,New York Yankees,Toronto Blue Jays,New York Yankees,New York Yankees,1,True,Final,0.5354934078924077,0.4645065921075921,0.5354934078924077,1,1,3,1,,,,,,,,,,,,,,,,,
2021+ Model,2026-08-21,823746,Milwaukee Brewers,Atlanta Braves,Atlanta Braves,Milwaukee Brewers,0,True,Final,0.4639579722989303,0.5360420277010703,0.5360420277010703,0,1,2,1,,,,,,,,,,,,,,,,,
2021+ Model,2026-08-21,823830,Miami Marlins,Washington Nationals,Washington Nationals,Miami Marlins,0,True,Final,0.4813249709223416,0.5186750290776587,0.5186750290776587,0,1,3,2,,,,,,,,,,,,,,,,,
2021+ Model,2026-08-21,823911,Los Angeles Dodgers,Pittsburgh Pirates,Los Angeles Dodgers,Los Angeles Dodgers,1,True,Final,0.574834052628015,0.4251659473719851,0.574834052628015,1,1,5,4,,,,,,,,,,,,,,,,,
2021+ Model,2026-08-21,824072,Kansas City Royals,Detroit Tigers,Detroit Tigers,Kansas City Royals,0,True,Final,0.4482466199267718,0.5517533800732288,0.5517533800732288,0,1,5,2,,,,,,,,,,,,,,,,,
2021+ Model,2026-08-21,824152,Houston Astros,Athletics,Houston Astros,Houston Astros,1,True,Final,0.5674120485270467,0.4325879514729536,0.5674120485270467,1,1,4,0,,,,,,,,,,,,,,,,,
2021+ Model,2026-08-21,824317,Colorado Rockies,Cleveland Guardians,Cleveland Guardians,Cleveland Guardians,1,True,Final,0.5043078426404014,0.4956921573595986,0.5043078426404014,0,0,1,9,,,,,,,,,,,,,,,,,
2021+ Model,2026-08-21,824559,Chicago White Sox,New York Mets,New York Mets,Chicago White Sox,0,True,Final,0.4852061781216307,0.5147938218783695,0.5147938218783695,0,1,6,4,,,,,,,,,,,,,,,,,
2021+ Model,2026-08-21,824721,Boston Red Sox,San Francisco Giants,Boston Red Sox,Boston Red Sox,1,True,Final,0.550648525901643,0.4493514740983576,0.550648525901643,1,1,6,4,,,,,,,,,,,,,,,,,
2021+ Model,2026-08-21,824800,Baltimore Orioles,Tampa Bay Rays,Tampa Bay Rays,Baltimore Orioles,0,True,Final,0.5056652708439284,0.4943347291560721,0.5056652708439284,0,1,5,3,,,,,,,,,,,,,,,,,
2021+ Model,2026-08-21,825045,Arizona Diamondbacks,Cincinnati Reds,Cincinnati Reds,Arizona Diamondbacks,0,True,Final,0.4954764611620726,0.5045235388379278,0.5045235388379278,0,1,9,0,,,,,,,,,,,,,,,,,
2021+ Model,2026-08-22,822858,Texas Rangers,Los Angeles Angels,Texas Rangers,Los Angeles Angels,0,True,Final,0.5512911199598611,0.4487088800401387,0.5512911199598611,1,0,0,3,,,,,,,,,,,,,,,,not_placed,
2021+ Model,2026-08-22,823100,Seattle Mariners,Chicago Cubs,Chicago Cubs,Seattle Mariners,0,True,Final,0.4612330893334176,0.5387669106665828,0.5387669106665828,0,1,5,4,,,,,,,,,,,,,,,,not_placed,
2021+ Model,2026-08-22,823261,San Diego Padres,Minnesota Twins,Minnesota Twins,San Diego Padres,0,True,Final,0.5034026834491288,0.4965973165508713,0.5034026834491288,0,1,7,5,,,,,,,,,,,,,,,,not_placed,
2021+ Model,2026-08-22,823422,Philadelphia Phillies,St. Louis Cardinals,St. Louis Cardinals,Philadelphia Phillies,0,True,Final,0.4808407292422218,0.519159270757779,0.519159270757779,0,1,12,3,,,,,,,,,,,,,,,,not_placed,
2021+ Model,2026-08-22,823509,New York Yankees,Toronto Blue Jays,Toronto Blue Jays,Toronto Blue Jays,1,True,Final,0.4618573863468447,0.5381426136531555,0.5381426136531555,0,0,3,4,,,,,,,,,,,,,,,,not_placed,
2021+ Model,2026-08-22,823743,Milwaukee Brewers,Atlanta Braves,Atlanta Braves,Milwaukee Brewers,0,True,Final,0.4852079082352128,0.5147920917647878,0.5147920917647878,0,1,4,1,,,,,,,,,,,,,,,,not_placed,
2021+ Model,2026-08-22,823831,Miami Marlins,Washington Nationals,Washington Nationals,Miami Marlins,0,True,Final,0.5042967023905877,0.4957032976094129,0.5042967023905877,0,1,4,2,,,,,,,,,,,,,,,,not_placed,
2021+ Model,2026-08-22,823910,Los Angeles Dodgers,Pittsburgh Pirates,Los Angeles Dodgers,Los Angeles Dodgers,1,True,Final,0.5786540568229074,0.4213459431770924,0.5786540568229074,1,1,4,3,,,,,,,,,,,,,,,,not_placed,
2021+ Model,2026-08-22,824073,Kansas City Royals,Detroit Tigers,Detroit Tigers,Kansas City Royals,0,True,Final,0.4741277140978634,0.5258722859021373,0.5258722859021373,0,1,3,1,,,,,,,,,,,,,,,,not_placed,
2021+ Model,2026-08-22,824151,Houston Astros,Athletics,Houston Astros,Athletics,0,True,Final,0.6045939531037481,0.3954060468962519,0.6045939531037481,1,0,3,4,,,,,,,,,,,,,,,,not_placed,
2021+ Model,2026-08-22,824316,Colorado Rockies,Cleveland Guardians,Cleveland Guardians,Cleveland Guardians,1,True,Final,0.4872090992287775,0.5127909007712229,0.5127909007712229,0,0,3,4,,,,,,,,,,,,,,,,not_placed,
2021+ Model,2026-08-22,824560,Chicago White Sox,New York Mets,New York Mets,New York Mets,1,True,Final,0.5038670332217126,0.4961329667782881,0.5038670332217126,0,0,5,10,,,,,,,,,,,,,,,,not_placed,
2021+ Model,2026-08-22,824718,Boston Red Sox,San Francisco Giants,Boston Red Sox,Boston Red Sox,1,True,Final,0.5767190991725053,0.4232809008274946,0.5767190991725053,1,1,3,2,,,,,,,,,,,,,,,,not_placed,
2021+ Model,2026-08-22,824798,Baltimore Orioles,Tampa Bay Rays,Tampa Bay Rays,Baltimore Orioles,0,True,Final,0.4858473923245944,0.5141526076754062,0.5141526076754062,0,1,3,2,,,,,,,,,,,,,,,,not_placed,
2021+ Model,2026-08-22,825044,Arizona Diamondbacks,Cincinnati Reds,Cincinnati Reds,Cincinnati Reds,1,True,Final,0.5094867254660529,0.4905132745339474,0.5094867254660529,0,0,5,11,,,,,,,,,,,,,,,,not_placed,
2021+ Model,2026-08-23,822856,Texas Rangers,Los Angeles Angels,Los Angeles Angels,Texas Rangers,0,True,Final,0.5036638015447824,0.4963361984552182,0.5036638015447824,0,1,5,3,2026-08-23T18:35:00Z,,,,,,,,,,,,,,,not_placed,
2021+ Model,2026-08-23,823099,Seattle Mariners,Chicago Cubs,Chicago Cubs,Chicago Cubs,1,True,Final,0.5073385920065713,0.4926614079934291,0.5073385920065713,0,0,2,19,2026-08-23T20:10:00Z,,,,,,,,,,,,,,,not_placed,
2021+ Model,2026-08-23,823258,San Diego Padres,Minnesota Twins,San Diego Padres,San Diego Padres,1,True,Final,0.5293508834934506,0.4706491165065492,0.5293508834934506,1,1,8,1,2026-08-23T20:10:00Z,,,,,,,,,,,,,,,not_placed,
2021+ Model,2026-08-23,823421,Philadelphia Phillies,St. Louis Cardinals,St. Louis Cardinals,Philadelphia Phillies,0,True,Final,0.4924259517146978,0.5075740482853031,0.5075740482853031,0,1,6,4,2026-08-23T17:35:00Z,,,,,,,,,,,,,,,not_placed,
2021+ Model,2026-08-23,823507,New York Yankees,Toronto Blue Jays,New York Yankees,New York Yankees,1,True,Final,0.5215737143256881,0.4784262856743119,0.5215737143256881,1,1,8,3,2026-08-23T17:35:00Z,,,,,,,,,,,,,,,not_placed,
2021+ Model,2026-08-23,823745,Milwaukee Brewers,Atlanta Braves,Atlanta Braves,Atlanta Braves,1,True,Final,0.4759504576894965,0.5240495423105045,0.5240495423105045,0,0,2,4,2026-08-23T23:10:00Z,,,,,,,,,,,,,,,not_placed,
2021+ Model,2026-08-23,823827,Miami Marlins,Washington Nationals,Washington Nationals,Miami Marlins,0,True,Final,0.4731679726741519,0.5268320273258488,0.5268320273258488,0,1,6,2,2026-08-23T17:40:00Z,,,,,,,,,,,,,,,not_placed,
2021+ Model,2026-08-23,823909,Los Angeles Dodgers,Pittsburgh Pirates,Los Angeles Dodgers,Los Angeles Dodgers,1,True,Final,0.5741214225337395,0.4258785774662596,0.5741214225337395,1,1,4,0,2026-08-23T20:10:00Z,,,,,,,,,,,,,,,not_placed,
2021+ Model,2026-08-23,824071,Kansas City Royals,Detroit Tigers,Detroit Tigers,Kansas City Royals,0,True,Final,0.514128699850945,0.4858713001490553,0.514128699850945,0,1,11,7,2026-08-23T18:10:00Z,,,,,,,,,,,,,,,not_placed,
2021+ Model,2026-08-23,824150,Houston Astros,Athletics,Houston Astros,Athletics,0,True,Final,0.5625512823875782,0.4374487176124212,0.5625512823875782,1,0,6,7,2026-08-23T18:10:00Z,,,,,,,,,,,,,,,not_placed,
2021+ Model,2026-08-23,824315,Colorado Rockies,Cleveland Guardians,Cleveland Guardians,Cleveland Guardians,1,True,Final,0.4792356436649058,0.5207643563350945,0.5207643563350945,0,0,2,7,2026-08-23T19:10:00Z,,,,,,,,,,,,,,,not_placed,
2021+ Model,2026-08-23,824558,Chicago White Sox,New York Mets,New York Mets,Chicago White Sox,0,True,Final,0.4822732469270518,0.5177267530729486,0.5177267530729486,0,1,2,1,2026-08-23T18:10:00Z,,,,,,,,,,,,,,,not_placed,
2021+ Model,2026-08-23,824720,Boston Red Sox,San Francisco Giants,Boston Red Sox,Boston Red Sox,1,True,Final,0.5356602837305694,0.464339716269431,0.5356602837305694,1,1,5,4,2026-08-23T19:15:00Z,,,,,,,,,,,,,,,not_placed,
2021+ Model,2026-08-23,824799,Baltimore Orioles,Tampa Bay Rays,Tampa Bay Rays,Tampa Bay Rays,1,True,Final,0.4957680912794293,0.5042319087205717,0.5042319087205717,0,0,1,3,2026-08-23T17:35:00Z,,,,,,,,,,,,,,,not_placed,
2021+ Model,2026-08-23,825043,Arizona Diamondbacks,Cincinnati Reds,Arizona Diamondbacks,Arizona Diamondbacks,1,True,Final,0.5588021697295631,0.4411978302704366,0.5588021697295631,1,1,5,3,2026-08-23T20:15:00Z,,,,,,,,,,,,,,,not_placed,
2021+ Model,2026-08-24,822695,Washington Nationals,Colorado Rockies,Washington Nationals,Washington Nationals,1,True,Final,0.5589871826368058,0.4410128173631941,0.5589871826368058,1,1,13,3,2026-08-24T22:45:00Z,FanDuel,-144.0,122.0,2026-08-25T03:59:39Z,2026-08-25T04:00:16.404023Z,,,,,,,,,,not_placed,
2021+ Model,2026-08-24,823097,Seattle Mariners,Philadelphia Phillies,Philadelphia Phillies,Seattle Mariners,0,True,Final,0.4674733931791297,0.5325266068208719,0.5325266068208719,0,1,9,2,2026-08-25T01:40:00Z,FanDuel,-118.0,100.0,2026-08-25T03:59:39Z,2026-08-25T04:00:16.404023Z,102.0,-112.0,2026-08-24T23:58:28Z,2026-08-24T23:59:03.099744Z,100.0,Philadelphia Phillies,-112.0,FanDuel,2026-08-24T23:59:06.060510Z,lost,-100.0
2021+ Model,2026-08-24,823183,San Francisco Giants,Cincinnati Reds,Cincinnati Reds,San Francisco Giants,0,True,Final,0.4597774702447225,0.5402225297552781,0.5402225297552781,0,1,5,0,2026-08-25T01:45:00Z,FanDuel,-112.0,-104.0,2026-08-25T03:59:39Z,2026-08-25T04:00:16.404023Z,150.0,-164.0,2026-08-24T23:58:28Z,2026-08-24T23:59:03.099744Z,100.0,Cincinnati Reds,-164.0,FanDuel,2026-08-24T23:59:06.060510Z,lost,-100.0
2021+ Model,2026-08-24,823260,San Diego Padres,Pittsburgh Pirates,San Diego Padres,Pittsburgh Pirates,0,True,Final,0.5224721704931096,0.4775278295068911,0.5224721704931096,1,0,2,3,2026-08-25T01:40:00Z,FanDuel,210.0,-240.0,2026-08-25T03:59:39Z,2026-08-25T04:00:16.404023Z,-112.0,102.0,2026-08-24T23:58:28Z,2026-08-24T23:59:03.099744Z,100.0,San Diego Padres,-112.0,FanDuel,2026-08-24T23:59:06.060510Z,lost,-100.0
2021+ Model,2026-08-24,823828,Miami Marlins,Boston Red Sox,Boston Red Sox,Boston Red Sox,1,True,Final,0.4398843170045428,0.5601156829954577,0.5601156829954577,0,0,2,4,2026-08-24T22:40:00Z,FanDuel,134.0,-158.0,2026-08-25T03:59:39Z,2026-08-25T04:00:16.404023Z,,,,,,,,,,not_placed,
2021+ Model,2026-08-24,823992,Los Angeles Angels,Cleveland Guardians,Cleveland Guardians,Cleveland Guardians,1,True,Final,0.4728000115849677,0.5271999884150328,0.5271999884150328,0,0,2,4,2026-08-25T01:38:00Z,FanDuel,120.0,-142.0,2026-08-25T03:59:39Z,2026-08-25T04:00:16.404023Z,146.0,-158.0,2026-08-24T23:58:28Z,2026-08-24T23:59:03.099744Z,100.0,Cleveland Guardians,-158.0,FanDuel,2026-08-24T23:59:06.060510Z,won,63.29
2021+ Model,2026-08-24,824235,Detroit Tigers,Tampa Bay Rays,Tampa Bay Rays,Tampa Bay Rays,1,True,Final,0.454486824521462,0.5455131754785391,0.5455131754785391,0,0,1,4,2026-08-24T22:40:00Z,FanDuel,108.0,-126.0,2026-08-25T03:59:39Z,2026-08-25T04:00:16.404023Z,,,,,,,,,,not_placed,
2021+ Model,2026-08-24,824557,Chicago White Sox,Texas Rangers,Texas Rangers,Texas Rangers,1,True,Final,0.5155170472978962,0.4844829527021044,0.5155170472978962,0,0,2,11,2026-08-24T23:40:00Z,FanDuel,102.0,-120.0,2026-08-25T03:59:39Z,2026-08-25T04:00:16.404023Z,,,,,,,,,,not_placed,
2021+ Model,2026-08-24,824964,Athletics,Minnesota Twins,Minnesota Twins,Minnesota Twins,1,True,Final,0.4851498433476705,0.5148501566523299,0.5148501566523299,0,0,6,9,2026-08-25T01:40:00Z,FanDuel,126.0,-148.0,2026-08-25T03:59:39Z,2026-08-25T04:00:16.404023Z,130.0,-140.0,2026-08-24T23:58:28Z,2026-08-24T23:59:03.099744Z,100.0,Minnesota Twins,-140.0,FanDuel,2026-08-24T23:59:06.060510Z,won,71.43
2021+ Model,2026-08-24,825041,Arizona Diamondbacks,Chicago Cubs,Arizona Diamondbacks,Chicago Cubs,0,True,Final,0.5425640275656791,0.4574359724343221,0.5425640275656791,1,0,0,7,2026-08-25T01:40:00Z,FanDuel,-108.0,-108.0,2026-08-25T03:59:39Z,2026-08-25T04:00:16.404023Z,126.0,-138.0,2026-08-24T23:58:28Z,2026-08-24T23:59:03.099744Z,100.0,Arizona Diamondbacks,126.0,FanDuel,2026-08-24T23:59:06.060510Z,lost,-100.0
2021+ Model,2026-08-25,822693,Washington Nationals,Colorado Rockies,Washington Nationals,Colorado Rockies,0,True,Final,0.5881006018088757,0.4118993981911246,0.5881006018088757,1,0,1,3,2026-08-25T22:45:00Z,FanDuel,-120.0,102.0,2026-08-26T04:07:14Z,2026-08-26T04:07:21.582497Z,-164.0,150.0,2026-08-25T22:05:25Z,2026-08-25T22:05:26.364005Z,100.0,Washington Nationals,-144.0,FanDuel,2026-08-25T05:00:27.648882Z,lost,-100.0
2021+ Model,2026-08-25,822773,Toronto Blue Jays,Kansas City Royals,Kansas City Royals,Kansas City Royals,1,True,Final,0.4996095982442148,0.5003904017557859,0.5003904017557859,0,0,3,5,2026-08-25T23:07:00Z,FanDuel,-132.0,112.0,2026-08-26T04:07:14Z,2026-08-26T04:07:21.582497Z,-126.0,116.0,2026-08-25T22:05:25Z,2026-08-25T22:05:26.364005Z,100.0,Kansas City Royals,104.0,FanDuel,2026-08-25T05:00:27.648882Z,won,104.0
2021+ Model,2026-08-25,823016,St. Louis Cardinals,Baltimore Orioles,Baltimore Orioles,Baltimore Orioles,1,True,Final,0.5185526396130251,0.4814473603869754,0.5185526396130251,0,0,1,13,2026-08-25T23:45:00Z,FanDuel,-108.0,-108.0,2026-08-26T04:07:14Z,2026-08-26T04:07:21.582497Z,-128.0,120.0,2026-08-25T22:05:25Z,2026-08-25T22:05:26.364005Z,100.0,Baltimore Orioles,112.0,FanDuel,2026-08-25T05:00:27.649881Z,won,112.0
2021+ Model,2026-08-25,823098,Seattle Mariners,Philadelphia Phillies,Philadelphia Phillies,Seattle Mariners,0,True,Final,0.4762751684384746,0.5237248315615264,0.5237248315615264,0,1,4,1,2026-08-26T01:40:00Z,FanDuel,108.0,-126.0,2026-08-26T04:07:14Z,2026-08-26T04:07:21.582497Z,-112.0,102.0,2026-08-26T00:05:37Z,2026-08-26T00:06:21.086334Z,100.0,Philadelphia Phillies,100.0,FanDuel,2026-08-25T05:00:27.649881Z,lost,-100.0
2021+ Model,2026-08-25,823181,San Francisco Giants,Cincinnati Reds,San Francisco Giants,San Francisco Giants,1,True,Final,0.5234395343728426,0.4765604656271583,0.5234395343728426,1,1,3,1,2026-08-26T01:45:00Z,FanDuel,-112.0,-104.0,2026-08-26T04:07:14Z,2026-08-26T04:07:21.582497Z,-106.0,-102.0,2026-08-26T00:05:37Z,2026-08-26T00:06:21.086334Z,100.0,Cincinnati Reds,-104.0,FanDuel,2026-08-25T05:00:27.650885Z,lost,-100.0
2021+ Model,2026-08-25,823259,San Diego Padres,Pittsburgh Pirates,Pittsburgh Pirates,Pittsburgh Pirates,1,True,Final,0.4996898472142769,0.5003101527857241,0.5003101527857241,0,0,0,1,2026-08-26T01:40:00Z,FanDuel,850.0,-1050.0,2026-08-26T04:04:01Z,2026-08-26T04:07:21.582497Z,-128.0,120.0,2026-08-26T00:05:37Z,2026-08-26T00:06:21.086334Z,100.0,Pittsburgh Pirates,-104.0,FanDuel,2026-08-25T05:00:27.649881Z,won,96.15
2021+ Model,2026-08-25,823505,New York Yankees,Houston Astros,Houston Astros,Houston Astros,1,True,Final,0.5000822932088876,0.4999177067911129,0.5000822932088876,0,0,7,9,2026-08-25T23:05:00Z,FanDuel,470.0,-600.0,2026-08-26T02:04:46Z,2026-08-26T02:06:30.974011Z,-138.0,128.0,2026-08-25T22:05:25Z,2026-08-25T22:05:26.364005Z,100.0,Houston Astros,120.0,FanDuel,2026-08-25T05:00:27.648882Z,won,120.0
2021+ Model,2026-08-25,823585,New York Mets,Milwaukee Brewers,Milwaukee Brewers,New York Mets,0,True,Final,0.5006741870458264,0.499325812954174,0.5006741870458264,0,1,3,2,2026-08-25T23:10:00Z,FanDuel,130.0,-154.0,2026-08-26T04:07:14Z,2026-08-26T04:07:21.582497Z,144.0,-156.0,2026-08-25T22:05:25Z,2026-08-25T22:05:26.364005Z,100.0,Milwaukee Brewers,-162.0,FanDuel,2026-08-25T05:00:27.648882Z,lost,-100.0
2021+ Model,2026-08-25,823826,Miami Marlins,Boston Red Sox,Boston Red Sox,Boston Red Sox,1,True,Final,0.4534901091766008,0.5465098908234,0.5465098908234,0,0,3,7,2026-08-25T22:40:00Z,FanDuel,130.0,-154.0,2026-08-26T04:07:14Z,2026-08-26T04:07:21.582497Z,132.0,-142.0,2026-08-25T22:05:25Z,2026-08-25T22:05:26.364005Z,100.0,Boston Red Sox,-158.0,FanDuel,2026-08-25T05:00:27.648882Z,won,63.29
2021+ Model,2026-08-25,823989,Los Angeles Angels,Cleveland Guardians,Los Angeles Angels,Cleveland Guardians,0,True,Final,0.5339103692751982,0.4660896307248025,0.5339103692751982,1,0,6,8,2026-08-26T01:38:00Z,FanDuel,-280.0,240.0,2026-08-26T04:07:14Z,2026-08-26T04:07:21.582497Z,130.0,-140.0,2026-08-26T00:05:37Z,2026-08-26T00:06:21.086334Z,100.0,Los Angeles Angels,120.0,FanDuel,2026-08-25T05:00:27.649881Z,lost,-100.0
2021+ Model,2026-08-25,824233,Detroit Tigers,Tampa Bay Rays,Tampa Bay Rays,Detroit Tigers,0,True,Final,0.4781289774901815,0.521871022509819,0.521871022509819,0,1,4,1,2026-08-25T22:40:00Z,FanDuel,-120.0,102.0,2026-08-26T04:07:14Z,2026-08-26T04:07:21.582497Z,116.0,-126.0,2026-08-25T22:05:25Z,2026-08-25T22:05:26.364005Z,100.0,Tampa Bay Rays,-126.0,FanDuel,2026-08-25T05:00:27.648882Z,lost,-100.0
2021+ Model,2026-08-25,824556,Chicago White Sox,Texas Rangers,Texas Rangers,Chicago White Sox,0,True,Final,0.5081317386843341,0.4918682613156666,0.5081317386843341,0,1,11,7,2026-08-25T23:40:00Z,FanDuel,-130.0,110.0,2026-08-26T04:07:14Z,2026-08-26T04:07:21.582497Z,100.0,-110.0,2026-08-25T22:05:25Z,2026-08-25T22:05:26.364005Z,100.0,Texas Rangers,-120.0,FanDuel,2026-08-25T05:00:27.649881Z,lost,-100.0
2021+ Model,2026-08-25,824881,Atlanta Braves,Los Angeles Dodgers,Los Angeles Dodgers,Atlanta Braves,0,True,Final,0.4953417485124788,0.504658251487522,0.504658251487522,0,1,4,3,2026-08-25T23:15:00Z,FanDuel,110.0,-130.0,2026-08-26T04:07:14Z,2026-08-26T04:07:21.582497Z,138.0,-148.0,2026-08-25T22:05:25Z,2026-08-25T22:05:26.364005Z,100.0,Los Angeles Dodgers,-148.0,FanDuel,2026-08-25T05:00:27.649881Z,lost,-100.0
2021+ Model,2026-08-25,824962,Athletics,Minnesota Twins,Minnesota Twins,Athletics,0,True,Final,0.4422042627789259,0.5577957372210747,0.5577957372210747,0,1,4,2,2026-08-26T01:40:00Z,FanDuel,-20000.0,8000.0,2026-08-26T04:07:14Z,2026-08-26T04:07:21.582497Z,134.0,-144.0,2026-08-26T00:05:37Z,2026-08-26T00:06:21.086334Z,100.0,Minnesota Twins,-148.0,FanDuel,2026-08-25T05:00:27.649881Z,lost,-100.0
2021+ Model,2026-08-25,825042,Arizona Diamondbacks,Chicago Cubs,Chicago Cubs,Arizona Diamondbacks,0,True,Final,0.5121712721459156,0.4878287278540849,0.5121712721459156,0,1,5,4,2026-08-26T01:40:00Z,FanDuel,480.0,-600.0,2026-08-26T04:07:14Z,2026-08-26T04:07:21.582497Z,-102.0,-106.0,2026-08-26T00:05:37Z,2026-08-26T00:06:21.086334Z,100.0,Chicago Cubs,-108.0,FanDuel,2026-08-25T05:00:27.649881Z,lost,-100.0
2021+ Model,2026-08-26,822692,Washington Nationals,Colorado Rockies,Washington Nationals,Colorado Rockies,0,True,Final,0.6111967992413518,0.3888032007586483,0.6111967992413518,1,0,1,13,2026-08-26T22:45:00Z,FanDuel,-118.0,100.0,2026-08-27T04:12:09Z,2026-08-27T04:12:27.533835Z,-132.0,122.0,2026-08-26T22:09:03Z,2026-08-26T22:09:31.426112Z,100.0,Washington Nationals,-120.0,FanDuel,2026-08-26T05:00:22.988018Z,lost,-100.0
2021+ Model,2026-08-26,822772,Toronto Blue Jays,Kansas City Royals,Toronto Blue Jays,Toronto Blue Jays,1,True,Final,0.531518394791572,0.4684816052084286,0.531518394791572,1,1,3,0,2026-08-26T23:07:00Z,FanDuel,-106.0,-110.0,2026-08-27T04:12:09Z,2026-08-27T04:12:27.533835Z,-148.0,138.0,2026-08-26T22:09:03Z,2026-08-26T22:09:31.426112Z,100.0,Toronto Blue Jays,-132.0,FanDuel,2026-08-26T05:00:22.988018Z,won,75.76
2021+ Model,2026-08-26,823015,St. Louis Cardinals,Baltimore Orioles,St. Louis Cardinals,Baltimore Orioles,0,True,Final,0.5232190724746079,0.4767809275253929,0.5232190724746079,1,0,7,8,2026-08-26T23:45:00Z,FanDuel,100.0,-118.0,2026-08-27T04:12:09Z,2026-08-27T04:12:27.533835Z,100.0,-108.0,2026-08-26T22:09:04Z,2026-08-26T22:09:31.426112Z,100.0,St. Louis Cardinals,-108.0,FanDuel,2026-08-26T05:00:22.989018Z,lost,-100.0
2021+ Model,2026-08-26,823096,Seattle Mariners,Philadelphia Phillies,Philadelphia Phillies,Philadelphia Phillies,1,True,Final,0.5033388399834653,0.4966611600165356,0.5033388399834653,0,0,0,6,2026-08-26T20:10:00Z,FanDuel,120.0,-130.0,2026-08-26T20:09:04Z,2026-08-26T20:09:30.556784Z,116.0,-126.0,2026-08-26T18:09:15Z,2026-08-26T18:09:29.020219Z,100.0,Philadelphia Phillies,-126.0,FanDuel,2026-08-26T05:00:22.988018Z,won,79.37
2021+ Model,2026-08-26,823180,San Francisco Giants,Cincinnati Reds,San Francisco Giants,Cincinnati Reds,0,True,Final,0.554215820668313,0.4457841793316872,0.554215820668313,1,0,9,10,2026-08-26T19:45:00Z,FanDuel,-2400.0,1800.0,2026-08-26T22:09:03Z,2026-08-26T22:09:31.426112Z,-118.0,110.0,2026-08-26T18:09:15Z,2026-08-26T18:09:29.020219Z,100.0,San Francisco Giants,-112.0,FanDuel,2026-08-26T05:00:22.987020Z,lost,-100.0
2021+ Model,2026-08-26,823255,San Diego Padres,Pittsburgh Pirates,San Diego Padres,San Diego Padres,1,True,Final,0.5215466446352142,0.4784533553647863,0.5215466446352142,1,1,3,0,2026-08-26T20:10:00Z,FanDuel,-280.0,240.0,2026-08-26T22:09:03Z,2026-08-26T22:09:31.426112Z,-130.0,120.0,2026-08-26T18:09:15Z,2026-08-26T18:09:29.020219Z,100.0,San Diego Padres,-126.0,FanDuel,2026-08-26T05:00:22.988018Z,won,79.37
2021+ Model,2026-08-26,823506,New York Yankees,Houston Astros,New York Yankees,New York Yankees,1,True,Final,0.5439010745087138,0.456098925491287,0.5439010745087138,1,1,9,3,2026-08-26T23:05:00Z,FanDuel,-152.0,128.0,2026-08-27T04:12:09Z,2026-08-27T04:12:27.533835Z,-118.0,110.0,2026-08-26T22:09:03Z,2026-08-26T22:09:31.426112Z,100.0,Houston Astros,110.0,FanDuel,2026-08-26T06:07:29.706309Z,lost,-100.0
2021+ Model,2026-08-26,823584,New York Mets,Milwaukee Brewers,Milwaukee Brewers,Milwaukee Brewers,1,True,Final,0.4891675379109395,0.5108324620890609,0.5108324620890609,0,0,1,8,2026-08-26T23:10:00Z,FanDuel,180.0,-215.0,2026-08-27T04:12:09Z,2026-08-27T04:12:27.533835Z,138.0,-148.0,2026-08-26T22:09:03Z,2026-08-26T22:09:31.426112Z,100.0,Milwaukee Brewers,-154.0,FanDuel,2026-08-26T05:00:22.988018Z,won,64.94
2021+ Model,2026-08-26,823825,Miami Marlins,Boston Red Sox,Boston Red Sox,Miami Marlins,0,True,Final,0.4409193328972385,0.5590806671027616,0.5590806671027616,0,1,4,0,2026-08-26T22:40:00Z,FanDuel,-380.0,320.0,2026-08-27T00:10:13Z,2026-08-27T00:10:32.529784Z,116.0,-126.0,2026-08-26T22:09:03Z,2026-08-26T22:09:31.426112Z,100.0,Boston Red Sox,-154.0,FanDuel,2026-08-26T05:00:22.988018Z,lost,-100.0
2021+ Model,2026-08-26,823988,Los Angeles Angels,Cleveland Guardians,Cleveland Guardians,Cleveland Guardians,1,True,Final,0.4975359030532743,0.5024640969467264,0.5024640969467264,0,0,3,4,2026-08-26T20:07:00Z,FanDuel,-370.0,320.0,2026-08-26T22:09:04Z,2026-08-26T22:09:31.426112Z,124.0,-134.0,2026-08-26T18:09:15Z,2026-08-26T18:09:29.020219Z,100.0,Cleveland Guardians,-136.0,FanDuel,2026-08-26T05:00:22.987020Z,won,73.53
2021+ Model,2026-08-26,824234,Detroit Tigers,Tampa Bay Rays,Tampa Bay Rays,Tampa Bay Rays,1,True,Final,0.498306855209586,0.5016931447904143,0.5016931447904143,0,0,0,3,2026-08-26T17:10:00Z,FanDuel,270.0,-310.0,2026-08-26T18:09:15Z,2026-08-26T18:09:29.020219Z,-114.0,104.0,2026-08-26T16:09:05Z,2026-08-26T16:09:23.051321Z,100.0,Tampa Bay Rays,102.0,FanDuel,2026-08-26T05:00:22.987020Z,won,102.0
2021+ Model,2026-08-26,824555,Chicago White Sox,Texas Rangers,Chicago White Sox,Chicago White Sox,1,True,Final,0.5377259828022488,0.4622740171977515,0.5377259828022488,1,1,10,4,2026-08-26T23:40:00Z,FanDuel,-6000.0,4100.0,2026-08-27T02:11:14Z,2026-08-27T02:11:30.927259Z,-120.0,110.0,2026-08-26T22:09:03Z,2026-08-26T22:09:31.426112Z,100.0,Chicago White Sox,-130.0,FanDuel,2026-08-26T05:00:22.989018Z,won,76.92
2021+ Model,2026-08-26,824878,Atlanta Braves,Los Angeles Dodgers,Los Angeles Dodgers,Atlanta Braves,0,True,Final,0.506422841424056,0.4935771585759445,0.506422841424056,0,1,6,5,2026-08-26T23:15:00Z,FanDuel,-118.0,100.0,2026-08-27T04:12:09Z,2026-08-27T04:12:27.533835Z,112.0,-122.0,2026-08-26T22:09:03Z,2026-08-26T22:09:31.426112Z,100.0,Los Angeles Dodgers,-130.0,FanDuel,2026-08-26T05:00:22.989018Z,lost,-100.0
2021+ Model,2026-08-26,824963,Athletics,Minnesota Twins,Minnesota Twins,Athletics,0,True,Final,0.4661260220088698,0.5338739779911307,0.5338739779911307,0,1,7,4,2026-08-27T01:05:00Z,FanDuel,165.0,-185.0,2026-08-27T02:11:14Z,2026-08-27T02:11:30.927259Z,122.0,-130.0,2026-08-27T00:10:13Z,2026-08-27T00:10:32.529784Z,100.0,Minnesota Twins,-142.0,FanDuel,2026-08-26T05:00:22.989018Z,lost,-100.0
2021+ Model,2026-08-26,825039,Arizona Diamondbacks,Chicago Cubs,Arizona Diamondbacks,Arizona Diamondbacks,1,True,Final,0.5717026561251303,0.4282973438748704,0.5717026561251303,1,1,2,0,2026-08-26T19:40:00Z,FanDuel,-120.0,105.0,2026-08-26T20:09:04Z,2026-08-26T20:09:30.556784Z,100.0,-110.0,2026-08-26T18:09:15Z,2026-08-26T18:09:29.020219Z,100.0,Arizona Diamondbacks,-108.0,FanDuel,2026-08-26T05:00:22.987020Z,won,92.59
2021+ Model,2026-08-27,822694,Washington Nationals,Colorado Rockies,Washington Nationals,Washington Nationals,1,True,Final,0.5664239015828659,0.433576098417134,0.5664239015828659,1,1,7,1,2026-08-27T17:05:00Z,FanDuel,-270.0,230.0,2026-08-27T18:17:07Z,2026-08-27T18:17:17.776213Z,-138.0,126.0,2026-08-27T16:16:45Z,2026-08-27T16:17:16.831325Z,100.0,Washington Nationals,-118.0,FanDuel,2026-08-27T05:00:32.775129Z,won,84.75
2021+ Model,2026-08-27,822771,Toronto Blue Jays,Kansas City Royals,Kansas City Royals,Kansas City Royals,1,True,Final,0.4721519171336917,0.527848082866309,0.527848082866309,0,0,2,13,2026-08-27T23:07:00Z,FanDuel,700.0,-900.0,2026-08-28T00:17:53Z,2026-08-28T00:18:22.382048Z,-102.0,-106.0,2026-08-27T22:17:20Z,2026-08-27T22:17:30.518121Z,100.0,Kansas City Royals,-110.0,FanDuel,2026-08-27T05:00:32.775129Z,won,90.91
2021+ Model,2026-08-27,823014,St. Louis Cardinals,Baltimore Orioles,St. Louis Cardinals,St. Louis Cardinals,1,True,Final,0.5882009347212788,0.4117990652787216,0.5882009347212788,1,1,7,5,2026-08-27T18:15:00Z,FanDuel,-650.0,500.0,2026-08-27T20:16:52Z,2026-08-27T20:17:29.020047Z,116.0,-126.0,2026-08-27T16:16:45Z,2026-08-27T16:17:16.831325Z,100.0,St. Louis Cardinals,100.0,FanDuel,2026-08-27T05:00:32.775129Z,won,100.0
2021+ Model,2026-08-27,823179,San Francisco Giants,Arizona Diamondbacks,Arizona Diamondbacks,San Francisco Giants,0,True,Final,0.476198656367448,0.5238013436325526,0.5238013436325526,0,1,6,1,2026-08-28T01:45:00Z,FanDuel,-4000.0,3000.0,2026-08-28T04:19:08Z,2026-08-28T04:19:21.669871Z,110.0,-118.0,2026-08-28T00:17:53Z,2026-08-28T00:18:22.382048Z,100.0,Arizona Diamondbacks,-116.0,FanDuel,2026-08-27T05:00:32.776129Z,lost,-100.0
2021+ Model,2026-08-27,823503,New York Yankees,Houston Astros,New York Yankees,Houston Astros,0,True,Final,0.5765576669845519,0.4234423330154479,0.5765576669845519,1,0,1,5,2026-08-27T23:05:00Z,FanDuel,105.0,-120.0,2026-08-28T00:17:53Z,2026-08-28T00:18:22.382048Z,-150.0,140.0,2026-08-27T22:17:20Z,2026-08-27T22:17:30.518121Z,100.0,New York Yankees,-152.0,FanDuel,2026-08-27T05:00:32.775129Z,lost,-100.0
2021+ Model,2026-08-27,823581,New York Mets,Milwaukee Brewers,Milwaukee Brewers,Milwaukee Brewers,1,True,Final,0.4876383860005776,0.5123616139994228,0.5123616139994228,0,0,2,8,2026-08-27T23:10:00Z,FanDuel,1900.0,-2400.0,2026-08-28T00:17:53Z,2026-08-28T00:18:22.382048Z,174.0,-186.0,2026-08-27T22:17:20Z,2026-08-27T22:17:30.518121Z,100.0,Milwaukee Brewers,-215.0,FanDuel,2026-08-27T05:00:32.776129Z,won,46.51
2021+ Model,2026-08-27,824879,Atlanta Braves,Los Angeles Dodgers,Los Angeles Dodgers,Atlanta Braves,0,True,Final,0.4945181696759479,0.505481830324053,0.505481830324053,0,1,1,0,2026-08-27T23:15:00Z,FanDuel,-230.0,200.0,2026-08-28T00:17:53Z,2026-08-28T00:18:22.382048Z,-114.0,104.0,2026-08-27T22:17:20Z,2026-08-27T22:17:30.518121Z,100.0,Los Angeles Dodgers,100.0,FanDuel,2026-08-27T05:00:32.776129Z,lost,-100.0
2021+ Model,2026-08-28,822691,Washington Nationals,Miami Marlins,Miami Marlins,Washington Nationals,0,True,Final,0.5091304478251031,0.4908695521748971,0.5091304478251031,0,1,9,2,2026-08-28T22:45:00Z,FanDuel,-112.0,-104.0,2026-08-29T03:14:15Z,2026-08-29T03:14:37.687796Z,122.0,-132.0,2026-08-28T21:12:42Z,2026-08-28T21:12:55.751263Z,100.0,Miami Marlins,-156.0,FanDuel,2026-08-28T05:00:29.871437Z,lost,-100.0
2021+ Model,2026-08-28,822769,Toronto Blue Jays,Seattle Mariners,Seattle Mariners,Toronto Blue Jays,0,True,Final,0.4975645136188262,0.5024354863811743,0.5024354863811743,0,1,8,1,2026-08-28T23:15:00Z,FanDuel,-126.0,108.0,2026-08-29T03:14:15Z,2026-08-29T03:14:37.687796Z,-138.0,128.0,2026-08-28T21:12:42Z,2026-08-28T21:12:55.751263Z,100.0,Seattle Mariners,128.0,FanDuel,2026-08-28T21:12:59.891249Z,lost,-100.0
2021+ Model,2026-08-28,822935,Tampa Bay Rays,San Diego Padres,San Diego Padres,Tampa Bay Rays,0,True,Final,0.5107375891887241,0.4892624108112767,0.5107375891887241,0,1,9,4,2026-08-28T23:10:00Z,FanDuel,-130.0,110.0,2026-08-29T03:14:15Z,2026-08-29T03:14:37.687796Z,-122.0,112.0,2026-08-28T21:12:43Z,2026-08-28T21:12:55.751263Z,100.0,Tampa Bay Rays,-134.0,FanDuel,2026-08-28T05:00:29.871437Z,won,74.63
2021+ Model,2026-08-28,823013,St. Louis Cardinals,Pittsburgh Pirates,St. Louis Cardinals,St. Louis Cardinals,1,True,Final,0.5298987230756109,0.4701012769243892,0.5298987230756109,1,1,4,1,2026-08-29T00:15:00Z,FanDuel,-310.0,280.0,2026-08-29T01:13:18Z,2026-08-29T01:14:29.289758Z,104.0,-112.0,2026-08-28T23:13:31Z,2026-08-28T23:13:34.566849Z,100.0,St. Louis Cardinals,-102.0,FanDuel,2026-08-28T05:00:29.872437Z,won,98.04
2021+ Model,2026-08-28,823178,San Francisco Giants,Arizona Diamondbacks,Arizona Diamondbacks,Arizona Diamondbacks,1,True,Final,0.4770021542623814,0.522997845737619,0.522997845737619,0,0,6,10,2026-08-29T02:15:00Z,FanDuel,500.0,-650.0,2026-08-29T03:14:15Z,2026-08-29T03:14:37.687796Z,104.0,-114.0,2026-08-29T01:13:46Z,2026-08-29T01:14:29.289758Z,100.0,Arizona Diamondbacks,3000.0,FanDuel,2026-08-28T05:00:29.872437Z,won,3000.0
2021+ Model,2026-08-28,823504,New York Yankees,Boston Red Sox,Boston Red Sox,New York Yankees,0,True,Final,0.5098335472890821,0.4901664527109186,0.5098335472890821,0,1,1,0,2026-08-28T23:15:00Z,FanDuel,-120.0,102.0,2026-08-29T03:14:15Z,2026-08-29T03:14:37.687796Z,-148.0,138.0,2026-08-28T21:12:42Z,2026-08-28T21:12:55.751263Z,100.0,Boston Red Sox,146.0,FanDuel,2026-08-28T05:00:29.872437Z,lost,-100.0
2021+ Model,2026-08-28,823583,New York Mets,Houston Astros,New York Mets,Houston Astros,0,True,Final,0.5306957955285867,0.4693042044714134,0.5306957955285867,1,0,1,3,2026-08-28T23:10:00Z,FanDuel,-144.0,122.0,2026-08-29T03:14:15Z,2026-08-29T03:14:37.687796Z,-104.0,-104.0,2026-08-28T21:12:43Z,2026-08-28T21:12:55.751263Z,100.0,New York Mets,108.0,FanDuel,2026-08-28T05:00:29.871437Z,lost,-100.0
2021+ Model,2026-08-28,823666,Minnesota Twins,Chicago White Sox,Chicago White Sox,Chicago White Sox,1,True,Final,0.477091032819907,0.5229089671800943,0.5229089671800943,0,0,4,7,2026-08-29T00:10:00Z,FanDuel,850.0,-1050.0,2026-08-29T03:14:15Z,2026-08-29T03:14:37.687796Z,-126.0,116.0,2026-08-28T23:13:31Z,2026-08-28T23:13:34.566849Z,100.0,Chicago White Sox,100.0,FanDuel,2026-08-28T05:00:29.872437Z,won,100.0
2021+ Model,2026-08-28,823744,Milwaukee Brewers,Texas Rangers,Milwaukee Brewers,Milwaukee Brewers,1,True,Final,0.5621270401835687,0.4378729598164316,0.5621270401835687,1,1,6,1,2026-08-28T23:40:00Z,FanDuel,-162.0,136.0,2026-08-29T03:14:15Z,2026-08-29T03:14:37.687796Z,-205.0,186.0,2026-08-28T23:13:31Z,2026-08-28T23:13:34.566849Z,100.0,Texas Rangers,154.0,FanDuel,2026-08-28T05:00:29.872437Z,lost,-100.0
2021+ Model,2026-08-28,823985,Los Angeles Angels,Philadelphia Phillies,Philadelphia Phillies,Philadelphia Phillies,1,True,Final,0.4893210836493601,0.5106789163506403,0.5106789163506403,0,0,3,5,2026-08-29T01:38:00Z,FanDuel,-650.0,500.0,2026-08-29T03:14:15Z,2026-08-29T03:14:37.687796Z,108.0,-116.0,2026-08-28T23:13:31Z,2026-08-28T23:13:34.566849Z,100.0,Los Angeles Angels,114.0,FanDuel,2026-08-28T05:00:29.872437Z,lost,-100.0
2021+ Model,2026-08-28,824231,Detroit Tigers,Los Angeles Dodgers,Los Angeles Dodgers,Los Angeles Dodgers,1,True,Final,0.4339305533559341,0.5660694466440661,0.5660694466440661,0,0,1,2,2026-08-28T22:40:00Z,FanDuel,152.0,-180.0,2026-08-29T03:14:15Z,2026-08-29T03:14:37.687796Z,162.0,-174.0,2026-08-28T21:12:43Z,2026-08-28T21:12:55.751263Z,100.0,Los Angeles Dodgers,-215.0,FanDuel,2026-08-28T05:00:29.871437Z,won,46.51
2021+ Model,2026-08-28,824396,Cleveland Guardians,Kansas City Royals,Cleveland Guardians,Kansas City Royals,0,True,Final,0.5431222150786704,0.4568777849213299,0.5431222150786704,1,0,0,3,2026-08-28T23:10:00Z,FanDuel,-152.0,128.0,2026-08-29T03:14:15Z,2026-08-29T03:14:37.687796Z,-134.0,124.0,2026-08-28T21:12:42Z,2026-08-28T21:12:55.751263Z,100.0,Cleveland Guardians,-138.0,FanDuel,2026-08-28T05:00:29.871437Z,lost,-100.0
2021+ Model,2026-08-28,824638,Chicago Cubs,Cincinnati Reds,Chicago Cubs,Cincinnati Reds,0,True,Final,0.5611819128845585,0.4388180871154414,0.5611819128845585,1,0,8,10,2026-08-28T18:20:00Z,FanDuel,-188.0,158.0,2026-08-29T03:14:15Z,2026-08-29T03:14:37.687796Z,-196.0,164.0,2026-08-28T06:19:14Z,2026-08-28T06:19:22.594330Z,100.0,Cincinnati Reds,164.0,FanDuel,2026-08-28T05:00:29.870437Z,won,164.0
2021+ Model,2026-08-28,824877,Atlanta Braves,Colorado Rockies,Atlanta Braves,Atlanta Braves,1,True,Final,0.5900669252005023,0.4099330747994978,0.5900669252005023,1,1,6,4,2026-08-28T23:15:00Z,FanDuel,-205.0,172.0,2026-08-29T03:14:15Z,2026-08-29T03:14:37.687796Z,-220.0,200.0,2026-08-28T21:12:42Z,2026-08-28T21:12:55.751263Z,100.0,Atlanta Braves,-220.0,FanDuel,2026-08-28T05:00:29.871437Z,won,45.45
2021+ Model,2026-08-28,824960,Athletics,Baltimore Orioles,Baltimore Orioles,Baltimore Orioles,1,True,Final,0.4529572215778897,0.5470427784221111,0.5470427784221111,0,0,3,4,2026-08-29T01:40:00Z,FanDuel,350.0,-410.0,2026-08-29T03:14:15Z,2026-08-29T03:14:37.687796Z,100.0,-108.0,2026-08-29T01:13:46Z,2026-08-29T01:14:29.289758Z,100.0,Baltimore Orioles,-108.0,FanDuel,2026-08-28T21:12:59.892250Z,won,92.59
2021+ Model,2026-08-29,822690,Washington Nationals,Miami Marlins,Miami Marlins,Washington Nationals,0,True,Final,0.4767658532532238,0.5232341467467769,0.5232341467467769,0,1,5,4,2026-08-29T20:05:00Z,FanDuel,-102.0,-116.0,2026-08-30T03:21:28Z,2026-08-30T03:21:35.166747Z,-104.0,-104.0,2026-08-29T19:19:53Z,2026-08-29T19:20:18.296318Z,100.0,Miami Marlins,-104.0,FanDuel,2026-08-29T05:00:40.443285Z,lost,-100.0
2021+ Model,2026-08-29,822770,Toronto Blue Jays,Seattle Mariners,Seattle Mariners,Toronto Blue Jays,0,True,Final,0.510634901544304,0.4893650984556965,0.510634901544304,0,1,4,3,2026-08-29T19:07:00Z,FanDuel,118.0,-138.0,2026-08-30T03:21:28Z,2026-08-30T03:21:35.166747Z,-108.0,100.0,2026-08-29T17:19:02Z,2026-08-29T17:19:19.786671Z,100.0,Seattle Mariners,108.0,FanDuel,2026-08-29T05:00:40.443285Z,lost,-100.0
2021+ Model,2026-08-29,822936,Tampa Bay Rays,San Diego Padres,Tampa Bay Rays,Tampa Bay Rays,1,True,Final,0.5521420411975314,0.4478579588024687,0.5521420411975314,1,1,7,6,2026-08-29T20:10:00Z,FanDuel,-164.0,138.0,2026-08-30T03:21:28Z,2026-08-30T03:21:35.166747Z,-126.0,116.0,2026-08-29T19:19:53Z,2026-08-29T19:20:18.296318Z,100.0,Tampa Bay Rays,-130.0,FanDuel,2026-08-29T05:00:40.443285Z,won,76.92
2021+ Model,2026-08-29,823011,St. Louis Cardinals,Pittsburgh Pirates,St. Louis Cardinals,Pittsburgh Pirates,0,True,Final,0.5465950877332773,0.4534049122667229,0.5465950877332773,1,0,2,6,2026-08-29T18:15:00Z,FanDuel,102.0,-120.0,2026-08-30T03:21:28Z,2026-08-30T03:21:35.166747Z,-120.0,110.0,2026-08-29T17:19:02Z,2026-08-29T17:19:19.786671Z,100.0,Pittsburgh Pirates,110.0,FanDuel,2026-08-29T05:15:28.257842Z,won,110.0
2021+ Model,2026-08-29,823176,San Francisco Giants,Arizona Diamondbacks,Arizona Diamondbacks,San Francisco Giants,0,True,Final,0.4636101874979861,0.536389812502014,0.536389812502014,0,1,7,2,2026-08-30T02:05:00Z,FanDuel,-185.0,165.0,2026-08-30T03:21:28Z,2026-08-30T03:21:35.166747Z,114.0,-124.0,2026-08-30T01:21:12Z,2026-08-30T01:21:25.067910Z,100.0,Arizona Diamondbacks,-650.0,FanDuel,2026-08-29T05:00:40.444285Z,lost,-100.0
2021+ Model,2026-08-29,823177,San Francisco Giants,Arizona Diamondbacks,Arizona Diamondbacks,Arizona Diamondbacks,1,True,Final,0.4698941808797499,0.5301058191202503,0.5301058191202503,0,0,1,7,2026-08-29T20:05:00Z,FanDuel,-185.0,165.0,2026-08-30T03:21:28Z,2026-08-30T03:21:35.166747Z,-102.0,-106.0,2026-08-29T19:19:53Z,2026-08-29T19:20:18.296318Z,100.0,Arizona Diamondbacks,-650.0,FanDuel,2026-08-29T05:00:40.443285Z,won,15.38
2021+ Model,2026-08-29,823501,New York Yankees,Boston Red Sox,Boston Red Sox,New York Yankees,0,True,Final,0.5091122601792535,0.4908877398207472,0.5091122601792535,0,1,9,2,2026-08-29T23:15:00Z,FanDuel,100.0,-118.0,2026-08-30T03:21:28Z,2026-08-30T03:21:35.166747Z,-138.0,126.0,2026-08-29T21:21:10Z,2026-08-29T21:21:18.659378Z,100.0,Boston Red Sox,102.0,FanDuel,2026-08-29T05:00:40.444285Z,lost,-100.0
2021+ Model,2026-08-29,823539,New York Yankees,Boston Red Sox,New York Yankees,Boston Red Sox,0,True,Final,0.5326849276900981,0.4673150723099021,0.5326849276900981,1,0,0,6,2026-08-29T17:05:00Z,FanDuel,100.0,-118.0,2026-08-30T03:21:28Z,2026-08-30T03:21:35.166747Z,-114.0,104.0,2026-08-29T15:18:14Z,2026-08-29T15:18:34.992713Z,100.0,Boston Red Sox,102.0,FanDuel,2026-08-29T05:00:40.442286Z,won,102.0
2021+ Model,2026-08-29,823582,New York Mets,Houston Astros,Houston Astros,New York Mets,0,True,Final,0.4796208565086839,0.5203791434913163,0.5203791434913163,0,1,6,2,2026-08-29T20:10:00Z,FanDuel,-120.0,102.0,2026-08-30T03:21:28Z,2026-08-30T03:21:35.166747Z,-150.0,140.0,2026-08-29T19:19:53Z,2026-08-29T19:20:18.296318Z,100.0,Houston Astros,122.0,FanDuel,2026-08-29T05:00:40.443285Z,lost,-100.0
2021+ Model,2026-08-29,823665,Minnesota Twins,Chicago White Sox,Chicago White Sox,Chicago White Sox,1,True,Final,0.4781520476969788,0.5218479523030217,0.5218479523030217,0,0,2,3,2026-08-29T18:10:00Z,FanDuel,-122.0,104.0,2026-08-30T03:21:28Z,2026-08-30T03:21:35.166747Z,-110.0,100.0,2026-08-29T17:19:02Z,2026-08-29T17:19:19.786671Z,100.0,Chicago White Sox,102.0,FanDuel,2026-08-29T05:00:40.442286Z,won,102.0
2021+ Model,2026-08-29,823741,Milwaukee Brewers,Texas Rangers,Milwaukee Brewers,Milwaukee Brewers,1,True,Final,0.5273437720622942,0.4726562279377057,0.5273437720622942,1,1,5,3,2026-08-29T23:15:00Z,FanDuel,-162.0,136.0,2026-08-30T03:21:28Z,2026-08-30T03:21:35.166747Z,-160.0,148.0,2026-08-29T21:21:10Z,2026-08-29T21:21:18.659378Z,100.0,Texas Rangers,136.0,FanDuel,2026-08-29T05:00:40.444285Z,lost,-100.0
2021+ Model,2026-08-29,823986,Los Angeles Angels,Philadelphia Phillies,Philadelphia Phillies,Philadelphia Phillies,1,True,Final,0.466190300323588,0.5338096996764122,0.5338096996764122,0,0,2,4,2026-08-30T02:07:00Z,FanDuel,300.0,-370.0,2026-08-30T03:21:28Z,2026-08-30T03:21:35.166747Z,210.0,-230.0,2026-08-30T01:21:12Z,2026-08-30T01:21:25.067910Z,100.0,Philadelphia Phillies,-245.0,FanDuel,2026-08-29T05:00:40.444285Z,won,40.82
2021+ Model,2026-08-29,824230,Detroit Tigers,Los Angeles Dodgers,Los Angeles Dodgers,Detroit Tigers,0,True,Final,0.4815589352661805,0.5184410647338201,0.5184410647338201,0,1,2,1,2026-08-29T17:10:00Z,FanDuel,136.0,-162.0,2026-08-30T03:21:28Z,2026-08-30T03:21:35.166747Z,162.0,-178.0,2026-08-29T15:18:14Z,2026-08-29T15:18:34.992713Z,100.0,Los Angeles Dodgers,-180.0,FanDuel,2026-08-29T05:00:40.442286Z,lost,-100.0
2021+ Model,2026-08-29,824392,Cleveland Guardians,Kansas City Royals,Kansas City Royals,Kansas City Royals,1,True,Final,0.5132689775179862,0.486731022482014,0.5132689775179862,0,0,3,8,2026-08-29T20:10:00Z,FanDuel,-205.0,172.0,2026-08-30T03:21:28Z,2026-08-30T03:21:35.166747Z,-158.0,146.0,2026-08-29T19:19:53Z,2026-08-29T19:20:18.296318Z,100.0,Cleveland Guardians,-152.0,FanDuel,2026-08-29T05:00:40.443285Z,lost,-100.0
2021+ Model,2026-08-29,824637,Chicago Cubs,Cincinnati Reds,Cincinnati Reds,Chicago Cubs,0,True,Final,0.5178825050457453,0.4821174949542547,0.5178825050457453,0,1,17,5,2026-08-29T18:20:00Z,FanDuel,-142.0,120.0,2026-08-30T03:21:28Z,2026-08-30T03:21:35.166747Z,-205.0,190.0,2026-08-29T17:19:02Z,2026-08-29T17:19:19.786671Z,100.0,Chicago Cubs,-188.0,FanDuel,2026-08-29T05:00:40.443285Z,won,53.19
2021+ Model,2026-08-29,824874,Atlanta Braves,Colorado Rockies,Atlanta Braves,Atlanta Braves,1,True,Final,0.6096143965988653,0.3903856034011339,0.6096143965988653,1,1,2,1,2026-08-29T20:10:00Z,FanDuel,-230.0,190.0,2026-08-30T03:21:28Z,2026-08-30T03:21:35.166747Z,-230.0,210.0,2026-08-29T19:19:53Z,2026-08-29T19:20:18.296318Z,100.0,Atlanta Braves,-205.0,FanDuel,2026-08-29T05:00:40.443285Z,won,48.78
2021+ Model,2026-08-29,824961,Athletics,Baltimore Orioles,Baltimore Orioles,Baltimore Orioles,1,True,Final,0.4372599327258684,0.5627400672741321,0.5627400672741321,0,0,3,5,2026-08-30T02:05:00Z,FanDuel,330.0,-390.0,2026-08-30T03:21:28Z,2026-08-30T03:21:35.166747Z,130.0,-140.0,2026-08-30T01:21:12Z,2026-08-30T01:21:25.067910Z,100.0,Baltimore Orioles,-410.0,FanDuel,2026-08-29T05:00:40.444285Z,won,24.39
2021+ Model,2026-08-30,822688,Washington Nationals,Miami Marlins,Miami Marlins,Miami Marlins,1,True,Final,0.4880800766696349,0.5119199233303663,0.5119199233303663,0,0,2,6,2026-08-30T16:15:00Z,FanDuel,102.0,-120.0,2026-08-31T03:28:09Z,2026-08-31T03:28:26.283998Z,-114.0,104.0,2026-08-30T15:25:28Z,2026-08-30T15:25:33.670856Z,100.0,Miami Marlins,-116.0,FanDuel,2026-08-30T05:00:32.125776Z,won,86.21
2021+ Model,2026-08-30,822766,Toronto Blue Jays,Seattle Mariners,Seattle Mariners,Toronto Blue Jays,0,True,Final,0.5084202539796754,0.4915797460203253,0.5084202539796754,0,1,7,0,2026-08-30T17:37:00Z,FanDuel,-6000.0,4300.0,2026-08-30T19:26:27Z,2026-08-30T19:26:33.699574Z,122.0,-132.0,2026-08-30T15:25:28Z,2026-08-30T15:25:33.670856Z,100.0,Seattle Mariners,-138.0,FanDuel,2026-08-30T05:00:32.125776Z,lost,-100.0
2021+ Model,2026-08-30,822933,Tampa Bay Rays,San Diego Padres,Tampa Bay Rays,Tampa Bay Rays,1,True,Final,0.5230241562088461,0.4769758437911547,0.5230241562088461,1,1,5,4,2026-08-30T17:40:00Z,FanDuel,250.0,-290.0,2026-08-30T19:26:27Z,2026-08-30T19:26:33.699574Z,-164.0,150.0,2026-08-30T15:25:28Z,2026-08-30T15:25:33.670856Z,100.0,Tampa Bay Rays,-164.0,FanDuel,2026-08-30T05:00:32.126775Z,won,60.98
2021+ Model,2026-08-30,823010,St. Louis Cardinals,Pittsburgh Pirates,St. Louis Cardinals,Pittsburgh Pirates,0,True,Final,0.5201847172512075,0.4798152827487932,0.5201847172512075,1,0,4,5,2026-08-30T18:15:00Z,FanDuel,550.0,-700.0,2026-08-30T19:26:27Z,2026-08-30T19:26:33.699574Z,110.0,-120.0,2026-08-30T17:26:26Z,2026-08-30T17:26:31.505155Z,100.0,St. Louis Cardinals,102.0,FanDuel,2026-08-30T05:00:32.126775Z,lost,-100.0
2021+ Model,2026-08-30,823502,New York Yankees,Boston Red Sox,Boston Red Sox,New York Yankees,0,True,Final,0.4991906391147402,0.5008093608852608,0.5008093608852608,0,1,16,1,2026-08-30T17:35:00Z,FanDuel,-4000.0,3100.0,2026-08-30T19:26:27Z,2026-08-30T19:26:33.699574Z,122.0,-130.0,2026-08-30T15:25:28Z,2026-08-30T15:25:33.670856Z,100.0,New York Yankees,100.0,FanDuel,2026-08-30T05:00:32.125776Z,won,100.0
2021+ Model,2026-08-30,823580,New York Mets,Houston Astros,New York Mets,Houston Astros,0,True,Final,0.540818195010938,0.4591818049890621,0.540818195010938,1,0,3,6,2026-08-30T19:10:00Z,FanDuel,1100.0,-1450.0,2026-08-30T21:27:20Z,2026-08-30T21:27:28.087071Z,-120.0,110.0,2026-08-30T17:26:26Z,2026-08-30T17:26:31.505155Z,100.0,Houston Astros,102.0,FanDuel,2026-08-30T05:00:32.126775Z,won,102.0
2021+ Model,2026-08-30,823662,Minnesota Twins,Chicago White Sox,Chicago White Sox,Minnesota Twins,0,True,Final,0.4564952834004851,0.5435047165995159,0.5435047165995159,0,1,5,1,2026-08-30T18:10:00Z,FanDuel,-2000.0,1400.0,2026-08-30T19:26:27Z,2026-08-30T19:26:33.699574Z,-114.0,104.0,2026-08-30T17:26:26Z,2026-08-30T17:26:31.505155Z,100.0,Chicago White Sox,104.0,FanDuel,2026-08-30T05:00:32.126775Z,lost,-100.0
2021+ Model,2026-08-30,823740,Milwaukee Brewers,Texas Rangers,Texas Rangers,Texas Rangers,1,True,Final,0.5092133340503924,0.4907866659496084,0.5092133340503924,0,0,4,7,2026-08-30T18:10:00Z,FanDuel,2400.0,-3000.0,2026-08-30T21:27:20Z,2026-08-30T21:27:28.087071Z,-154.0,142.0,2026-08-30T17:26:26Z,2026-08-30T17:26:31.505155Z,100.0,Milwaukee Brewers,-162.0,FanDuel,2026-08-30T05:00:32.126775Z,lost,-100.0
2021+ Model,2026-08-30,823987,Los Angeles Angels,Philadelphia Phillies,Philadelphia Phillies,Philadelphia Phillies,1,True,Final,0.4620024389643711,0.5379975610356292,0.5379975610356292,0,0,2,5,2026-08-30T20:07:00Z,FanDuel,155.0,-175.0,2026-08-30T21:27:20Z,2026-08-30T21:27:28.087071Z,148.0,-160.0,2026-08-30T19:26:27Z,2026-08-30T19:26:33.699574Z,100.0,Philadelphia Phillies,-188.0,FanDuel,2026-08-30T05:00:32.127775Z,won,53.19
2021+ Model,2026-08-30,824232,Detroit Tigers,Los Angeles Dodgers,Los Angeles Dodgers,Los Angeles Dodgers,1,True,Final,0.4314319022112411,0.5685680977887595,0.5685680977887595,0,0,1,6,2026-08-30T17:40:00Z,FanDuel,130.0,-145.0,2026-08-30T19:26:27Z,2026-08-30T19:26:33.699574Z,140.0,-150.0,2026-08-30T15:25:28Z,2026-08-30T15:25:33.670856Z,100.0,Los Angeles Dodgers,-162.0,FanDuel,2026-08-30T05:00:32.126775Z,won,61.73
2021+ Model,2026-08-30,824393,Cleveland Guardians,Kansas City Royals,Cleveland Guardians,Cleveland Guardians,1,True,Final,0.6048408263657685,0.3951591736342312,0.6048408263657685,1,1,11,1,2026-08-30T17:40:00Z,FanDuel,-178.0,164.0,2026-08-30T17:26:26Z,2026-08-30T17:26:31.505155Z,-178.0,164.0,2026-08-30T15:25:28Z,2026-08-30T15:25:33.670856Z,100.0,Cleveland Guardians,-205.0,FanDuel,2026-08-30T05:00:32.126775Z,won,48.78
2021+ Model,2026-08-30,824636,Chicago Cubs,Cincinnati Reds,Cincinnati Reds,Cincinnati Reds,1,True,Final,0.5012849162033656,0.4987150837966356,0.5012849162033656,0,0,5,7,2026-08-30T23:20:00Z,FanDuel,290.0,-340.0,2026-08-31T01:28:01Z,2026-08-31T01:28:25.017615Z,-150.0,140.0,2026-08-30T21:27:20Z,2026-08-30T21:27:28.087071Z,100.0,Cincinnati Reds,120.0,FanDuel,2026-08-30T05:00:32.127775Z,won,120.0
2021+ Model,2026-08-30,824876,Atlanta Braves,Colorado Rockies,Atlanta Braves,Atlanta Braves,1,True,Final,0.5632615587647091,0.436738441235291,0.5632615587647091,1,1,3,2,2026-08-30T17:35:00Z,FanDuel,-1000.0,800.0,2026-08-30T19:26:27Z,2026-08-30T19:26:33.699574Z,-235.0,215.0,2026-08-30T15:25:28Z,2026-08-30T15:25:33.670856Z,100.0,Atlanta Braves,-230.0,FanDuel,2026-08-30T05:00:32.125776Z,won,43.48
2021+ Model,2026-08-30,824959,Athletics,Baltimore Orioles,Baltimore Orioles,Baltimore Orioles,1,True,Final,0.4828306320890117,0.5171693679109892,0.5171693679109892,0,0,5,8,2026-08-30T20:05:00Z,FanDuel,-155.0,135.0,2026-08-30T21:27:20Z,2026-08-30T21:27:28.087071Z,134.0,-144.0,2026-08-30T19:26:27Z,2026-08-30T19:26:33.699574Z,100.0,Baltimore Orioles,-154.0,FanDuel,2026-08-30T05:00:32.127775Z,won,64.94
2021+ Model,2026-08-31,822689,Washington Nationals,Miami Marlins,Miami Marlins,Washington Nationals,0,True,Final,0.47873699298180566,0.521263007018196,0.521263007018196,0,1,6,3,2026-08-31T22:45:00Z,FanDuel,-110.0,-105.0,2026-08-31T23:34:53Z,2026-08-31T23:35:25.645035Z,106.0,-114.0,2026-08-31T21:34:26Z,2026-08-31T21:34:31.324005Z,100.0,Miami Marlins,-120.0,FanDuel,2026-08-31T05:00:36.432038Z,lost,-100.0
2021+ Model,2026-08-31,822855,Texas Rangers,Athletics,Athletics,Texas Rangers,0,True,Final,0.5143347180598726,0.4856652819401276,0.5143347180598726,0,1,8,1,2026-09-01T00:05:00Z,FanDuel,-188.0,158.0,2026-09-01T03:36:19Z,2026-09-01T03:36:22.450231Z,-210.0,194.0,2026-08-31T23:34:53Z,2026-08-31T23:35:25.645035Z,100.0,Athletics,180.0,FanDuel,2026-08-31T05:00:36.432038Z,lost,-100.0
2021+ Model,2026-08-31,822932,Tampa Bay Rays,New York Mets,Tampa Bay Rays,New York Mets,0,True,Final,0.5272815774239448,0.47271842257605584,0.5272815774239448,1,0,2,3,2026-08-31T22:40:00Z,FanDuel,-124.0,106.0,2026-09-01T03:36:19Z,2026-09-01T03:36:22.450231Z,-184.0,170.0,2026-08-31T21:34:26Z,2026-08-31T21:34:31.324005Z,100.0,Tampa Bay Rays,-162.0,FanDuel,2026-08-31T05:00:36.431040Z,lost,-100.0
2021+ Model,2026-08-31,823663,Minnesota Twins,Detroit Tigers,Minnesota Twins,Minnesota Twins,1,True,Final,0.5204751578281229,0.4795248421718785,0.5204751578281229,1,1,11,1,2026-08-31T23:40:00Z,FanDuel,-104.0,-112.0,2026-09-01T03:36:19Z,2026-09-01T03:36:22.450231Z,-118.0,110.0,2026-08-31T21:34:26Z,2026-08-31T21:34:31.324005Z,100.0,Minnesota Twins,-134.0,FanDuel,2026-08-31T05:00:36.432038Z,won,74.63
2021+ Model,2026-08-31,823982,Los Angeles Angels,New York Yankees,New York Yankees,Los Angeles Angels,0,True,Final,0.5199876489225908,0.4800123510774096,0.5199876489225908,0,1,10,1,2026-09-01T01:38:00Z,FanDuel,-10000.0,6000.0,2026-09-01T03:36:19Z,2026-09-01T03:36:22.450231Z,110.0,-120.0,2026-08-31T23:34:53Z,2026-08-31T23:35:25.645035Z,100.0,New York Yankees,-138.0,FanDuel,2026-08-31T05:00:36.432038Z,lost,-100.0
2021+ Model,2026-08-31,824149,Houston Astros,Chicago White Sox,Chicago White Sox,Houston Astros,0,True,Final,0.5155598901476501,0.4844401098523512,0.5155598901476501,0,1,6,3,2026-09-01T00:10:00Z,FanDuel,-230.0,200.0,2026-09-01T01:36:12Z,2026-09-01T01:36:17.187921Z,-126.0,118.0,2026-08-31T23:34:53Z,2026-08-31T23:35:25.645035Z,100.0,Chicago White Sox,116.0,FanDuel,2026-08-31T05:00:36.432038Z,lost,-100.0
2021+ Model,2026-08-31,824314,Colorado Rockies,Baltimore Orioles,Baltimore Orioles,Baltimore Orioles,1,True,Final,0.45877515271719543,0.5412248472828051,0.5412248472828051,0,0,1,2,2026-09-01T00:40:00Z,FanDuel,105.0,-120.0,2026-09-01T03:36:19Z,2026-09-01T03:36:22.450231Z,108.0,-118.0,2026-08-31T23:34:53Z,2026-08-31T23:35:25.645035Z,100.0,Baltimore Orioles,-136.0,FanDuel,2026-08-31T05:00:36.432038Z,won,73.53
2021+ Model,2026-08-31,824473,Cincinnati Reds,San Diego Padres,San Diego Padres,San Diego Padres,1,True,Final,0.4725167874970177,0.5274832125029837,0.5274832125029837,0,0,0,5,2026-08-31T22:40:00Z,FanDuel,114.0,-134.0,2026-09-01T03:36:19Z,2026-09-01T03:36:22.450231Z,134.0,-144.0,2026-08-31T21:34:26Z,2026-08-31T21:34:31.324005Z,100.0,San Diego Padres,-148.0,FanDuel,2026-08-31T05:00:36.431040Z,won,67.57
2021+ Model,2026-08-31,824635,Chicago Cubs,Milwaukee Brewers,Chicago Cubs,Chicago Cubs,1,True,Final,0.5213890635865522,0.4786109364134493,0.5213890635865522,1,1,17,3,2026-08-31T23:40:00Z,FanDuel,-126.0,108.0,2026-09-01T03:36:19Z,2026-09-01T03:36:22.450231Z,-108.0,100.0,2026-08-31T21:34:26Z,2026-08-31T21:34:31.324005Z,100.0,Chicago Cubs,-112.0,FanDuel,2026-08-31T05:00:36.432038Z,won,89.29
2021+ Model,2026-08-31,824719,Boston Red Sox,Seattle Mariners,Boston Red Sox,Boston Red Sox,1,True,Final,0.5821342102610404,0.4178657897389599,0.5821342102610404,1,1,9,8,2026-08-31T22:45:00Z,FanDuel,-124.0,106.0,2026-09-01T03:36:19Z,2026-09-01T03:36:22.450231Z,-154.0,142.0,2026-08-31T21:34:26Z,2026-08-31T21:34:31.324005Z,100.0,Boston Red Sox,-166.0,FanDuel,2026-08-31T05:00:36.432038Z,won,60.24
2021+ Model,2026-08-31,824911,Atlanta Braves,San Francisco Giants,Atlanta Braves,San Francisco Giants,0,True,Final,0.545279869116163,0.4547201308838377,0.545279869116163,1,0,3,7,2026-08-31T22:05:00Z,FanDuel,185.0,-210.0,2026-08-31T23:34:53Z,2026-08-31T23:35:25.645035Z,-205.0,190.0,2026-08-31T21:34:26Z,2026-08-31T21:34:31.324005Z,100.0,Atlanta Braves,-154.0,FanDuel,2026-08-31T05:00:36.431040Z,lost,-100.0
2021+ Model,2026-08-31,825040,Arizona Diamondbacks,Philadelphia Phillies,Philadelphia Phillies,Philadelphia Phillies,1,True,Final,0.5174488726627183,0.48255112733728256,0.5174488726627183,0,0,1,2,2026-09-01T01:40:00Z,FanDuel,250.0,-290.0,2026-09-01T03:36:19Z,2026-09-01T03:36:22.450231Z,102.0,-112.0,2026-08-31T23:34:53Z,2026-08-31T23:35:25.645035Z,100.0,Philadelphia Phillies,-118.0,FanDuel,2026-08-31T05:00:36.432038Z,won,84.75
